Time,AirTemp,Humidity,Pressure,Rainfall,TrackTemp,WindDirection,WindSpeed,Season,RoundNumber,RaceName
0 days 00:00:07.776000,15.8,91.0,1009.2,True,18.8,211,2.6,2025,1,Australian Grand Prix
0 days 00:01:07.777000,15.7,92.0,1009.2,True,18.8,273,2.6,2025,1,Australian Grand Prix
0 days 00:02:07.763000,15.7,92.0,1009.0,True,18.8,271,2.2,2025,1,Australian Grand Prix
0 days 00:03:07.777000,15.7,90.0,1009.1,True,18.8,261,5.3,2025,1,Australian Grand Prix
0 days 00:04:07.778000,15.7,90.0,1009.4,True,18.8,246,5.6,2025,1,Australian Grand Prix
0 days 00:05:07.767000,15.6,90.0,1009.2,True,18.8,264,3.9,2025,1,Australian Grand Prix
0 days 00:06:07.782000,15.6,90.0,1009.2,True,18.8,283,4.8,2025,1,Australian Grand Prix
0 days 00:07:07.767000,15.6,90.0,1009.1,True,18.8,267,3.2,2025,1,Australian Grand Prix
0 days 00:08:07.783000,15.6,90.0,1009.3,True,18.7,252,3.7,2025,1,Australian Grand Prix
0 days 00:09:07.785000,15.6,89.0,1009.1,False,18.7,274,3.4,2025,1,Australian Grand Prix
0 days 00:10:07.784000,15.6,89.0,1009.3,False,18.7,265,4.4,2025,1,Australian Grand Prix
0 days 00:11:07.807000,15.6,89.0,1009.1,False,18.7,269,4.6,2025,1,Australian Grand Prix
0 days 00:12:07.815000,15.6,88.0,1009.2,False,18.7,264,4.3,2025,1,Australian Grand Prix
0 days 00:13:07.826000,15.6,88.0,1009.1,False,18.7,275,5.1,2025,1,Australian Grand Prix
0 days 00:14:07.812000,15.6,88.0,1009.4,False,18.7,254,3.8,2025,1,Australian Grand Prix
0 days 00:15:07.831000,15.7,88.0,1009.3,False,18.7,256,3.2,2025,1,Australian Grand Prix
0 days 00:16:07.833000,15.7,88.0,1009.2,False,18.7,261,3.7,2025,1,Australian Grand Prix
0 days 00:17:07.822000,15.6,88.0,1009.2,False,18.7,267,2.9,2025,1,Australian Grand Prix
0 days 00:18:07.810000,15.6,87.0,1009.1,False,18.7,265,5.6,2025,1,Australian Grand Prix
0 days 00:19:07.815000,15.6,87.0,1009.2,False,18.7,258,4.1,2025,1,Australian Grand Prix
0 days 00:20:07.843000,15.6,87.0,1009.3,False,18.7,268,4.1,2025,1,Australian Grand Prix
0 days 00:21:07.832000,15.6,87.0,1009.3,False,18.7,245,4.5,2025,1,Australian Grand Prix
0 days 00:22:07.844000,15.6,87.0,1009.3,False,18.7,267,6.6,2025,1,Australian Grand Prix
0 days 00:23:07.862000,15.6,86.0,1009.4,False,18.7,280,5.3,2025,1,Australian Grand Prix
0 days 00:24:07.858000,15.5,86.0,1009.2,True,18.7,257,4.0,2025,1,Australian Grand Prix
0 days 00:25:07.873000,15.4,86.0,1009.3,True,18.7,267,6.9,2025,1,Australian Grand Prix
0 days 00:26:07.889000,15.4,87.0,1009.6,True,18.7,269,5.1,2025,1,Australian Grand Prix
0 days 00:27:07.916000,15.4,88.0,1009.3,True,18.7,255,5.9,2025,1,Australian Grand Prix
0 days 00:28:07.920000,15.3,87.0,1009.4,True,18.7,249,4.4,2025,1,Australian Grand Prix
0 days 00:29:07.970000,15.3,88.0,1009.5,True,18.7,254,4.3,2025,1,Australian Grand Prix
0 days 00:30:07.918000,15.2,88.0,1009.8,True,18.7,257,4.0,2025,1,Australian Grand Prix
0 days 00:31:07.920000,15.1,87.0,1009.5,True,18.5,250,3.3,2025,1,Australian Grand Prix
0 days 00:32:07.922000,15.1,87.0,1009.8,False,18.5,250,6.0,2025,1,Australian Grand Prix
0 days 00:33:07.925000,15.1,87.0,1009.7,False,18.5,255,3.0,2025,1,Australian Grand Prix
0 days 00:34:07.926000,15.1,87.0,1009.6,True,18.5,261,5.9,2025,1,Australian Grand Prix
0 days 00:35:07.922000,15.1,87.0,1009.6,True,18.5,261,5.9,2025,1,Australian Grand Prix
0 days 00:36:07.943000,15.2,87.0,1009.7,True,18.3,249,4.8,2025,1,Australian Grand Prix
0 days 00:37:07.950000,15.2,87.0,1009.6,True,18.3,263,4.0,2025,1,Australian Grand Prix
0 days 00:38:07.961000,15.2,87.0,1009.6,True,18.3,263,4.0,2025,1,Australian Grand Prix
0 days 00:39:07.966000,15.2,87.0,1009.6,True,18.3,285,4.3,2025,1,Australian Grand Prix
0 days 00:40:07.961000,15.2,87.0,1009.5,True,18.3,264,4.7,2025,1,Australian Grand Prix
0 days 00:41:07.970000,15.2,87.0,1009.4,True,18.3,221,4.5,2025,1,Australian Grand Prix
0 days 00:42:07.971000,15.2,87.0,1009.2,False,18.3,258,2.9,2025,1,Australian Grand Prix
0 days 00:43:07.976000,15.3,86.0,1009.5,False,18.6,250,6.1,2025,1,Australian Grand Prix
0 days 00:44:07.972000,15.2,87.0,1009.5,False,18.6,250,4.6,2025,1,Australian Grand Prix
0 days 00:45:07.979000,15.3,86.0,1009.6,False,18.6,253,5.1,2025,1,Australian Grand Prix
0 days 00:46:08.012000,15.2,85.0,1009.3,False,18.6,280,5.1,2025,1,Australian Grand Prix
0 days 00:47:08.012000,15.3,83.0,1009.4,False,18.7,286,3.8,2025,1,Australian Grand Prix
0 days 00:48:08.029000,15.2,83.0,1009.5,False,18.7,268,4.2,2025,1,Australian Grand Prix
0 days 00:49:08.033000,15.2,82.0,1009.4,False,18.7,277,4.1,2025,1,Australian Grand Prix
0 days 00:50:08.045000,15.2,81.0,1009.5,False,18.7,259,3.4,2025,1,Australian Grand Prix
0 days 00:51:08.030000,15.2,81.0,1009.5,False,18.7,276,3.6,2025,1,Australian Grand Prix
0 days 00:52:08.059000,15.1,80.0,1009.5,False,18.7,269,3.4,2025,1,Australian Grand Prix
0 days 00:53:08.035000,15.3,80.0,1009.6,False,18.7,273,2.7,2025,1,Australian Grand Prix
0 days 00:54:08.059000,15.3,79.0,1009.5,False,18.9,295,3.3,2025,1,Australian Grand Prix
0 days 00:55:08.093000,15.3,78.0,1009.4,False,18.9,285,2.1,2025,1,Australian Grand Prix
0 days 00:56:08.112000,15.4,76.0,1009.5,False,18.9,271,4.0,2025,1,Australian Grand Prix
0 days 00:57:08.109000,15.4,76.0,1009.5,False,18.9,256,3.7,2025,1,Australian Grand Prix
0 days 00:58:08.114000,15.4,74.0,1009.5,False,18.9,297,4.6,2025,1,Australian Grand Prix
0 days 00:59:08.095000,15.4,73.0,1009.5,False,18.9,275,4.1,2025,1,Australian Grand Prix
0 days 01:00:08.096000,15.4,73.0,1009.4,False,18.9,282,4.3,2025,1,Australian Grand Prix
0 days 01:01:08.096000,15.5,73.0,1009.5,False,18.9,263,3.3,2025,1,Australian Grand Prix
0 days 01:02:08.134000,15.6,75.0,1009.5,False,19.0,281,2.0,2025,1,Australian Grand Prix
0 days 01:03:08.149000,15.6,74.0,1009.5,False,19.0,208,5.6,2025,1,Australian Grand Prix
0 days 01:04:08.148000,15.6,74.0,1009.6,False,19.0,249,3.6,2025,1,Australian Grand Prix
0 days 01:05:08.170000,15.6,74.0,1009.7,False,19.0,286,3.1,2025,1,Australian Grand Prix
0 days 01:06:08.155000,15.6,75.0,1009.8,False,19.0,254,4.3,2025,1,Australian Grand Prix
0 days 01:07:08.167000,15.6,74.0,1009.8,False,19.0,257,5.1,2025,1,Australian Grand Prix
0 days 01:08:08.178000,15.7,74.0,1009.8,False,19.0,230,5.6,2025,1,Australian Grand Prix
0 days 01:09:08.172000,15.8,73.0,1009.8,False,19.0,254,5.1,2025,1,Australian Grand Prix
0 days 01:10:08.185000,15.7,74.0,1009.8,False,19.0,257,3.8,2025,1,Australian Grand Prix
0 days 01:11:08.207000,15.7,74.0,1010.2,False,19.2,253,3.9,2025,1,Australian Grand Prix
0 days 01:12:08.186000,15.8,74.0,1010.0,False,19.2,268,3.5,2025,1,Australian Grand Prix
0 days 01:13:08.207000,15.8,75.0,1009.9,False,19.2,264,3.7,2025,1,Australian Grand Prix
0 days 01:14:08.204000,15.8,75.0,1010.0,True,19.2,251,5.2,2025,1,Australian Grand Prix
0 days 01:15:08.222000,15.8,75.0,1009.9,True,19.2,301,4.6,2025,1,Australian Grand Prix
0 days 01:16:08.255000,15.8,76.0,1009.9,False,19.2,263,3.0,2025,1,Australian Grand Prix
0 days 01:17:08.247000,15.8,75.0,1010.0,True,19.2,266,5.1,2025,1,Australian Grand Prix
0 days 01:18:08.264000,15.8,73.0,1009.9,True,19.2,270,4.9,2025,1,Australian Grand Prix
0 days 01:19:08.272000,15.8,74.0,1009.8,True,19.0,278,3.3,2025,1,Australian Grand Prix
0 days 01:20:08.262000,15.8,76.0,1009.9,True,19.0,273,3.9,2025,1,Australian Grand Prix
0 days 01:21:08.288000,15.8,76.0,1009.9,True,19.0,264,3.4,2025,1,Australian Grand Prix
0 days 01:22:08.307000,15.9,76.0,1010.1,True,19.0,260,3.5,2025,1,Australian Grand Prix
0 days 01:23:08.292000,15.8,76.0,1009.9,False,19.0,260,2.6,2025,1,Australian Grand Prix
0 days 01:24:08.292000,15.8,75.0,1010.0,False,19.0,265,3.9,2025,1,Australian Grand Prix
0 days 01:25:08.318000,15.8,75.0,1009.9,False,19.0,258,3.7,2025,1,Australian Grand Prix
0 days 01:26:08.297000,15.9,76.0,1010.0,False,19.0,262,3.3,2025,1,Australian Grand Prix
0 days 01:27:08.314000,15.9,75.0,1009.9,False,19.1,255,4.7,2025,1,Australian Grand Prix
0 days 01:28:08.322000,15.9,75.0,1009.8,False,19.1,241,4.5,2025,1,Australian Grand Prix
0 days 01:29:08.326000,15.9,76.0,1010.0,False,19.1,288,1.9,2025,1,Australian Grand Prix
0 days 01:30:08.352000,15.9,74.0,1009.9,False,19.1,209,3.4,2025,1,Australian Grand Prix
0 days 01:31:08.336000,15.9,74.0,1010.1,False,19.1,282,4.1,2025,1,Australian Grand Prix
0 days 01:32:08.336000,15.9,76.0,1010.0,False,19.1,253,2.5,2025,1,Australian Grand Prix
0 days 01:33:08.339000,15.9,74.0,1010.1,False,19.1,239,4.3,2025,1,Australian Grand Prix
0 days 01:34:08.349000,16.0,74.0,1010.2,False,19.1,259,3.6,2025,1,Australian Grand Prix
0 days 01:35:08.353000,16.0,75.0,1010.1,False,19.3,217,2.6,2025,1,Australian Grand Prix
0 days 01:36:08.381000,15.9,74.0,1010.0,False,19.3,240,3.1,2025,1,Australian Grand Prix
0 days 01:37:08.371000,16.0,75.0,1010.1,False,19.3,254,3.3,2025,1,Australian Grand Prix
0 days 01:38:08.397000,16.0,74.0,1010.1,True,19.3,175,3.4,2025,1,Australian Grand Prix
0 days 01:39:08.406000,16.0,75.0,1010.2,True,19.3,268,2.8,2025,1,Australian Grand Prix
0 days 01:40:08.441000,16.0,75.0,1009.9,False,19.3,250,2.3,2025,1,Australian Grand Prix
0 days 01:41:08.443000,16.0,73.0,1010.0,True,19.3,245,2.6,2025,1,Australian Grand Prix
0 days 01:42:08.455000,16.0,74.0,1010.0,True,19.3,268,2.2,2025,1,Australian Grand Prix
0 days 01:43:08.507000,16.1,74.0,1009.9,True,19.4,249,2.6,2025,1,Australian Grand Prix
0 days 01:44:08.517000,16.0,73.0,1010.2,True,19.4,282,3.8,2025,1,Australian Grand Prix
0 days 01:45:08.482000,16.0,74.0,1010.1,True,19.4,229,3.9,2025,1,Australian Grand Prix
0 days 01:46:08.482000,16.1,75.0,1010.2,True,19.4,273,1.9,2025,1,Australian Grand Prix
0 days 01:47:08.477000,16.0,74.0,1010.1,True,19.4,252,3.0,2025,1,Australian Grand Prix
0 days 01:48:08.464000,16.0,74.0,1010.1,True,19.4,278,3.7,2025,1,Australian Grand Prix
0 days 01:49:08.458000,16.0,75.0,1010.2,True,19.4,232,2.5,2025,1,Australian Grand Prix
0 days 01:50:08.480000,16.0,76.0,1010.3,True,19.2,242,3.8,2025,1,Australian Grand Prix
0 days 01:51:08.477000,15.9,75.0,1010.3,True,19.2,231,3.4,2025,1,Australian Grand Prix
0 days 01:52:08.471000,15.9,76.0,1010.2,True,19.2,283,2.4,2025,1,Australian Grand Prix
0 days 01:53:08.485000,15.9,76.0,1010.2,True,19.2,275,2.0,2025,1,Australian Grand Prix
0 days 01:54:08.482000,15.8,77.0,1010.1,False,19.2,257,2.6,2025,1,Australian Grand Prix
0 days 01:55:08.489000,15.7,75.0,1010.1,False,19.2,257,3.6,2025,1,Australian Grand Prix
0 days 01:56:08.487000,15.7,76.0,1010.1,False,19.2,257,3.7,2025,1,Australian Grand Prix
0 days 01:57:08.482000,15.7,78.0,1010.2,True,19.2,208,2.4,2025,1,Australian Grand Prix
0 days 01:58:08.485000,15.8,77.0,1010.2,False,19.2,270,3.1,2025,1,Australian Grand Prix
0 days 01:59:08.477000,15.7,77.0,1010.1,False,19.1,249,3.2,2025,1,Australian Grand Prix
0 days 02:00:08.483000,15.7,77.0,1010.2,False,19.1,229,2.5,2025,1,Australian Grand Prix
0 days 02:01:08.485000,15.7,78.0,1010.1,False,19.1,261,2.3,2025,1,Australian Grand Prix
0 days 02:02:08.518000,15.7,77.0,1010.1,False,19.1,250,2.7,2025,1,Australian Grand Prix
0 days 02:03:08.513000,15.7,77.0,1010.1,False,19.1,218,3.1,2025,1,Australian Grand Prix
0 days 02:04:08.525000,15.8,77.0,1010.1,False,19.1,256,2.5,2025,1,Australian Grand Prix
0 days 02:05:08.535000,15.8,77.0,1010.1,False,19.1,245,2.1,2025,1,Australian Grand Prix
0 days 02:06:08.539000,15.8,71.0,1010.1,False,19.1,248,4.4,2025,1,Australian Grand Prix
0 days 02:07:08.539000,15.9,71.0,1010.1,False,19.0,232,4.3,2025,1,Australian Grand Prix
0 days 02:08:08.578000,15.9,71.0,1009.8,False,19.0,267,1.2,2025,1,Australian Grand Prix
0 days 02:09:08.623000,16.1,71.0,1010.1,False,19.0,251,3.6,2025,1,Australian Grand Prix
0 days 02:10:08.634000,16.1,71.0,1010.1,False,19.0,296,2.9,2025,1,Australian Grand Prix
0 days 02:11:08.616000,16.1,70.0,1010.2,False,19.0,253,4.9,2025,1,Australian Grand Prix
0 days 02:12:08.619000,16.1,72.0,1010.2,False,19.0,267,2.5,2025,1,Australian Grand Prix
0 days 02:13:08.618000,16.1,71.0,1010.3,False,19.0,282,3.9,2025,1,Australian Grand Prix
0 days 02:14:08.621000,16.1,71.0,1010.3,False,19.2,259,3.7,2025,1,Australian Grand Prix
0 days 02:15:08.622000,16.2,70.0,1010.3,False,19.2,268,3.1,2025,1,Australian Grand Prix
0 days 02:16:08.623000,16.2,71.0,1010.3,False,19.2,239,3.3,2025,1,Australian Grand Prix
0 days 02:17:08.620000,16.3,71.0,1010.3,False,19.2,277,4.0,2025,1,Australian Grand Prix
0 days 02:18:08.651000,16.3,69.0,1010.3,False,19.2,253,3.2,2025,1,Australian Grand Prix
0 days 02:19:08.662000,16.3,68.0,1010.3,False,19.2,254,3.9,2025,1,Australian Grand Prix
0 days 02:20:08.661000,16.3,70.0,1010.3,False,19.2,258,3.5,2025,1,Australian Grand Prix
0 days 02:21:08.675000,16.4,69.0,1010.3,False,19.2,270,4.6,2025,1,Australian Grand Prix
0 days 02:22:08.662000,16.4,68.0,1009.8,False,19.2,265,3.7,2025,1,Australian Grand Prix
0 days 02:23:08.709000,16.4,68.0,1010.3,False,19.2,284,4.8,2025,1,Australian Grand Prix
0 days 02:24:08.722000,16.4,69.0,1010.3,False,19.3,255,3.6,2025,1,Australian Grand Prix
0 days 02:25:08.722000,16.5,70.0,1010.4,False,19.3,232,4.7,2025,1,Australian Grand Prix
0 days 02:26:08.699000,16.5,69.0,1010.4,False,19.3,262,3.9,2025,1,Australian Grand Prix
0 days 02:27:08.723000,16.6,68.0,1010.6,False,19.3,222,5.1,2025,1,Australian Grand Prix
0 days 02:28:08.726000,16.6,71.0,1010.7,False,19.3,280,2.2,2025,1,Australian Grand Prix
0 days 02:29:08.726000,16.6,75.0,1010.5,False,19.3,201,1.3,2025,1,Australian Grand Prix
0 days 02:30:08.727000,16.4,76.0,1010.4,True,19.3,166,2.5,2025,1,Australian Grand Prix
0 days 02:31:08.729000,16.1,77.0,1010.3,True,19.3,0,3.5,2025,1,Australian Grand Prix
0 days 02:32:08.706000,15.9,80.0,1010.3,True,19.3,141,1.4,2025,1,Australian Grand Prix
0 days 02:33:08.744000,15.7,80.0,1010.4,True,19.3,144,1.8,2025,1,Australian Grand Prix
0 days 02:34:08.743000,15.5,80.0,1010.4,True,19.3,132,2.1,2025,1,Australian Grand Prix
0 days 02:35:08.747000,15.3,80.0,1010.5,True,19.3,176,1.6,2025,1,Australian Grand Prix
0 days 02:36:08.760000,15.2,81.0,1010.5,True,18.8,166,1.3,2025,1,Australian Grand Prix
0 days 02:37:08.783000,15.1,81.0,1010.5,True,18.8,140,1.3,2025,1,Australian Grand Prix
0 days 02:38:08.787000,15.1,83.0,1010.6,True,18.8,238,0.7,2025,1,Australian Grand Prix
0 days 02:39:08.829000,15.1,82.0,1010.6,False,18.8,146,2.2,2025,1,Australian Grand Prix
0 days 02:40:08.828000,15.1,83.0,1010.6,False,18.8,96,1.3,2025,1,Australian Grand Prix
0 days 02:41:08.814000,15.1,83.0,1010.6,False,18.8,0,2.2,2025,1,Australian Grand Prix
0 days 02:42:08.857000,15.2,83.0,1010.6,False,18.8,196,1.5,2025,1,Australian Grand Prix
0 days 02:43:08.893000,15.1,81.0,1010.5,False,18.8,2,1.8,2025,1,Australian Grand Prix
0 days 02:44:08.874000,15.1,80.0,1010.7,False,18.8,139,1.5,2025,1,Australian Grand Prix
0 days 02:45:08.874000,15.1,78.0,1010.6,False,18.7,161,1.4,2025,1,Australian Grand Prix
0 days 02:46:08.966000,15.2,77.0,1010.4,False,18.7,161,1.6,2025,1,Australian Grand Prix
0 days 02:47:08.920000,15.4,77.0,1010.6,False,18.7,154,2.3,2025,1,Australian Grand Prix
0 days 02:48:08.921000,15.6,75.0,1010.6,False,18.7,228,2.6,2025,1,Australian Grand Prix
0 days 02:49:08.951000,15.8,76.0,1010.4,False,18.7,159,1.3,2025,1,Australian Grand Prix
0 days 02:50:08.980000,15.9,74.0,1010.5,False,18.7,199,1.5,2025,1,Australian Grand Prix
0 days 02:51:08.992000,16.0,71.0,1010.5,False,18.7,214,1.2,2025,1,Australian Grand Prix
0 days 02:52:08.996000,16.1,72.0,1010.4,False,18.7,156,0.8,2025,1,Australian Grand Prix
0 days 02:53:09.006000,16.1,72.0,1010.4,False,18.7,170,1.4,2025,1,Australian Grand Prix
0 days 02:54:09.025000,16.2,72.0,1010.6,False,18.7,216,2.4,2025,1,Australian Grand Prix
0 days 02:55:09.010000,16.2,71.0,1010.4,False,18.7,215,2.8,2025,1,Australian Grand Prix
0 days 02:56:09.020000,16.2,71.0,1010.4,False,18.7,215,2.8,2025,1,Australian Grand Prix
0 days 02:57:09.022000,16.2,71.0,1010.4,False,18.7,215,2.8,2025,1,Australian Grand Prix
0 days 00:00:44.889000,27.5,16.0,1011.2,False,42.2,230,2.7,2025,2,Chinese Grand Prix
0 days 00:01:44.889000,27.5,16.0,1011.3,False,42.2,258,2.6,2025,2,Chinese Grand Prix
0 days 00:02:44.910000,27.6,16.0,1011.3,False,42.5,244,2.1,2025,2,Chinese Grand Prix
0 days 00:03:44.920000,27.6,16.0,1011.3,False,42.6,254,2.1,2025,2,Chinese Grand Prix
0 days 00:04:44.942000,27.7,16.0,1011.3,False,42.7,248,3.3,2025,2,Chinese Grand Prix
0 days 00:05:44.940000,27.7,15.0,1011.4,False,42.9,247,3.2,2025,2,Chinese Grand Prix
0 days 00:06:44.941000,27.8,15.0,1011.2,False,43.0,256,2.4,2025,2,Chinese Grand Prix
0 days 00:07:44.960000,27.8,15.0,1011.2,False,43.0,242,1.9,2025,2,Chinese Grand Prix
0 days 00:08:44.960000,27.8,15.0,1011.2,False,43.0,229,1.5,2025,2,Chinese Grand Prix
0 days 00:09:44.942000,27.8,15.0,1011.1,False,43.0,250,0.9,2025,2,Chinese Grand Prix
0 days 00:10:44.944000,27.9,15.0,1011.1,False,42.5,232,0.7,2025,2,Chinese Grand Prix
0 days 00:11:44.951000,28.0,15.0,1011.3,False,42.4,233,1.5,2025,2,Chinese Grand Prix
0 days 00:12:44.966000,28.1,15.0,1011.2,False,42.5,261,2.1,2025,2,Chinese Grand Prix
0 days 00:13:44.963000,28.1,15.0,1011.2,False,42.7,240,2.2,2025,2,Chinese Grand Prix
0 days 00:14:44.956000,28.1,15.0,1011.1,False,42.7,239,1.4,2025,2,Chinese Grand Prix
0 days 00:15:44.965000,28.0,14.0,1011.1,False,42.7,237,2.7,2025,2,Chinese Grand Prix
0 days 00:16:44.965000,27.9,15.0,1011.0,False,42.4,237,2.3,2025,2,Chinese Grand Prix
0 days 00:17:44.949000,27.7,15.0,1011.0,False,42.4,253,2.2,2025,2,Chinese Grand Prix
0 days 00:18:44.963000,27.8,15.0,1011.0,False,41.9,265,1.9,2025,2,Chinese Grand Prix
0 days 00:19:44.968000,27.7,15.0,1011.0,False,41.8,239,2.2,2025,2,Chinese Grand Prix
0 days 00:20:44.968000,27.7,15.0,1011.0,False,41.2,220,2.1,2025,2,Chinese Grand Prix
0 days 00:21:44.971000,27.8,15.0,1010.9,False,40.5,222,2.0,2025,2,Chinese Grand Prix
0 days 00:22:44.969000,27.8,15.0,1010.9,False,40.2,240,2.8,2025,2,Chinese Grand Prix
0 days 00:23:44.968000,27.7,16.0,1010.8,False,39.9,237,2.4,2025,2,Chinese Grand Prix
0 days 00:24:44.968000,27.6,16.0,1010.9,False,39.9,235,2.3,2025,2,Chinese Grand Prix
0 days 00:25:44.988000,27.6,16.0,1010.8,False,40.2,247,2.2,2025,2,Chinese Grand Prix
0 days 00:26:45.013000,27.6,16.0,1010.8,False,40.2,252,2.1,2025,2,Chinese Grand Prix
0 days 00:27:45.008000,27.5,16.0,1010.9,False,39.4,235,2.9,2025,2,Chinese Grand Prix
0 days 00:28:45.009000,27.6,16.0,1010.8,False,38.9,249,2.3,2025,2,Chinese Grand Prix
0 days 00:29:45.025000,27.6,16.0,1010.7,False,38.6,248,1.6,2025,2,Chinese Grand Prix
0 days 00:30:45.025000,27.5,16.0,1010.8,False,38.6,239,2.7,2025,2,Chinese Grand Prix
0 days 00:31:45.042000,27.4,16.0,1010.8,False,38.5,244,2.7,2025,2,Chinese Grand Prix
0 days 00:32:45.040000,27.2,17.0,1010.7,False,38.5,266,2.3,2025,2,Chinese Grand Prix
0 days 00:33:45.057000,27.2,17.0,1010.8,False,38.5,249,2.4,2025,2,Chinese Grand Prix
0 days 00:34:45.065000,27.3,17.0,1010.8,False,38.3,244,2.3,2025,2,Chinese Grand Prix
0 days 00:35:45.069000,27.3,17.0,1010.8,False,38.2,258,2.5,2025,2,Chinese Grand Prix
0 days 00:36:45.068000,27.3,17.0,1010.7,False,38.0,245,2.1,2025,2,Chinese Grand Prix
0 days 00:37:45.074000,27.3,17.0,1010.7,False,37.9,280,2.2,2025,2,Chinese Grand Prix
0 days 00:38:45.074000,27.3,17.0,1010.6,False,37.8,244,2.8,2025,2,Chinese Grand Prix
0 days 00:39:45.078000,27.2,18.0,1010.6,False,37.8,234,1.3,2025,2,Chinese Grand Prix
0 days 00:40:45.078000,27.1,18.0,1010.6,False,37.7,257,1.0,2025,2,Chinese Grand Prix
0 days 00:41:45.082000,27.3,17.0,1010.6,False,37.2,231,1.6,2025,2,Chinese Grand Prix
0 days 00:42:45.107000,27.4,18.0,1010.5,False,37.2,240,1.8,2025,2,Chinese Grand Prix
0 days 00:43:45.120000,27.4,17.0,1010.5,False,37.2,246,1.9,2025,2,Chinese Grand Prix
0 days 00:44:45.108000,27.4,17.0,1010.6,False,36.8,252,1.7,2025,2,Chinese Grand Prix
0 days 00:45:45.122000,27.4,17.0,1010.6,False,37.4,268,2.2,2025,2,Chinese Grand Prix
0 days 00:46:45.105000,27.4,17.0,1010.5,False,37.5,280,3.3,2025,2,Chinese Grand Prix
0 days 00:47:45.106000,27.4,17.0,1010.6,False,37.4,234,2.9,2025,2,Chinese Grand Prix
0 days 00:48:45.106000,27.3,17.0,1010.5,False,37.4,260,2.2,2025,2,Chinese Grand Prix
0 days 00:49:45.112000,27.2,17.0,1010.6,False,37.4,251,3.0,2025,2,Chinese Grand Prix
0 days 00:50:45.110000,27.3,17.0,1010.5,False,37.3,251,4.0,2025,2,Chinese Grand Prix
0 days 00:51:45.108000,27.3,17.0,1010.5,False,37.2,241,3.1,2025,2,Chinese Grand Prix
0 days 00:52:45.130000,27.3,17.0,1010.4,False,36.8,249,2.9,2025,2,Chinese Grand Prix
0 days 00:53:45.115000,27.3,17.0,1010.5,False,35.0,240,2.7,2025,2,Chinese Grand Prix
0 days 00:54:45.111000,27.3,18.0,1010.4,False,36.1,238,2.6,2025,2,Chinese Grand Prix
0 days 00:55:45.114000,27.3,18.0,1010.4,False,36.1,242,2.1,2025,2,Chinese Grand Prix
0 days 00:56:45.132000,27.3,18.0,1010.3,False,36.0,272,2.0,2025,2,Chinese Grand Prix
0 days 00:57:45.112000,27.3,18.0,1010.4,False,35.9,257,1.7,2025,2,Chinese Grand Prix
0 days 00:58:45.115000,27.3,18.0,1010.4,False,35.9,261,1.8,2025,2,Chinese Grand Prix
0 days 00:59:45.130000,27.3,18.0,1010.4,False,35.8,249,1.8,2025,2,Chinese Grand Prix
0 days 01:00:45.122000,27.3,18.0,1010.4,False,35.6,264,2.2,2025,2,Chinese Grand Prix
0 days 01:01:45.117000,27.4,18.0,1010.4,False,35.6,233,2.7,2025,2,Chinese Grand Prix
0 days 01:02:45.128000,27.4,18.0,1010.4,False,35.5,254,2.9,2025,2,Chinese Grand Prix
0 days 01:03:45.121000,27.3,18.0,1010.4,False,35.1,259,3.0,2025,2,Chinese Grand Prix
0 days 01:04:45.134000,27.3,18.0,1010.4,False,35.0,258,3.0,2025,2,Chinese Grand Prix
0 days 01:05:45.159000,27.4,18.0,1010.3,False,35.0,243,3.0,2025,2,Chinese Grand Prix
0 days 01:06:45.188000,27.3,18.0,1010.3,False,34.9,238,2.0,2025,2,Chinese Grand Prix
0 days 01:07:45.191000,27.3,18.0,1010.3,False,34.9,0,2.4,2025,2,Chinese Grand Prix
0 days 01:08:45.209000,27.3,18.0,1010.3,False,35.0,252,1.8,2025,2,Chinese Grand Prix
0 days 01:09:45.219000,27.3,18.0,1010.2,False,35.0,207,1.2,2025,2,Chinese Grand Prix
0 days 01:10:45.225000,27.4,18.0,1010.2,False,35.3,257,2.1,2025,2,Chinese Grand Prix
0 days 01:11:45.244000,27.4,18.0,1010.3,False,35.4,248,1.0,2025,2,Chinese Grand Prix
0 days 01:12:45.243000,27.5,17.0,1010.3,False,35.4,244,2.8,2025,2,Chinese Grand Prix
0 days 01:13:45.245000,27.5,18.0,1010.3,False,35.3,216,2.3,2025,2,Chinese Grand Prix
0 days 01:14:45.262000,27.5,18.0,1010.2,False,35.3,252,2.2,2025,2,Chinese Grand Prix
0 days 01:15:45.264000,27.5,17.0,1010.3,False,35.0,179,3.2,2025,2,Chinese Grand Prix
0 days 01:16:45.263000,27.5,18.0,1010.3,False,35.0,237,1.9,2025,2,Chinese Grand Prix
0 days 01:17:45.259000,27.6,17.0,1010.2,False,34.6,252,2.7,2025,2,Chinese Grand Prix
0 days 01:18:45.265000,27.6,18.0,1010.2,False,34.5,248,1.9,2025,2,Chinese Grand Prix
0 days 01:19:45.264000,27.5,18.0,1010.2,False,34.4,239,2.3,2025,2,Chinese Grand Prix
0 days 01:20:45.266000,27.4,18.0,1010.2,False,34.4,253,3.0,2025,2,Chinese Grand Prix
0 days 01:21:45.267000,27.4,18.0,1010.2,False,34.2,245,2.8,2025,2,Chinese Grand Prix
0 days 01:22:45.265000,27.3,18.0,1010.2,False,34.1,254,2.8,2025,2,Chinese Grand Prix
0 days 01:23:45.274000,27.2,18.0,1010.2,False,34.0,245,3.1,2025,2,Chinese Grand Prix
0 days 01:24:45.295000,27.2,18.0,1010.1,False,33.9,234,2.3,2025,2,Chinese Grand Prix
0 days 01:25:45.313000,27.1,18.0,1010.2,False,33.9,247,2.0,2025,2,Chinese Grand Prix
0 days 01:26:45.324000,27.2,18.0,1010.1,False,34.6,248,2.0,2025,2,Chinese Grand Prix
0 days 01:27:45.326000,27.2,18.0,1010.1,False,34.7,229,1.6,2025,2,Chinese Grand Prix
0 days 01:28:45.348000,27.3,18.0,1010.1,False,34.8,250,2.5,2025,2,Chinese Grand Prix
0 days 01:29:45.351000,27.3,19.0,1010.1,False,34.8,188,1.2,2025,2,Chinese Grand Prix
0 days 01:30:45.351000,27.3,19.0,1010.2,False,34.8,246,2.1,2025,2,Chinese Grand Prix
0 days 01:31:45.367000,27.4,18.0,1010.1,False,35.0,256,2.3,2025,2,Chinese Grand Prix
0 days 01:32:45.356000,27.4,19.0,1010.1,False,35.2,261,3.0,2025,2,Chinese Grand Prix
0 days 01:33:45.370000,27.4,18.0,1010.1,False,35.3,237,4.3,2025,2,Chinese Grand Prix
0 days 01:34:45.371000,27.4,18.0,1010.1,False,35.6,242,3.3,2025,2,Chinese Grand Prix
0 days 01:35:45.372000,27.4,18.0,1010.1,False,35.6,243,2.8,2025,2,Chinese Grand Prix
0 days 01:36:45.379000,27.4,19.0,1010.1,False,35.6,247,2.3,2025,2,Chinese Grand Prix
0 days 01:37:45.360000,27.4,19.0,1010.0,False,35.6,246,2.5,2025,2,Chinese Grand Prix
0 days 01:38:45.360000,27.4,19.0,1010.1,False,35.6,263,1.8,2025,2,Chinese Grand Prix
0 days 01:39:45.381000,27.4,19.0,1010.1,False,35.4,260,2.0,2025,2,Chinese Grand Prix
0 days 01:40:45.401000,27.4,19.0,1010.1,False,35.3,257,2.8,2025,2,Chinese Grand Prix
0 days 01:41:45.402000,27.5,19.0,1010.1,False,35.0,247,3.1,2025,2,Chinese Grand Prix
0 days 01:42:45.406000,27.5,19.0,1010.1,False,34.7,248,3.6,2025,2,Chinese Grand Prix
0 days 01:43:45.391000,27.3,19.0,1010.1,False,34.4,243,3.2,2025,2,Chinese Grand Prix
0 days 01:44:45.445000,27.1,19.0,1010.2,False,34.3,241,3.2,2025,2,Chinese Grand Prix
0 days 01:45:45.414000,27.1,19.0,1010.2,False,34.1,246,3.2,2025,2,Chinese Grand Prix
0 days 01:46:45.458000,27.0,19.0,1010.2,False,33.9,250,2.9,2025,2,Chinese Grand Prix
0 days 01:47:45.442000,26.9,20.0,1010.2,False,33.8,256,2.2,2025,2,Chinese Grand Prix
0 days 01:48:45.452000,26.9,20.0,1010.2,False,33.7,232,2.5,2025,2,Chinese Grand Prix
0 days 01:49:45.460000,26.9,20.0,1010.1,False,33.7,245,2.0,2025,2,Chinese Grand Prix
0 days 01:50:45.456000,27.0,20.0,1010.1,False,33.5,258,3.2,2025,2,Chinese Grand Prix
0 days 01:51:45.457000,26.9,20.0,1010.2,False,33.3,254,3.5,2025,2,Chinese Grand Prix
0 days 01:52:45.461000,26.8,20.0,1010.1,False,33.2,269,2.8,2025,2,Chinese Grand Prix
0 days 01:53:45.456000,26.8,20.0,1010.1,False,33.2,264,2.4,2025,2,Chinese Grand Prix
0 days 01:54:45.522000,26.8,20.0,1010.1,False,33.1,246,2.5,2025,2,Chinese Grand Prix
0 days 01:55:45.481000,26.8,20.0,1010.1,False,33.0,261,1.8,2025,2,Chinese Grand Prix
0 days 01:56:45.485000,26.8,20.0,1010.2,False,33.0,239,1.6,2025,2,Chinese Grand Prix
0 days 01:57:45.499000,26.8,20.0,1010.2,False,32.9,249,2.9,2025,2,Chinese Grand Prix
0 days 01:58:45.503000,26.8,20.0,1010.1,False,32.9,268,2.6,2025,2,Chinese Grand Prix
0 days 01:59:45.510000,26.8,20.0,1010.1,False,32.8,261,2.1,2025,2,Chinese Grand Prix
0 days 02:00:45.491000,26.8,21.0,1010.2,False,32.7,256,1.2,2025,2,Chinese Grand Prix
0 days 02:01:45.509000,26.8,20.0,1010.2,False,32.7,267,2.6,2025,2,Chinese Grand Prix
0 days 02:02:45.513000,26.8,20.0,1010.1,False,32.6,279,1.3,2025,2,Chinese Grand Prix
0 days 02:03:45.516000,26.8,21.0,1010.1,False,32.5,266,1.6,2025,2,Chinese Grand Prix
0 days 02:04:45.513000,26.8,21.0,1010.1,False,32.4,269,1.3,2025,2,Chinese Grand Prix
0 days 02:05:45.525000,26.8,21.0,1010.2,False,32.3,258,1.2,2025,2,Chinese Grand Prix
0 days 02:06:45.526000,26.8,20.0,1010.2,False,32.2,201,1.1,2025,2,Chinese Grand Prix
0 days 02:07:45.524000,26.8,21.0,1010.1,False,32.2,277,0.9,2025,2,Chinese Grand Prix
0 days 02:08:45.534000,26.7,21.0,1010.1,False,32.1,212,1.5,2025,2,Chinese Grand Prix
0 days 02:09:45.541000,26.7,21.0,1010.1,False,32.1,255,1.2,2025,2,Chinese Grand Prix
0 days 02:10:45.535000,26.7,20.0,1010.1,False,32.1,264,2.3,2025,2,Chinese Grand Prix
0 days 02:11:45.525000,26.6,20.0,1010.1,False,32.0,267,2.1,2025,2,Chinese Grand Prix
0 days 02:12:45.542000,26.6,21.0,1010.1,False,31.9,233,2.2,2025,2,Chinese Grand Prix
0 days 02:13:45.559000,26.6,21.0,1010.1,False,31.8,237,2.5,2025,2,Chinese Grand Prix
0 days 02:14:45.573000,26.5,21.0,1010.1,False,31.7,271,2.1,2025,2,Chinese Grand Prix
0 days 02:15:45.570000,26.5,21.0,1010.1,False,31.7,254,2.1,2025,2,Chinese Grand Prix
0 days 02:16:45.573000,26.5,21.0,1010.2,False,31.7,265,1.7,2025,2,Chinese Grand Prix
0 days 02:17:45.574000,26.6,21.0,1010.2,False,31.6,0,1.1,2025,2,Chinese Grand Prix
0 days 02:18:45.597000,26.6,21.0,1010.2,False,31.6,269,1.0,2025,2,Chinese Grand Prix
0 days 02:19:45.598000,26.5,21.0,1010.2,False,31.6,0,0.9,2025,2,Chinese Grand Prix
0 days 02:20:45.602000,26.6,21.0,1010.1,False,31.5,44,0.7,2025,2,Chinese Grand Prix
0 days 02:21:45.623000,26.6,21.0,1010.0,False,31.4,256,1.3,2025,2,Chinese Grand Prix
0 days 02:22:45.619000,26.6,21.0,1010.0,False,31.3,224,1.5,2025,2,Chinese Grand Prix
0 days 02:23:45.628000,26.5,21.0,1010.1,False,31.3,254,1.0,2025,2,Chinese Grand Prix
0 days 02:24:45.650000,26.5,21.0,1010.1,False,31.2,247,0.6,2025,2,Chinese Grand Prix
0 days 02:25:45.652000,26.5,21.0,1010.2,False,31.2,265,1.2,2025,2,Chinese Grand Prix
0 days 02:26:45.651000,26.6,21.0,1010.1,False,31.2,221,1.9,2025,2,Chinese Grand Prix
0 days 02:27:45.664000,26.5,21.0,1010.2,False,31.0,245,1.8,2025,2,Chinese Grand Prix
0 days 02:28:45.651000,26.5,21.0,1010.2,False,30.8,259,1.5,2025,2,Chinese Grand Prix
0 days 02:29:45.651000,26.5,21.0,1010.3,False,30.7,219,2.6,2025,2,Chinese Grand Prix
0 days 02:30:45.656000,26.5,22.0,1010.2,False,30.7,259,1.1,2025,2,Chinese Grand Prix
0 days 02:31:45.674000,26.4,22.0,1010.2,False,30.7,288,1.0,2025,2,Chinese Grand Prix
0 days 02:32:45.673000,26.4,22.0,1010.2,False,30.6,262,2.2,2025,2,Chinese Grand Prix
0 days 02:33:45.673000,26.4,22.0,1010.1,False,30.5,238,2.1,2025,2,Chinese Grand Prix
0 days 00:00:25.703000,14.6,76.0,1009.9,False,22.5,324,1.1,2025,3,Japanese Grand Prix
0 days 00:01:25.704000,14.5,75.0,1009.9,False,22.6,121,0.4,2025,3,Japanese Grand Prix
0 days 00:02:25.688000,14.4,75.0,1009.9,False,22.8,132,1.5,2025,3,Japanese Grand Prix
0 days 00:03:25.704000,14.5,76.0,1010.0,False,23.0,136,0.6,2025,3,Japanese Grand Prix
0 days 00:04:25.705000,14.6,74.0,1009.9,False,22.9,152,0.9,2025,3,Japanese Grand Prix
0 days 00:05:25.690000,14.6,75.0,1009.9,False,23.0,196,1.6,2025,3,Japanese Grand Prix
0 days 00:06:25.706000,14.6,74.0,1009.8,False,23.0,113,1.3,2025,3,Japanese Grand Prix
0 days 00:07:25.706000,14.6,74.0,1009.8,False,22.9,167,1.1,2025,3,Japanese Grand Prix
0 days 00:08:25.707000,14.6,75.0,1009.9,False,22.9,157,0.8,2025,3,Japanese Grand Prix
0 days 00:09:25.723000,14.6,75.0,1009.9,False,23.0,170,1.6,2025,3,Japanese Grand Prix
0 days 00:10:25.707000,14.7,73.0,1009.9,False,23.0,184,1.7,2025,3,Japanese Grand Prix
0 days 00:11:25.739000,14.6,74.0,1009.8,False,22.7,175,1.3,2025,3,Japanese Grand Prix
0 days 00:12:25.702000,14.5,74.0,1009.9,False,22.7,0,1.0,2025,3,Japanese Grand Prix
0 days 00:13:25.718000,14.5,76.0,1009.8,False,22.5,343,0.4,2025,3,Japanese Grand Prix
0 days 00:14:25.712000,14.5,75.0,1009.8,False,22.3,194,0.7,2025,3,Japanese Grand Prix
0 days 00:15:25.732000,14.5,74.0,1009.8,False,22.2,246,1.8,2025,3,Japanese Grand Prix
0 days 00:16:25.732000,14.5,74.0,1009.8,False,21.9,340,2.1,2025,3,Japanese Grand Prix
0 days 00:17:25.732000,14.5,74.0,1009.8,False,21.2,355,1.1,2025,3,Japanese Grand Prix
0 days 00:18:25.814000,14.5,74.0,1009.8,False,20.9,6,1.3,2025,3,Japanese Grand Prix
0 days 00:19:25.752000,14.4,75.0,1009.8,False,20.9,286,1.1,2025,3,Japanese Grand Prix
0 days 00:20:25.757000,14.4,76.0,1009.7,False,21.0,201,0.9,2025,3,Japanese Grand Prix
0 days 00:21:25.755000,14.4,76.0,1009.8,False,21.0,242,1.7,2025,3,Japanese Grand Prix
0 days 00:22:25.771000,14.4,76.0,1009.8,False,20.8,322,0.5,2025,3,Japanese Grand Prix
0 days 00:23:25.762000,14.4,75.0,1009.8,False,20.8,156,1.3,2025,3,Japanese Grand Prix
0 days 00:24:25.780000,14.4,75.0,1009.8,False,20.9,219,1.2,2025,3,Japanese Grand Prix
0 days 00:25:25.780000,14.4,74.0,1009.8,False,20.8,231,1.4,2025,3,Japanese Grand Prix
0 days 00:26:25.796000,14.3,75.0,1009.8,False,20.5,292,1.1,2025,3,Japanese Grand Prix
0 days 00:27:25.793000,14.2,75.0,1009.7,False,20.2,4,0.9,2025,3,Japanese Grand Prix
0 days 00:28:25.809000,14.2,75.0,1009.7,False,20.1,326,1.3,2025,3,Japanese Grand Prix
0 days 00:29:25.810000,14.2,76.0,1009.7,False,20.2,336,0.9,2025,3,Japanese Grand Prix
0 days 00:30:25.829000,14.2,76.0,1009.7,False,20.4,324,1.4,2025,3,Japanese Grand Prix
0 days 00:31:25.848000,14.2,76.0,1009.6,False,20.4,324,0.6,2025,3,Japanese Grand Prix
0 days 00:32:25.833000,14.2,76.0,1009.6,False,20.5,310,1.1,2025,3,Japanese Grand Prix
0 days 00:33:25.834000,14.2,75.0,1009.6,False,20.5,281,1.0,2025,3,Japanese Grand Prix
0 days 00:34:25.850000,14.2,75.0,1009.6,False,20.5,340,0.9,2025,3,Japanese Grand Prix
0 days 00:35:25.850000,14.2,76.0,1009.6,False,20.6,3,1.2,2025,3,Japanese Grand Prix
0 days 00:36:25.860000,14.3,76.0,1009.5,False,20.7,17,1.1,2025,3,Japanese Grand Prix
0 days 00:37:25.877000,14.3,76.0,1009.5,False,21.2,0,0.8,2025,3,Japanese Grand Prix
0 days 00:38:25.899000,14.4,75.0,1009.4,False,21.5,100,0.6,2025,3,Japanese Grand Prix
0 days 00:39:25.924000,14.4,75.0,1009.5,False,21.7,169,0.7,2025,3,Japanese Grand Prix
0 days 00:40:25.940000,14.5,74.0,1009.5,False,21.7,0,0.7,2025,3,Japanese Grand Prix
0 days 00:41:25.956000,14.4,75.0,1009.5,False,21.7,349,0.7,2025,3,Japanese Grand Prix
0 days 00:42:25.956000,14.4,74.0,1009.5,False,21.7,232,1.2,2025,3,Japanese Grand Prix
0 days 00:43:25.954000,14.5,74.0,1009.5,False,21.5,334,1.6,2025,3,Japanese Grand Prix
0 days 00:44:25.947000,14.5,74.0,1009.4,False,21.3,319,1.5,2025,3,Japanese Grand Prix
0 days 00:45:25.944000,14.4,75.0,1009.5,False,21.3,323,1.5,2025,3,Japanese Grand Prix
0 days 00:46:25.958000,14.4,75.0,1009.4,False,21.5,343,1.1,2025,3,Japanese Grand Prix
0 days 00:47:25.957000,14.3,76.0,1009.5,False,21.5,335,0.5,2025,3,Japanese Grand Prix
0 days 00:48:25.987000,14.4,75.0,1009.3,False,21.6,323,1.0,2025,3,Japanese Grand Prix
0 days 00:49:26.003000,14.4,75.0,1009.3,False,21.4,288,1.4,2025,3,Japanese Grand Prix
0 days 00:50:25.988000,14.4,75.0,1009.4,False,21.4,0,1.2,2025,3,Japanese Grand Prix
0 days 00:51:25.989000,14.4,76.0,1009.4,False,21.3,322,1.3,2025,3,Japanese Grand Prix
0 days 00:52:26.005000,14.3,77.0,1009.5,False,21.3,318,0.9,2025,3,Japanese Grand Prix
0 days 00:53:26.021000,14.4,76.0,1009.4,False,21.3,290,1.2,2025,3,Japanese Grand Prix
0 days 00:54:26.047000,14.4,76.0,1009.4,False,21.1,357,2.1,2025,3,Japanese Grand Prix
0 days 00:55:26.041000,14.3,76.0,1009.5,False,21.0,218,1.6,2025,3,Japanese Grand Prix
0 days 00:56:26.041000,14.3,77.0,1009.5,False,21.0,231,0.9,2025,3,Japanese Grand Prix
0 days 00:57:26.032000,14.3,77.0,1009.4,False,21.0,217,0.9,2025,3,Japanese Grand Prix
0 days 00:58:26.033000,14.2,77.0,1009.5,False,20.8,118,0.7,2025,3,Japanese Grand Prix
0 days 00:59:26.033000,14.3,77.0,1009.5,False,20.8,319,1.5,2025,3,Japanese Grand Prix
0 days 01:00:26.049000,14.2,77.0,1009.5,False,20.9,223,1.1,2025,3,Japanese Grand Prix
0 days 01:01:26.050000,14.3,77.0,1009.5,False,20.9,239,1.1,2025,3,Japanese Grand Prix
0 days 01:02:26.034000,14.3,77.0,1009.4,False,20.7,317,1.5,2025,3,Japanese Grand Prix
0 days 01:03:26.050000,14.2,77.0,1009.4,False,20.6,15,1.3,2025,3,Japanese Grand Prix
0 days 01:04:26.066000,14.3,77.0,1009.2,False,20.7,60,1.1,2025,3,Japanese Grand Prix
0 days 01:05:26.067000,14.3,78.0,1009.3,False,20.6,349,1.7,2025,3,Japanese Grand Prix
0 days 01:06:26.083000,14.3,78.0,1009.3,False,20.6,339,1.4,2025,3,Japanese Grand Prix
0 days 01:07:26.090000,14.3,77.0,1009.2,False,20.7,341,2.3,2025,3,Japanese Grand Prix
0 days 01:08:26.106000,14.3,78.0,1009.3,False,20.6,204,1.7,2025,3,Japanese Grand Prix
0 days 01:09:26.087000,14.3,78.0,1009.2,False,20.7,238,1.2,2025,3,Japanese Grand Prix
0 days 01:10:26.097000,14.3,77.0,1009.2,False,20.7,336,1.7,2025,3,Japanese Grand Prix
0 days 01:11:26.098000,14.3,78.0,1009.2,False,20.6,345,1.7,2025,3,Japanese Grand Prix
0 days 01:12:26.111000,14.3,78.0,1009.2,False,20.6,342,0.8,2025,3,Japanese Grand Prix
0 days 01:13:26.124000,14.3,78.0,1009.2,False,20.2,256,1.1,2025,3,Japanese Grand Prix
0 days 01:14:26.110000,14.3,78.0,1009.2,False,20.4,346,1.0,2025,3,Japanese Grand Prix
0 days 01:15:26.110000,14.3,78.0,1009.2,False,20.4,333,1.0,2025,3,Japanese Grand Prix
0 days 01:16:26.125000,14.3,78.0,1009.2,False,20.4,333,1.0,2025,3,Japanese Grand Prix
0 days 01:17:26.132000,14.3,78.0,1009.2,False,20.4,333,1.0,2025,3,Japanese Grand Prix
0 days 01:18:26.132000,14.3,77.0,1009.2,False,20.3,333,1.3,2025,3,Japanese Grand Prix
0 days 01:19:26.117000,14.4,77.0,1009.2,False,20.3,256,1.5,2025,3,Japanese Grand Prix
0 days 01:20:26.165000,14.5,76.0,1009.2,False,20.1,71,1.8,2025,3,Japanese Grand Prix
0 days 01:21:26.143000,14.5,76.0,1009.2,False,19.9,213,1.6,2025,3,Japanese Grand Prix
0 days 01:22:26.144000,14.4,76.0,1009.1,False,20.0,203,1.4,2025,3,Japanese Grand Prix
0 days 01:23:26.144000,14.4,77.0,1009.1,False,20.0,281,1.9,2025,3,Japanese Grand Prix
0 days 01:24:26.145000,14.4,77.0,1009.1,False,20.1,189,1.3,2025,3,Japanese Grand Prix
0 days 01:25:26.206000,14.4,77.0,1009.2,False,20.1,321,1.2,2025,3,Japanese Grand Prix
0 days 01:26:26.144000,14.4,76.0,1009.3,False,20.1,322,0.9,2025,3,Japanese Grand Prix
0 days 01:27:26.137000,14.5,77.0,1009.2,False,20.0,349,1.0,2025,3,Japanese Grand Prix
0 days 01:28:26.124000,14.4,77.0,1009.1,False,20.0,181,0.9,2025,3,Japanese Grand Prix
0 days 01:29:26.137000,14.4,77.0,1009.1,False,20.0,342,1.4,2025,3,Japanese Grand Prix
0 days 01:30:26.138000,14.4,77.0,1009.2,False,20.0,290,1.1,2025,3,Japanese Grand Prix
0 days 01:31:26.185000,14.5,77.0,1009.2,False,20.0,346,1.0,2025,3,Japanese Grand Prix
0 days 01:32:26.201000,14.5,77.0,1009.2,False,19.9,332,0.9,2025,3,Japanese Grand Prix
0 days 01:33:26.186000,14.5,77.0,1009.1,False,19.7,264,1.6,2025,3,Japanese Grand Prix
0 days 01:34:26.184000,14.4,77.0,1009.1,False,19.6,246,0.7,2025,3,Japanese Grand Prix
0 days 01:35:26.172000,14.4,77.0,1009.1,False,19.6,316,1.6,2025,3,Japanese Grand Prix
0 days 01:36:26.188000,14.4,78.0,1009.1,False,19.6,350,1.8,2025,3,Japanese Grand Prix
0 days 01:37:26.188000,14.4,77.0,1009.1,False,19.6,274,1.1,2025,3,Japanese Grand Prix
0 days 01:38:26.220000,14.4,78.0,1009.1,False,19.4,207,0.7,2025,3,Japanese Grand Prix
0 days 01:39:26.221000,14.5,78.0,1009.2,False,19.5,325,0.5,2025,3,Japanese Grand Prix
0 days 01:40:26.212000,14.5,78.0,1009.1,False,19.5,268,0.7,2025,3,Japanese Grand Prix
0 days 01:41:26.228000,14.5,78.0,1009.2,False,19.6,334,0.6,2025,3,Japanese Grand Prix
0 days 01:42:26.235000,14.6,77.0,1009.1,False,19.7,330,0.7,2025,3,Japanese Grand Prix
0 days 01:43:26.235000,14.6,77.0,1009.1,False,19.7,333,0.7,2025,3,Japanese Grand Prix
0 days 01:44:26.253000,14.5,77.0,1009.0,False,19.5,355,1.2,2025,3,Japanese Grand Prix
0 days 01:45:26.236000,14.6,77.0,1009.0,False,19.5,335,1.2,2025,3,Japanese Grand Prix
0 days 01:46:26.252000,14.6,77.0,1009.0,False,19.4,47,1.4,2025,3,Japanese Grand Prix
0 days 01:47:26.231000,14.6,77.0,1009.0,False,19.4,312,1.2,2025,3,Japanese Grand Prix
0 days 01:48:26.259000,14.5,78.0,1009.0,False,19.4,352,0.9,2025,3,Japanese Grand Prix
0 days 01:49:26.244000,14.6,77.0,1009.0,False,19.4,217,1.1,2025,3,Japanese Grand Prix
0 days 01:50:26.260000,14.5,78.0,1009.0,False,19.5,339,1.4,2025,3,Japanese Grand Prix
0 days 01:51:26.264000,14.5,78.0,1009.0,False,19.4,287,1.4,2025,3,Japanese Grand Prix
0 days 01:52:26.264000,14.4,78.0,1008.9,False,19.3,293,0.9,2025,3,Japanese Grand Prix
0 days 01:53:26.280000,14.4,77.0,1008.9,False,19.3,333,1.4,2025,3,Japanese Grand Prix
0 days 01:54:26.280000,14.5,78.0,1009.0,False,19.3,171,1.2,2025,3,Japanese Grand Prix
0 days 01:55:26.281000,14.5,77.0,1009.0,False,19.2,275,1.9,2025,3,Japanese Grand Prix
0 days 01:56:26.309000,14.5,78.0,1008.9,False,19.2,307,0.7,2025,3,Japanese Grand Prix
0 days 01:57:26.288000,14.4,78.0,1009.0,False,19.3,312,0.8,2025,3,Japanese Grand Prix
0 days 01:58:26.304000,14.5,77.0,1008.9,False,19.2,340,0.5,2025,3,Japanese Grand Prix
0 days 01:59:26.327000,14.5,77.0,1008.9,False,19.4,315,1.6,2025,3,Japanese Grand Prix
0 days 02:00:26.330000,14.5,77.0,1008.9,False,19.4,0,1.6,2025,3,Japanese Grand Prix
0 days 02:01:26.314000,14.5,78.0,1008.9,False,19.4,337,1.2,2025,3,Japanese Grand Prix
0 days 02:02:26.340000,14.5,78.0,1008.9,False,19.4,332,1.4,2025,3,Japanese Grand Prix
0 days 02:03:26.340000,14.5,77.0,1008.9,False,19.4,332,1.1,2025,3,Japanese Grand Prix
0 days 02:04:26.341000,14.5,77.0,1008.9,False,19.4,308,1.1,2025,3,Japanese Grand Prix
0 days 02:05:26.320000,14.5,77.0,1008.8,False,19.4,301,1.1,2025,3,Japanese Grand Prix
0 days 02:06:26.336000,14.5,77.0,1008.9,False,19.4,311,1.1,2025,3,Japanese Grand Prix
0 days 02:07:26.352000,14.5,77.0,1008.8,False,19.4,299,1.5,2025,3,Japanese Grand Prix
0 days 02:08:26.362000,14.6,77.0,1008.8,False,19.4,264,1.4,2025,3,Japanese Grand Prix
0 days 02:09:26.347000,14.5,77.0,1008.8,False,19.2,0,1.3,2025,3,Japanese Grand Prix
0 days 02:10:26.363000,14.6,77.0,1008.9,False,19.2,317,1.0,2025,3,Japanese Grand Prix
0 days 02:11:26.388000,14.5,77.0,1008.9,False,19.2,348,1.2,2025,3,Japanese Grand Prix
0 days 02:12:26.370000,14.6,77.0,1008.9,False,19.3,302,1.4,2025,3,Japanese Grand Prix
0 days 02:13:26.417000,14.6,77.0,1008.8,False,19.4,329,1.2,2025,3,Japanese Grand Prix
0 days 02:14:26.402000,14.6,77.0,1008.8,False,19.4,301,2.4,2025,3,Japanese Grand Prix
0 days 02:15:26.402000,14.6,77.0,1008.8,False,19.3,325,1.3,2025,3,Japanese Grand Prix
0 days 02:16:26.398000,14.7,77.0,1008.7,False,19.2,339,1.7,2025,3,Japanese Grand Prix
0 days 02:17:26.391000,14.6,76.0,1008.8,False,19.0,6,2.1,2025,3,Japanese Grand Prix
0 days 02:18:26.392000,14.6,77.0,1008.8,False,19.1,326,2.1,2025,3,Japanese Grand Prix
0 days 02:19:26.377000,14.6,77.0,1008.9,False,19.0,334,1.2,2025,3,Japanese Grand Prix
0 days 00:00:14.542000,27.9,45.0,1007.9,False,34.5,29,2.9,2025,4,Bahrain Grand Prix
0 days 00:01:14.570000,27.8,45.0,1007.9,False,34.4,9,2.9,2025,4,Bahrain Grand Prix
0 days 00:02:14.574000,27.9,45.0,1007.9,False,34.6,9,2.7,2025,4,Bahrain Grand Prix
0 days 00:03:14.590000,27.9,45.0,1007.9,False,34.4,25,3.2,2025,4,Bahrain Grand Prix
0 days 00:04:14.608000,27.8,45.0,1007.8,False,34.4,17,2.9,2025,4,Bahrain Grand Prix
0 days 00:05:14.607000,27.7,45.0,1007.9,False,34.5,13,2.7,2025,4,Bahrain Grand Prix
0 days 00:06:14.627000,27.7,45.0,1007.8,False,34.5,26,2.7,2025,4,Bahrain Grand Prix
0 days 00:07:14.609000,27.7,45.0,1007.8,False,34.8,12,2.7,2025,4,Bahrain Grand Prix
0 days 00:08:14.629000,27.6,46.0,1007.9,False,34.4,26,3.0,2025,4,Bahrain Grand Prix
0 days 00:09:14.618000,27.5,46.0,1007.8,False,34.1,26,3.4,2025,4,Bahrain Grand Prix
0 days 00:10:14.755000,27.5,46.0,1008.0,False,34.0,30,2.9,2025,4,Bahrain Grand Prix
0 days 00:11:14.626000,27.5,46.0,1008.0,False,34.0,26,3.3,2025,4,Bahrain Grand Prix
0 days 00:12:14.627000,27.5,45.0,1007.8,False,34.0,23,3.1,2025,4,Bahrain Grand Prix
0 days 00:13:14.646000,27.5,45.0,1007.9,False,33.8,17,3.4,2025,4,Bahrain Grand Prix
0 days 00:14:14.639000,27.6,45.0,1007.9,False,33.7,20,2.8,2025,4,Bahrain Grand Prix
0 days 00:15:14.638000,27.6,46.0,1007.9,False,33.8,22,2.0,2025,4,Bahrain Grand Prix
0 days 00:16:14.660000,27.6,46.0,1007.9,False,33.6,42,2.0,2025,4,Bahrain Grand Prix
0 days 00:17:14.653000,27.5,46.0,1007.9,False,33.6,18,1.8,2025,4,Bahrain Grand Prix
0 days 00:18:14.669000,27.5,46.0,1007.9,False,33.4,19,2.1,2025,4,Bahrain Grand Prix
0 days 00:19:14.686000,27.5,46.0,1007.8,False,33.4,18,2.5,2025,4,Bahrain Grand Prix
0 days 00:20:14.678000,27.5,46.0,1007.9,False,33.6,13,1.6,2025,4,Bahrain Grand Prix
0 days 00:21:14.711000,27.5,46.0,1007.9,False,33.4,9,2.6,2025,4,Bahrain Grand Prix
0 days 00:22:14.733000,27.5,46.0,1007.9,False,33.3,34,2.1,2025,4,Bahrain Grand Prix
0 days 00:23:14.728000,27.5,46.0,1008.0,False,32.9,27,1.5,2025,4,Bahrain Grand Prix
0 days 00:24:14.759000,27.6,46.0,1008.0,False,31.6,6,2.5,2025,4,Bahrain Grand Prix
0 days 00:25:14.768000,27.6,45.0,1008.0,False,33.4,0,2.4,2025,4,Bahrain Grand Prix
0 days 00:26:14.766000,27.5,45.0,1007.9,False,33.8,32,2.7,2025,4,Bahrain Grand Prix
0 days 00:27:14.793000,27.5,45.0,1007.9,False,33.5,34,2.3,2025,4,Bahrain Grand Prix
0 days 00:28:14.807000,27.5,45.0,1007.8,False,33.6,14,2.1,2025,4,Bahrain Grand Prix
0 days 00:29:14.815000,27.4,46.0,1007.9,False,33.6,28,1.8,2025,4,Bahrain Grand Prix
0 days 00:30:14.814000,27.4,46.0,1007.9,False,33.5,23,1.6,2025,4,Bahrain Grand Prix
0 days 00:31:14.813000,27.3,46.0,1007.9,False,33.4,21,1.5,2025,4,Bahrain Grand Prix
0 days 00:32:14.816000,27.3,46.0,1007.9,False,33.4,28,1.8,2025,4,Bahrain Grand Prix
0 days 00:33:14.817000,27.3,46.0,1007.9,False,33.5,31,1.5,2025,4,Bahrain Grand Prix
0 days 00:34:14.806000,27.3,46.0,1007.9,False,33.4,11,2.1,2025,4,Bahrain Grand Prix
0 days 00:35:14.817000,27.3,46.0,1007.9,False,33.1,19,2.3,2025,4,Bahrain Grand Prix
0 days 00:36:14.817000,27.3,46.0,1007.9,False,33.1,34,1.8,2025,4,Bahrain Grand Prix
0 days 00:37:14.846000,27.4,45.0,1007.9,False,33.3,8,1.9,2025,4,Bahrain Grand Prix
0 days 00:38:14.855000,27.4,44.0,1007.9,False,33.5,5,2.2,2025,4,Bahrain Grand Prix
0 days 00:39:14.890000,27.3,43.0,1007.9,False,33.4,59,2.5,2025,4,Bahrain Grand Prix
0 days 00:40:14.868000,27.3,43.0,1007.8,False,33.4,26,3.0,2025,4,Bahrain Grand Prix
0 days 00:41:14.871000,27.3,43.0,1007.9,False,33.2,8,2.5,2025,4,Bahrain Grand Prix
0 days 00:42:14.868000,27.2,43.0,1007.8,False,33.1,16,2.8,2025,4,Bahrain Grand Prix
0 days 00:43:14.892000,27.2,43.0,1007.9,False,33.0,11,2.2,2025,4,Bahrain Grand Prix
0 days 00:44:14.872000,27.3,43.0,1007.9,False,33.0,29,3.0,2025,4,Bahrain Grand Prix
0 days 00:45:14.902000,27.2,43.0,1007.9,False,32.8,14,2.6,2025,4,Bahrain Grand Prix
0 days 00:46:14.905000,27.1,43.0,1007.9,False,32.7,18,2.7,2025,4,Bahrain Grand Prix
0 days 00:47:14.914000,27.1,44.0,1008.0,False,32.7,30,2.0,2025,4,Bahrain Grand Prix
0 days 00:48:14.903000,27.2,44.0,1008.0,False,32.6,31,1.8,2025,4,Bahrain Grand Prix
0 days 00:49:14.889000,27.3,44.0,1008.0,False,32.6,35,2.1,2025,4,Bahrain Grand Prix
0 days 00:50:14.889000,27.3,45.0,1007.9,False,32.5,24,2.4,2025,4,Bahrain Grand Prix
0 days 00:51:14.904000,27.3,44.0,1008.0,False,32.3,51,3.2,2025,4,Bahrain Grand Prix
0 days 00:52:14.907000,27.2,44.0,1008.0,False,32.2,24,2.9,2025,4,Bahrain Grand Prix
0 days 00:53:14.904000,27.2,44.0,1008.0,False,32.4,35,2.9,2025,4,Bahrain Grand Prix
0 days 00:54:14.908000,27.2,44.0,1008.1,False,32.2,30,2.7,2025,4,Bahrain Grand Prix
0 days 00:55:14.912000,27.2,44.0,1008.1,False,32.2,21,2.6,2025,4,Bahrain Grand Prix
0 days 00:56:14.914000,27.2,44.0,1008.0,False,31.9,37,3.6,2025,4,Bahrain Grand Prix
0 days 00:57:14.902000,27.2,44.0,1008.0,False,31.9,20,3.2,2025,4,Bahrain Grand Prix
0 days 00:58:14.913000,27.1,45.0,1008.0,False,31.9,30,2.7,2025,4,Bahrain Grand Prix
0 days 00:59:14.935000,27.1,45.0,1008.0,False,31.8,19,2.8,2025,4,Bahrain Grand Prix
0 days 01:00:14.935000,27.1,45.0,1008.0,False,31.9,31,1.4,2025,4,Bahrain Grand Prix
0 days 01:01:14.946000,27.1,46.0,1008.1,False,31.9,23,2.2,2025,4,Bahrain Grand Prix
0 days 01:02:14.964000,27.0,46.0,1008.0,False,31.6,344,2.1,2025,4,Bahrain Grand Prix
0 days 01:03:14.950000,27.0,46.0,1008.0,False,31.8,24,1.9,2025,4,Bahrain Grand Prix
0 days 01:04:14.958000,27.0,46.0,1008.0,False,31.9,17,1.2,2025,4,Bahrain Grand Prix
0 days 01:05:14.958000,27.0,46.0,1008.0,False,31.9,17,2.4,2025,4,Bahrain Grand Prix
0 days 01:06:14.952000,27.0,46.0,1008.1,False,32.0,26,2.4,2025,4,Bahrain Grand Prix
0 days 01:07:14.969000,27.0,46.0,1008.1,False,32.0,34,2.6,2025,4,Bahrain Grand Prix
0 days 01:08:14.966000,27.0,46.0,1008.0,False,32.0,36,1.5,2025,4,Bahrain Grand Prix
0 days 01:09:14.952000,27.0,45.0,1008.0,False,32.0,38,2.6,2025,4,Bahrain Grand Prix
0 days 01:10:14.966000,27.0,45.0,1008.1,False,31.9,16,2.3,2025,4,Bahrain Grand Prix
0 days 01:11:14.958000,27.0,45.0,1008.1,False,31.8,16,1.9,2025,4,Bahrain Grand Prix
0 days 01:12:14.980000,27.0,46.0,1008.0,False,31.7,14,2.5,2025,4,Bahrain Grand Prix
0 days 01:13:14.970000,27.0,46.0,1008.1,False,31.5,5,2.2,2025,4,Bahrain Grand Prix
0 days 01:14:14.998000,26.9,46.0,1008.0,False,31.5,21,1.9,2025,4,Bahrain Grand Prix
0 days 01:15:14.973000,26.9,46.0,1008.0,False,31.9,38,1.0,2025,4,Bahrain Grand Prix
0 days 01:16:14.964000,26.9,46.0,1008.1,False,31.9,36,1.2,2025,4,Bahrain Grand Prix
0 days 01:17:14.978000,26.9,46.0,1008.0,False,31.9,39,1.1,2025,4,Bahrain Grand Prix
0 days 01:18:14.972000,26.9,46.0,1008.1,False,31.7,16,1.8,2025,4,Bahrain Grand Prix
0 days 01:19:14.992000,26.9,47.0,1008.1,False,31.7,14,2.0,2025,4,Bahrain Grand Prix
0 days 01:20:14.994000,26.8,47.0,1008.1,False,31.7,49,1.5,2025,4,Bahrain Grand Prix
0 days 01:21:14.976000,26.8,47.0,1008.0,False,31.4,16,2.7,2025,4,Bahrain Grand Prix
0 days 01:22:15.013000,26.8,48.0,1008.0,False,31.2,23,2.6,2025,4,Bahrain Grand Prix
0 days 01:23:15.026000,26.8,48.0,1008.1,False,31.1,38,2.6,2025,4,Bahrain Grand Prix
0 days 01:24:15.061000,26.7,48.0,1008.1,False,31.2,25,2.2,2025,4,Bahrain Grand Prix
0 days 01:25:15.031000,26.7,48.0,1008.1,False,31.2,6,2.3,2025,4,Bahrain Grand Prix
0 days 01:26:15.055000,26.8,48.0,1008.1,False,31.1,28,2.1,2025,4,Bahrain Grand Prix
0 days 01:27:15.050000,26.7,48.0,1008.1,False,31.1,26,2.3,2025,4,Bahrain Grand Prix
0 days 01:28:15.057000,26.7,47.0,1008.2,False,31.1,43,2.3,2025,4,Bahrain Grand Prix
0 days 01:29:15.064000,26.7,48.0,1008.1,False,31.0,26,2.2,2025,4,Bahrain Grand Prix
0 days 01:30:15.059000,26.7,47.0,1008.2,False,31.1,24,1.8,2025,4,Bahrain Grand Prix
0 days 01:31:15.072000,26.7,47.0,1008.2,False,31.2,247,1.1,2025,4,Bahrain Grand Prix
0 days 01:32:15.083000,26.7,47.0,1008.3,False,31.2,40,0.7,2025,4,Bahrain Grand Prix
0 days 01:33:15.095000,26.8,47.0,1008.3,False,31.2,10,1.7,2025,4,Bahrain Grand Prix
0 days 01:34:15.112000,26.7,47.0,1008.2,False,31.1,16,2.0,2025,4,Bahrain Grand Prix
0 days 01:35:15.113000,26.7,46.0,1008.2,False,31.1,57,1.9,2025,4,Bahrain Grand Prix
0 days 01:36:15.108000,26.7,46.0,1008.2,False,31.1,45,2.4,2025,4,Bahrain Grand Prix
0 days 01:37:15.113000,26.7,46.0,1008.1,False,31.1,37,2.1,2025,4,Bahrain Grand Prix
0 days 01:38:15.139000,26.7,46.0,1008.2,False,31.1,35,2.2,2025,4,Bahrain Grand Prix
0 days 01:39:15.151000,26.7,47.0,1008.1,False,30.8,6,2.0,2025,4,Bahrain Grand Prix
0 days 01:40:15.130000,26.7,47.0,1008.1,False,30.9,38,2.3,2025,4,Bahrain Grand Prix
0 days 01:41:15.160000,26.7,47.0,1008.1,False,31.0,358,1.2,2025,4,Bahrain Grand Prix
0 days 01:42:15.161000,26.7,46.0,1008.2,False,31.1,14,2.7,2025,4,Bahrain Grand Prix
0 days 01:43:15.164000,26.7,47.0,1008.2,False,31.0,32,1.8,2025,4,Bahrain Grand Prix
0 days 01:44:15.181000,26.7,47.0,1008.3,False,31.2,57,1.1,2025,4,Bahrain Grand Prix
0 days 01:45:15.201000,26.8,46.0,1008.3,False,31.3,61,1.4,2025,4,Bahrain Grand Prix
0 days 01:46:15.200000,26.8,46.0,1008.3,False,31.4,37,1.9,2025,4,Bahrain Grand Prix
0 days 01:47:15.197000,26.8,46.0,1008.3,False,31.0,60,1.0,2025,4,Bahrain Grand Prix
0 days 01:48:15.185000,26.8,46.0,1008.2,False,30.9,43,2.0,2025,4,Bahrain Grand Prix
0 days 01:49:15.187000,26.9,45.0,1008.3,False,30.9,14,1.8,2025,4,Bahrain Grand Prix
0 days 01:50:15.191000,26.9,46.0,1008.3,False,30.8,45,2.5,2025,4,Bahrain Grand Prix
0 days 01:51:15.202000,26.8,46.0,1008.3,False,30.8,62,1.9,2025,4,Bahrain Grand Prix
0 days 01:52:15.203000,26.8,46.0,1008.3,False,30.8,34,1.6,2025,4,Bahrain Grand Prix
0 days 01:53:15.185000,26.7,46.0,1008.4,False,30.9,11,2.1,2025,4,Bahrain Grand Prix
0 days 01:54:15.201000,26.7,46.0,1008.4,False,30.6,52,2.9,2025,4,Bahrain Grand Prix
0 days 01:55:15.206000,26.7,46.0,1008.3,False,30.6,22,1.9,2025,4,Bahrain Grand Prix
0 days 01:56:15.228000,26.6,46.0,1008.4,False,30.8,50,2.0,2025,4,Bahrain Grand Prix
0 days 01:57:15.254000,26.7,46.0,1008.4,False,31.0,11,1.2,2025,4,Bahrain Grand Prix
0 days 01:58:15.255000,26.7,46.0,1008.2,False,30.9,62,1.7,2025,4,Bahrain Grand Prix
0 days 01:59:15.254000,26.7,45.0,1008.3,False,30.7,22,2.4,2025,4,Bahrain Grand Prix
0 days 02:00:15.241000,26.8,46.0,1008.3,False,30.8,44,1.3,2025,4,Bahrain Grand Prix
0 days 02:01:15.257000,26.8,45.0,1008.4,False,30.7,2,1.8,2025,4,Bahrain Grand Prix
0 days 02:02:15.252000,26.8,45.0,1008.4,False,30.7,28,1.9,2025,4,Bahrain Grand Prix
0 days 02:03:15.261000,26.8,45.0,1008.4,False,30.5,34,2.5,2025,4,Bahrain Grand Prix
0 days 02:04:15.256000,26.8,46.0,1008.4,False,30.6,37,1.9,2025,4,Bahrain Grand Prix
0 days 02:05:15.283000,26.7,46.0,1008.5,False,30.6,46,1.9,2025,4,Bahrain Grand Prix
0 days 02:06:15.263000,26.7,46.0,1008.4,False,30.6,22,1.6,2025,4,Bahrain Grand Prix
0 days 02:07:15.277000,26.8,46.0,1008.4,False,30.6,31,1.7,2025,4,Bahrain Grand Prix
0 days 02:08:15.277000,26.7,46.0,1008.4,False,30.6,17,1.8,2025,4,Bahrain Grand Prix
0 days 02:09:15.300000,26.7,46.0,1008.4,False,30.6,18,2.3,2025,4,Bahrain Grand Prix
0 days 02:10:15.284000,26.8,45.0,1008.4,False,30.7,46,2.1,2025,4,Bahrain Grand Prix
0 days 02:11:15.316000,26.8,46.0,1008.4,False,30.5,35,2.0,2025,4,Bahrain Grand Prix
0 days 02:12:15.323000,26.8,45.0,1008.4,False,30.6,42,2.3,2025,4,Bahrain Grand Prix
0 days 02:13:15.323000,26.8,45.0,1008.4,False,30.6,37,1.9,2025,4,Bahrain Grand Prix
0 days 02:14:15.309000,26.8,45.0,1008.4,False,30.5,33,1.8,2025,4,Bahrain Grand Prix
0 days 02:15:15.327000,26.8,45.0,1008.3,False,30.5,25,1.6,2025,4,Bahrain Grand Prix
0 days 02:16:15.345000,26.8,45.0,1008.4,False,30.7,49,1.7,2025,4,Bahrain Grand Prix
0 days 02:17:15.349000,26.8,45.0,1008.4,False,30.4,53,1.8,2025,4,Bahrain Grand Prix
0 days 02:18:15.338000,26.8,45.0,1008.4,False,30.7,48,1.0,2025,4,Bahrain Grand Prix
0 days 02:19:15.335000,26.8,45.0,1008.4,False,30.5,58,1.5,2025,4,Bahrain Grand Prix
0 days 02:20:15.352000,26.9,45.0,1008.4,False,30.4,24,1.5,2025,4,Bahrain Grand Prix
0 days 02:21:15.348000,26.9,44.0,1008.4,False,30.4,32,2.2,2025,4,Bahrain Grand Prix
0 days 02:22:15.332000,26.9,44.0,1008.4,False,30.4,8,1.8,2025,4,Bahrain Grand Prix
0 days 02:23:15.339000,26.9,44.0,1008.4,False,30.2,42,1.8,2025,4,Bahrain Grand Prix
0 days 02:24:15.352000,26.9,44.0,1008.4,False,30.2,353,1.8,2025,4,Bahrain Grand Prix
0 days 02:25:15.358000,26.9,44.0,1008.4,False,30.4,8,1.5,2025,4,Bahrain Grand Prix
0 days 02:26:15.351000,26.9,44.0,1008.4,False,30.5,33,1.9,2025,4,Bahrain Grand Prix
0 days 02:27:15.352000,26.9,44.0,1008.4,False,30.3,54,1.6,2025,4,Bahrain Grand Prix
0 days 02:28:15.340000,26.9,43.0,1008.4,False,30.3,44,1.2,2025,4,Bahrain Grand Prix
0 days 02:29:15.346000,26.9,43.0,1008.5,False,30.3,57,1.8,2025,4,Bahrain Grand Prix
0 days 02:30:15.357000,26.9,43.0,1008.4,False,30.4,44,1.4,2025,4,Bahrain Grand Prix
0 days 02:31:15.355000,26.9,43.0,1008.5,False,30.4,21,1.7,2025,4,Bahrain Grand Prix
0 days 02:32:15.358000,26.9,42.0,1008.4,False,30.4,53,1.8,2025,4,Bahrain Grand Prix
0 days 02:33:15.356000,26.9,43.0,1008.4,False,30.3,27,1.6,2025,4,Bahrain Grand Prix
0 days 02:34:15.358000,26.9,42.0,1008.5,False,30.5,244,1.2,2025,4,Bahrain Grand Prix
0 days 02:35:15.365000,26.9,41.0,1008.4,False,30.6,6,1.5,2025,4,Bahrain Grand Prix
0 days 02:36:15.346000,26.9,42.0,1008.4,False,30.5,9,2.3,2025,4,Bahrain Grand Prix
0 days 02:37:15.360000,26.9,42.0,1008.4,False,30.2,27,1.9,2025,4,Bahrain Grand Prix
0 days 00:00:02.318000,28.7,71.0,1006.3,False,39.4,315,1.2,2025,5,Saudi Arabian Grand Prix
0 days 00:01:02.315000,28.7,71.0,1006.3,False,39.4,284,1.4,2025,5,Saudi Arabian Grand Prix
0 days 00:02:02.314000,28.7,70.0,1006.4,False,39.4,261,0.9,2025,5,Saudi Arabian Grand Prix
0 days 00:03:02.328000,28.7,71.0,1006.3,False,39.4,265,0.9,2025,5,Saudi Arabian Grand Prix
0 days 00:04:02.323000,28.7,70.0,1006.3,False,39.2,283,1.8,2025,5,Saudi Arabian Grand Prix
0 days 00:05:02.323000,28.7,70.0,1006.3,False,39.2,265,2.2,2025,5,Saudi Arabian Grand Prix
0 days 00:06:02.330000,28.6,71.0,1006.4,False,39.0,284,1.6,2025,5,Saudi Arabian Grand Prix
0 days 00:07:02.323000,28.6,71.0,1006.4,False,39.0,285,1.3,2025,5,Saudi Arabian Grand Prix
0 days 00:08:02.328000,28.6,71.0,1006.3,False,38.9,287,1.1,2025,5,Saudi Arabian Grand Prix
0 days 00:09:02.328000,28.6,71.0,1006.3,False,38.9,290,0.9,2025,5,Saudi Arabian Grand Prix
0 days 00:10:02.338000,28.6,71.0,1006.4,False,39.1,283,0.9,2025,5,Saudi Arabian Grand Prix
0 days 00:11:02.331000,28.6,71.0,1006.4,False,39.2,335,1.0,2025,5,Saudi Arabian Grand Prix
0 days 00:12:02.334000,28.5,71.0,1006.4,False,39.2,287,0.8,2025,5,Saudi Arabian Grand Prix
0 days 00:13:02.328000,28.5,70.0,1006.4,False,39.1,338,1.4,2025,5,Saudi Arabian Grand Prix
0 days 00:14:02.332000,28.5,69.0,1006.3,False,39.1,321,1.4,2025,5,Saudi Arabian Grand Prix
0 days 00:15:02.338000,28.5,69.0,1006.3,False,38.8,348,1.4,2025,5,Saudi Arabian Grand Prix
0 days 00:16:02.327000,28.6,69.0,1006.3,False,39.0,317,0.9,2025,5,Saudi Arabian Grand Prix
0 days 00:17:02.333000,28.7,68.0,1006.3,False,39.0,255,1.2,2025,5,Saudi Arabian Grand Prix
0 days 00:18:02.339000,28.7,68.0,1006.3,False,39.0,353,1.2,2025,5,Saudi Arabian Grand Prix
0 days 00:19:02.359000,28.8,69.0,1006.4,False,38.6,302,1.1,2025,5,Saudi Arabian Grand Prix
0 days 00:20:02.362000,28.8,69.0,1006.4,False,38.4,282,1.1,2025,5,Saudi Arabian Grand Prix
0 days 00:21:02.356000,28.8,70.0,1006.4,False,38.3,303,1.2,2025,5,Saudi Arabian Grand Prix
0 days 00:22:02.360000,28.7,70.0,1006.4,False,38.6,278,1.1,2025,5,Saudi Arabian Grand Prix
0 days 00:23:02.345000,28.7,70.0,1006.4,False,38.6,268,2.0,2025,5,Saudi Arabian Grand Prix
0 days 00:24:02.373000,28.7,71.0,1006.4,False,38.5,285,1.3,2025,5,Saudi Arabian Grand Prix
0 days 00:25:02.373000,28.6,71.0,1006.4,False,38.4,272,1.3,2025,5,Saudi Arabian Grand Prix
0 days 00:26:02.382000,28.6,71.0,1006.4,False,38.6,273,1.0,2025,5,Saudi Arabian Grand Prix
0 days 00:27:02.388000,28.6,71.0,1006.4,False,38.7,323,1.1,2025,5,Saudi Arabian Grand Prix
0 days 00:28:02.445000,28.6,71.0,1006.4,False,38.7,285,0.9,2025,5,Saudi Arabian Grand Prix
0 days 00:29:02.404000,28.6,71.0,1006.5,False,38.7,284,0.9,2025,5,Saudi Arabian Grand Prix
0 days 00:30:02.423000,28.6,71.0,1006.5,False,38.8,301,0.9,2025,5,Saudi Arabian Grand Prix
0 days 00:31:02.415000,28.6,71.0,1006.5,False,38.8,265,1.1,2025,5,Saudi Arabian Grand Prix
0 days 00:32:02.439000,28.6,71.0,1006.3,False,38.7,287,1.3,2025,5,Saudi Arabian Grand Prix
0 days 00:33:02.444000,28.6,72.0,1006.4,False,38.7,337,1.3,2025,5,Saudi Arabian Grand Prix
0 days 00:34:02.445000,28.5,72.0,1006.4,False,38.5,287,0.8,2025,5,Saudi Arabian Grand Prix
0 days 00:35:02.465000,28.5,72.0,1006.4,False,38.5,30,0.5,2025,5,Saudi Arabian Grand Prix
0 days 00:36:02.477000,28.5,71.0,1006.4,False,38.6,234,1.1,2025,5,Saudi Arabian Grand Prix
0 days 00:37:02.464000,28.5,71.0,1006.5,False,38.7,263,0.8,2025,5,Saudi Arabian Grand Prix
0 days 00:38:02.464000,28.5,71.0,1006.4,False,38.7,329,1.3,2025,5,Saudi Arabian Grand Prix
0 days 00:39:02.523000,28.5,70.0,1006.4,False,38.2,289,0.8,2025,5,Saudi Arabian Grand Prix
0 days 00:40:02.474000,28.5,71.0,1006.5,False,38.4,266,1.2,2025,5,Saudi Arabian Grand Prix
0 days 00:41:02.478000,28.5,71.0,1006.5,False,38.3,267,1.1,2025,5,Saudi Arabian Grand Prix
0 days 00:42:02.482000,28.6,72.0,1006.4,False,38.3,275,1.4,2025,5,Saudi Arabian Grand Prix
0 days 00:43:02.479000,28.6,72.0,1006.5,False,38.0,290,1.5,2025,5,Saudi Arabian Grand Prix
0 days 00:44:02.479000,28.6,73.0,1006.4,False,37.6,279,1.9,2025,5,Saudi Arabian Grand Prix
0 days 00:45:02.482000,28.5,74.0,1006.4,False,37.6,284,1.5,2025,5,Saudi Arabian Grand Prix
0 days 00:46:02.491000,28.5,74.0,1006.5,False,37.4,281,1.5,2025,5,Saudi Arabian Grand Prix
0 days 00:47:02.480000,28.4,74.0,1006.6,False,37.6,268,1.3,2025,5,Saudi Arabian Grand Prix
0 days 00:48:02.489000,28.4,74.0,1006.5,False,37.9,287,1.3,2025,5,Saudi Arabian Grand Prix
0 days 00:49:02.490000,28.3,74.0,1006.5,False,38.2,285,1.1,2025,5,Saudi Arabian Grand Prix
0 days 00:50:02.484000,28.4,74.0,1006.5,False,37.9,298,1.2,2025,5,Saudi Arabian Grand Prix
0 days 00:51:02.484000,28.4,74.0,1006.6,False,37.9,277,1.0,2025,5,Saudi Arabian Grand Prix
0 days 00:52:02.487000,28.4,73.0,1006.5,False,37.9,282,0.8,2025,5,Saudi Arabian Grand Prix
0 days 00:53:02.485000,28.4,73.0,1006.5,False,38.1,290,1.1,2025,5,Saudi Arabian Grand Prix
0 days 00:54:02.485000,28.4,72.0,1006.5,False,38.1,298,0.7,2025,5,Saudi Arabian Grand Prix
0 days 00:55:02.481000,28.5,71.0,1006.5,False,38.4,266,0.7,2025,5,Saudi Arabian Grand Prix
0 days 00:56:02.483000,28.5,71.0,1006.5,False,38.4,274,0.8,2025,5,Saudi Arabian Grand Prix
0 days 00:57:02.489000,28.5,70.0,1006.6,False,38.1,269,0.9,2025,5,Saudi Arabian Grand Prix
0 days 00:58:02.483000,28.5,70.0,1006.5,False,38.2,345,1.1,2025,5,Saudi Arabian Grand Prix
0 days 00:59:02.497000,28.6,69.0,1006.6,False,38.4,318,0.8,2025,5,Saudi Arabian Grand Prix
0 days 01:00:02.482000,28.6,69.0,1006.5,False,38.4,274,0.8,2025,5,Saudi Arabian Grand Prix
0 days 01:01:02.484000,28.7,69.0,1006.6,False,37.9,0,0.6,2025,5,Saudi Arabian Grand Prix
0 days 01:02:02.492000,28.7,68.0,1006.7,False,38.1,268,1.0,2025,5,Saudi Arabian Grand Prix
0 days 01:03:02.483000,28.8,67.0,1006.7,False,38.3,300,1.2,2025,5,Saudi Arabian Grand Prix
0 days 01:04:02.494000,28.8,67.0,1006.7,False,38.6,300,0.8,2025,5,Saudi Arabian Grand Prix
0 days 01:05:02.507000,28.9,67.0,1006.6,False,38.1,330,1.0,2025,5,Saudi Arabian Grand Prix
0 days 01:06:02.495000,28.9,67.0,1006.7,False,38.1,158,0.4,2025,5,Saudi Arabian Grand Prix
0 days 01:07:02.486000,28.9,67.0,1006.7,False,38.3,0,1.2,2025,5,Saudi Arabian Grand Prix
0 days 01:08:02.499000,28.9,67.0,1006.8,False,38.3,139,0.0,2025,5,Saudi Arabian Grand Prix
0 days 01:09:02.499000,28.9,66.0,1006.7,False,38.2,213,1.5,2025,5,Saudi Arabian Grand Prix
0 days 01:10:02.490000,29.0,66.0,1006.7,False,38.2,258,0.9,2025,5,Saudi Arabian Grand Prix
0 days 01:11:02.490000,29.1,66.0,1006.7,False,38.2,258,0.9,2025,5,Saudi Arabian Grand Prix
0 days 01:12:02.494000,29.1,65.0,1006.7,False,38.1,280,0.8,2025,5,Saudi Arabian Grand Prix
0 days 01:13:02.502000,29.2,65.0,1006.8,False,38.2,265,1.3,2025,5,Saudi Arabian Grand Prix
0 days 01:14:02.507000,29.2,66.0,1006.7,False,38.0,176,1.2,2025,5,Saudi Arabian Grand Prix
0 days 01:15:02.492000,29.2,66.0,1006.8,False,38.0,280,1.1,2025,5,Saudi Arabian Grand Prix
0 days 01:16:02.503000,29.3,66.0,1006.9,False,38.0,264,0.9,2025,5,Saudi Arabian Grand Prix
0 days 01:17:02.502000,29.2,66.0,1006.8,False,37.4,251,1.0,2025,5,Saudi Arabian Grand Prix
0 days 01:18:02.502000,29.3,65.0,1006.9,False,37.3,0,0.8,2025,5,Saudi Arabian Grand Prix
0 days 01:19:02.502000,29.2,66.0,1007.0,False,37.1,149,0.4,2025,5,Saudi Arabian Grand Prix
0 days 01:20:02.512000,29.2,66.0,1007.0,False,37.1,270,0.9,2025,5,Saudi Arabian Grand Prix
0 days 01:21:02.499000,29.2,65.0,1006.9,False,37.9,260,0.9,2025,5,Saudi Arabian Grand Prix
0 days 01:22:02.507000,29.2,65.0,1006.9,False,37.3,0,0.0,2025,5,Saudi Arabian Grand Prix
0 days 01:23:02.510000,29.3,65.0,1006.9,False,37.5,280,0.4,2025,5,Saudi Arabian Grand Prix
0 days 01:24:02.510000,29.2,65.0,1006.9,False,37.7,85,0.7,2025,5,Saudi Arabian Grand Prix
0 days 01:25:02.512000,29.3,64.0,1006.9,False,37.7,271,0.7,2025,5,Saudi Arabian Grand Prix
0 days 01:26:02.500000,29.3,64.0,1006.9,False,37.7,152,0.8,2025,5,Saudi Arabian Grand Prix
0 days 01:27:02.502000,29.3,64.0,1006.9,False,37.7,152,0.8,2025,5,Saudi Arabian Grand Prix
0 days 01:28:02.518000,29.4,64.0,1007.0,False,37.3,271,1.1,2025,5,Saudi Arabian Grand Prix
0 days 01:29:02.513000,29.4,62.0,1006.9,False,37.7,229,0.9,2025,5,Saudi Arabian Grand Prix
0 days 01:30:02.513000,29.4,63.0,1007.0,False,37.7,169,0.9,2025,5,Saudi Arabian Grand Prix
0 days 01:31:02.510000,29.5,64.0,1007.0,False,37.7,0,0.5,2025,5,Saudi Arabian Grand Prix
0 days 01:32:02.507000,29.5,63.0,1007.1,False,38.2,220,0.5,2025,5,Saudi Arabian Grand Prix
0 days 01:33:02.517000,29.5,63.0,1007.0,False,37.8,156,0.5,2025,5,Saudi Arabian Grand Prix
0 days 01:34:02.520000,29.5,58.0,1006.9,False,37.9,124,1.5,2025,5,Saudi Arabian Grand Prix
0 days 01:35:02.519000,29.6,57.0,1007.1,False,38.1,148,0.6,2025,5,Saudi Arabian Grand Prix
0 days 01:36:02.519000,29.6,56.0,1007.0,False,38.1,128,1.6,2025,5,Saudi Arabian Grand Prix
0 days 01:37:02.533000,29.7,56.0,1007.1,False,38.1,96,0.9,2025,5,Saudi Arabian Grand Prix
0 days 01:38:02.512000,29.8,55.0,1007.0,False,37.6,176,0.5,2025,5,Saudi Arabian Grand Prix
0 days 01:39:02.514000,29.9,54.0,1007.1,False,37.5,110,1.0,2025,5,Saudi Arabian Grand Prix
0 days 01:40:02.563000,29.9,54.0,1007.2,False,37.6,0,1.2,2025,5,Saudi Arabian Grand Prix
0 days 01:41:02.532000,29.9,54.0,1007.1,False,37.7,65,0.6,2025,5,Saudi Arabian Grand Prix
0 days 01:42:02.524000,29.9,54.0,1007.1,False,37.7,48,1.8,2025,5,Saudi Arabian Grand Prix
0 days 01:43:02.514000,30.0,53.0,1007.2,False,37.3,171,1.6,2025,5,Saudi Arabian Grand Prix
0 days 01:44:02.533000,30.0,53.0,1007.0,False,37.2,110,1.3,2025,5,Saudi Arabian Grand Prix
0 days 01:45:02.526000,30.0,54.0,1007.1,False,37.4,148,1.5,2025,5,Saudi Arabian Grand Prix
0 days 01:46:02.528000,30.0,53.0,1007.1,False,37.4,153,1.5,2025,5,Saudi Arabian Grand Prix
0 days 01:47:02.533000,30.1,52.0,1007.1,False,37.3,182,0.4,2025,5,Saudi Arabian Grand Prix
0 days 01:48:02.524000,30.1,52.0,1007.1,False,37.1,141,1.1,2025,5,Saudi Arabian Grand Prix
0 days 01:49:02.532000,30.3,51.0,1007.1,False,36.9,178,1.2,2025,5,Saudi Arabian Grand Prix
0 days 01:50:02.530000,30.3,52.0,1007.1,False,36.7,197,0.8,2025,5,Saudi Arabian Grand Prix
0 days 01:51:02.526000,30.4,52.0,1007.1,False,36.6,0,0.8,2025,5,Saudi Arabian Grand Prix
0 days 01:52:02.533000,30.5,51.0,1007.2,False,36.6,0,0.9,2025,5,Saudi Arabian Grand Prix
0 days 01:53:02.534000,30.5,52.0,1007.1,False,36.9,239,0.3,2025,5,Saudi Arabian Grand Prix
0 days 01:54:02.533000,30.7,51.0,1007.1,False,37.0,157,0.9,2025,5,Saudi Arabian Grand Prix
0 days 01:55:02.534000,31.0,50.0,1007.1,False,37.0,178,1.2,2025,5,Saudi Arabian Grand Prix
0 days 01:56:02.542000,31.1,49.0,1007.1,False,37.0,121,1.6,2025,5,Saudi Arabian Grand Prix
0 days 01:57:02.531000,31.3,48.0,1007.2,False,36.9,150,1.0,2025,5,Saudi Arabian Grand Prix
0 days 01:58:02.528000,31.4,48.0,1007.1,False,36.7,236,0.7,2025,5,Saudi Arabian Grand Prix
0 days 01:59:02.528000,31.4,48.0,1007.2,False,36.6,163,1.1,2025,5,Saudi Arabian Grand Prix
0 days 02:00:02.535000,31.5,48.0,1007.3,False,36.6,176,1.0,2025,5,Saudi Arabian Grand Prix
0 days 02:01:02.542000,31.5,48.0,1007.2,False,36.7,265,1.3,2025,5,Saudi Arabian Grand Prix
0 days 02:02:02.531000,31.5,48.0,1007.2,False,36.5,58,0.6,2025,5,Saudi Arabian Grand Prix
0 days 02:03:02.536000,31.5,48.0,1007.3,False,36.6,132,0.7,2025,5,Saudi Arabian Grand Prix
0 days 02:04:02.548000,31.6,48.0,1007.2,False,36.7,135,1.0,2025,5,Saudi Arabian Grand Prix
0 days 02:05:02.533000,31.6,47.0,1007.3,False,36.7,337,1.5,2025,5,Saudi Arabian Grand Prix
0 days 02:06:02.545000,31.6,47.0,1007.1,False,36.4,150,1.2,2025,5,Saudi Arabian Grand Prix
0 days 02:07:02.544000,31.7,47.0,1007.2,False,36.5,161,1.3,2025,5,Saudi Arabian Grand Prix
0 days 02:08:02.547000,31.6,47.0,1007.2,False,36.5,141,0.8,2025,5,Saudi Arabian Grand Prix
0 days 02:09:02.557000,31.6,47.0,1007.2,False,36.4,121,1.6,2025,5,Saudi Arabian Grand Prix
0 days 02:10:02.545000,31.6,47.0,1007.2,False,36.3,162,1.5,2025,5,Saudi Arabian Grand Prix
0 days 02:11:02.548000,31.6,47.0,1007.2,False,36.3,78,1.3,2025,5,Saudi Arabian Grand Prix
0 days 02:12:02.535000,31.6,47.0,1007.2,False,36.3,127,0.7,2025,5,Saudi Arabian Grand Prix
0 days 02:13:02.547000,31.6,47.0,1007.3,False,36.1,183,0.7,2025,5,Saudi Arabian Grand Prix
0 days 02:14:02.539000,31.6,48.0,1007.3,False,36.2,148,1.3,2025,5,Saudi Arabian Grand Prix
0 days 02:15:02.584000,31.7,48.0,1007.2,False,36.2,35,0.8,2025,5,Saudi Arabian Grand Prix
0 days 02:16:02.546000,31.6,48.0,1007.2,False,36.2,0,0.5,2025,5,Saudi Arabian Grand Prix
0 days 02:17:02.547000,31.6,48.0,1007.3,False,36.0,0,0.3,2025,5,Saudi Arabian Grand Prix
0 days 02:18:02.550000,31.6,48.0,1007.2,False,35.9,153,0.4,2025,5,Saudi Arabian Grand Prix
0 days 02:19:02.548000,31.6,48.0,1007.2,False,36.0,267,1.1,2025,5,Saudi Arabian Grand Prix
0 days 02:20:02.557000,31.6,48.0,1007.2,False,36.2,275,0.5,2025,5,Saudi Arabian Grand Prix
0 days 02:21:02.614000,31.6,48.0,1007.3,False,36.1,301,1.3,2025,5,Saudi Arabian Grand Prix
0 days 00:00:17.964000,26.5,68.0,1012.0,False,39.9,34,0.8,2025,6,Miami Grand Prix
0 days 00:01:17.999000,26.5,67.0,1012.1,False,40.6,12,1.6,2025,6,Miami Grand Prix
0 days 00:02:18.029000,26.6,68.0,1012.2,False,40.7,343,1.9,2025,6,Miami Grand Prix
0 days 00:03:18.017000,26.7,68.0,1012.1,False,41.7,308,1.2,2025,6,Miami Grand Prix
0 days 00:04:18.020000,26.8,68.0,1012.3,False,42.2,313,1.4,2025,6,Miami Grand Prix
0 days 00:05:18.053000,26.9,69.0,1012.2,False,42.1,329,0.8,2025,6,Miami Grand Prix
0 days 00:06:18.063000,26.9,66.0,1012.3,False,42.6,283,1.6,2025,6,Miami Grand Prix
0 days 00:07:18.072000,27.0,67.0,1012.3,False,43.2,311,1.2,2025,6,Miami Grand Prix
0 days 00:08:18.072000,27.0,66.0,1012.2,False,43.2,309,2.0,2025,6,Miami Grand Prix
0 days 00:09:18.083000,27.1,66.0,1012.1,False,43.1,285,1.8,2025,6,Miami Grand Prix
0 days 00:10:18.102000,27.1,67.0,1012.1,False,43.2,328,1.0,2025,6,Miami Grand Prix
0 days 00:11:18.103000,27.2,65.0,1012.1,False,42.7,103,0.8,2025,6,Miami Grand Prix
0 days 00:12:18.103000,27.3,65.0,1012.1,False,43.0,108,1.3,2025,6,Miami Grand Prix
0 days 00:13:18.107000,27.4,65.0,1012.1,False,43.0,67,0.9,2025,6,Miami Grand Prix
0 days 00:14:18.122000,27.6,66.0,1012.2,False,42.9,80,0.8,2025,6,Miami Grand Prix
0 days 00:15:18.144000,27.8,65.0,1012.2,False,44.1,98,1.4,2025,6,Miami Grand Prix
0 days 00:16:18.139000,28.0,63.0,1012.4,False,44.5,66,1.5,2025,6,Miami Grand Prix
0 days 00:17:18.146000,27.9,63.0,1012.5,False,44.5,0,0.7,2025,6,Miami Grand Prix
0 days 00:18:18.144000,27.9,59.0,1012.5,False,45.2,89,0.4,2025,6,Miami Grand Prix
0 days 00:19:18.146000,27.8,60.0,1012.5,False,44.6,7,1.4,2025,6,Miami Grand Prix
0 days 00:20:18.168000,27.7,59.0,1012.6,False,43.3,3,1.4,2025,6,Miami Grand Prix
0 days 00:21:18.170000,27.6,59.0,1012.5,False,42.8,339,1.1,2025,6,Miami Grand Prix
0 days 00:22:18.199000,27.6,59.0,1012.5,False,41.9,43,0.8,2025,6,Miami Grand Prix
0 days 00:23:18.207000,27.5,59.0,1012.5,False,43.2,95,1.6,2025,6,Miami Grand Prix
0 days 00:24:18.207000,27.3,60.0,1012.5,False,40.7,64,2.4,2025,6,Miami Grand Prix
0 days 00:25:18.184000,27.2,61.0,1012.6,False,39.8,70,1.2,2025,6,Miami Grand Prix
0 days 00:26:18.201000,27.1,59.0,1012.5,False,39.8,65,1.7,2025,6,Miami Grand Prix
0 days 00:27:18.199000,27.0,62.0,1012.5,False,40.8,354,2.0,2025,6,Miami Grand Prix
0 days 00:28:18.224000,26.9,63.0,1012.6,False,43.2,121,1.3,2025,6,Miami Grand Prix
0 days 00:29:18.224000,26.9,63.0,1012.5,False,43.9,105,1.7,2025,6,Miami Grand Prix
0 days 00:30:18.237000,26.9,64.0,1012.6,False,43.6,120,2.0,2025,6,Miami Grand Prix
0 days 00:31:18.240000,27.0,63.0,1012.6,False,43.6,109,2.0,2025,6,Miami Grand Prix
0 days 00:32:18.275000,27.1,63.0,1012.7,False,42.8,95,2.4,2025,6,Miami Grand Prix
0 days 00:33:18.288000,27.1,63.0,1012.8,False,42.6,82,1.6,2025,6,Miami Grand Prix
0 days 00:34:18.288000,27.1,64.0,1012.7,False,41.8,0,0.9,2025,6,Miami Grand Prix
0 days 00:35:18.262000,27.1,64.0,1012.8,False,41.8,0,1.0,2025,6,Miami Grand Prix
0 days 00:36:18.289000,27.0,63.0,1012.8,False,42.0,358,0.7,2025,6,Miami Grand Prix
0 days 00:37:18.285000,26.9,63.0,1012.7,False,41.7,351,1.0,2025,6,Miami Grand Prix
0 days 00:38:18.296000,26.8,64.0,1012.7,False,40.7,349,2.3,2025,6,Miami Grand Prix
0 days 00:39:18.312000,26.7,65.0,1012.7,False,40.3,10,1.4,2025,6,Miami Grand Prix
0 days 00:40:18.330000,26.5,65.0,1012.8,False,40.3,99,0.5,2025,6,Miami Grand Prix
0 days 00:41:18.334000,26.5,66.0,1012.8,False,40.3,105,1.2,2025,6,Miami Grand Prix
0 days 00:42:18.320000,26.4,65.0,1012.7,False,40.3,337,0.5,2025,6,Miami Grand Prix
0 days 00:43:18.355000,26.4,65.0,1012.7,False,40.3,330,1.8,2025,6,Miami Grand Prix
0 days 00:44:18.355000,26.4,65.0,1012.7,False,40.2,2,1.8,2025,6,Miami Grand Prix
0 days 00:45:18.377000,26.3,65.0,1012.8,False,40.2,307,1.3,2025,6,Miami Grand Prix
0 days 00:46:18.377000,26.3,64.0,1012.7,False,37.4,324,1.2,2025,6,Miami Grand Prix
0 days 00:47:18.406000,26.2,63.0,1012.6,False,37.4,68,1.1,2025,6,Miami Grand Prix
0 days 00:48:18.416000,26.1,64.0,1012.6,False,39.8,104,1.3,2025,6,Miami Grand Prix
0 days 00:49:18.405000,26.1,64.0,1012.6,False,39.8,0,0.6,2025,6,Miami Grand Prix
0 days 00:50:18.418000,26.1,65.0,1012.5,False,39.4,161,0.7,2025,6,Miami Grand Prix
0 days 00:51:18.428000,26.1,65.0,1012.6,False,40.0,245,0.3,2025,6,Miami Grand Prix
0 days 00:52:18.448000,26.2,64.0,1012.6,False,40.8,310,0.4,2025,6,Miami Grand Prix
0 days 00:53:18.459000,26.3,64.0,1012.5,False,40.9,0,0.4,2025,6,Miami Grand Prix
0 days 00:54:18.459000,26.3,64.0,1012.5,False,40.9,15,0.6,2025,6,Miami Grand Prix
0 days 00:55:18.459000,26.3,65.0,1012.5,False,39.8,283,1.2,2025,6,Miami Grand Prix
0 days 00:56:18.461000,26.3,65.0,1012.5,False,39.8,283,1.2,2025,6,Miami Grand Prix
0 days 00:57:18.470000,26.3,65.0,1012.5,False,39.7,243,1.2,2025,6,Miami Grand Prix
0 days 00:58:18.481000,26.4,64.0,1012.4,False,40.0,147,1.3,2025,6,Miami Grand Prix
0 days 00:59:18.497000,26.4,64.0,1012.3,False,40.3,105,1.2,2025,6,Miami Grand Prix
0 days 01:00:18.502000,26.5,62.0,1012.4,False,40.1,89,1.2,2025,6,Miami Grand Prix
0 days 01:01:18.508000,26.7,63.0,1012.3,False,39.8,219,0.8,2025,6,Miami Grand Prix
0 days 01:02:18.511000,26.7,62.0,1012.3,False,39.1,10,0.7,2025,6,Miami Grand Prix
0 days 01:03:18.497000,26.6,63.0,1012.4,False,39.0,4,0.4,2025,6,Miami Grand Prix
0 days 01:04:18.521000,26.5,63.0,1012.5,False,38.6,10,1.4,2025,6,Miami Grand Prix
0 days 01:05:18.537000,26.4,64.0,1012.5,False,38.5,229,1.3,2025,6,Miami Grand Prix
0 days 01:06:18.537000,26.4,64.0,1012.5,False,38.4,0,0.0,2025,6,Miami Grand Prix
0 days 01:07:18.541000,26.5,65.0,1012.6,False,38.5,355,1.0,2025,6,Miami Grand Prix
0 days 01:08:18.546000,26.6,64.0,1012.5,False,38.9,346,0.8,2025,6,Miami Grand Prix
0 days 01:09:18.559000,26.6,63.0,1012.6,False,38.9,0,0.7,2025,6,Miami Grand Prix
0 days 01:10:18.561000,26.6,63.0,1012.5,False,38.9,189,0.9,2025,6,Miami Grand Prix
0 days 01:11:18.549000,26.7,62.0,1012.4,False,38.9,302,1.0,2025,6,Miami Grand Prix
0 days 01:12:18.545000,26.7,61.0,1012.6,False,39.0,40,1.0,2025,6,Miami Grand Prix
0 days 01:13:18.544000,26.7,62.0,1012.6,False,38.9,324,1.4,2025,6,Miami Grand Prix
0 days 01:14:18.550000,26.6,62.0,1012.6,False,38.5,338,1.3,2025,6,Miami Grand Prix
0 days 01:15:18.552000,26.6,62.0,1012.6,False,38.5,95,1.1,2025,6,Miami Grand Prix
0 days 01:16:18.541000,26.6,62.0,1012.5,False,38.4,356,1.1,2025,6,Miami Grand Prix
0 days 01:17:18.569000,26.8,62.0,1012.5,False,38.2,296,0.5,2025,6,Miami Grand Prix
0 days 01:18:18.567000,26.7,62.0,1012.5,False,38.2,28,1.4,2025,6,Miami Grand Prix
0 days 01:19:18.577000,26.6,62.0,1012.4,False,38.1,270,1.4,2025,6,Miami Grand Prix
0 days 01:20:18.623000,26.6,63.0,1012.4,False,37.6,235,0.8,2025,6,Miami Grand Prix
0 days 01:21:18.616000,26.5,63.0,1012.4,False,37.6,193,0.8,2025,6,Miami Grand Prix
0 days 01:22:18.622000,26.5,63.0,1012.3,False,37.7,282,0.6,2025,6,Miami Grand Prix
0 days 01:23:18.618000,26.6,62.0,1012.5,False,37.7,306,0.6,2025,6,Miami Grand Prix
0 days 01:24:18.608000,26.5,63.0,1012.4,False,37.6,332,0.7,2025,6,Miami Grand Prix
0 days 01:25:18.619000,26.7,63.0,1012.5,False,37.6,247,0.7,2025,6,Miami Grand Prix
0 days 01:26:18.607000,26.8,61.0,1012.5,False,37.8,283,0.6,2025,6,Miami Grand Prix
0 days 01:27:18.618000,26.8,61.0,1012.4,False,38.0,343,0.7,2025,6,Miami Grand Prix
0 days 01:28:18.625000,26.8,61.0,1012.5,False,37.9,291,0.8,2025,6,Miami Grand Prix
0 days 01:29:18.636000,26.6,61.0,1012.3,False,37.6,306,0.6,2025,6,Miami Grand Prix
0 days 01:30:18.661000,26.5,61.0,1012.3,False,37.6,318,0.9,2025,6,Miami Grand Prix
0 days 01:31:18.658000,26.6,61.0,1012.2,False,37.8,267,0.9,2025,6,Miami Grand Prix
0 days 01:32:18.651000,26.7,61.0,1012.1,False,37.8,266,0.7,2025,6,Miami Grand Prix
0 days 01:33:18.672000,26.8,60.0,1012.0,False,37.8,204,0.4,2025,6,Miami Grand Prix
0 days 01:34:18.670000,26.8,59.0,1012.0,False,37.9,159,0.0,2025,6,Miami Grand Prix
0 days 01:35:18.715000,26.8,59.0,1012.0,False,37.7,259,0.8,2025,6,Miami Grand Prix
0 days 01:36:18.724000,26.8,59.0,1011.9,False,37.7,250,0.8,2025,6,Miami Grand Prix
0 days 01:37:18.724000,26.8,60.0,1011.9,False,37.5,326,0.9,2025,6,Miami Grand Prix
0 days 01:38:18.741000,26.7,60.0,1011.9,False,37.3,336,0.8,2025,6,Miami Grand Prix
0 days 01:39:18.734000,26.6,60.0,1011.9,False,37.2,314,0.8,2025,6,Miami Grand Prix
0 days 01:40:18.754000,26.6,59.0,1011.8,False,37.0,323,1.3,2025,6,Miami Grand Prix
0 days 01:41:18.763000,26.6,59.0,1011.8,False,36.9,316,1.7,2025,6,Miami Grand Prix
0 days 01:42:18.785000,26.6,60.0,1012.0,False,36.6,293,1.4,2025,6,Miami Grand Prix
0 days 01:43:18.758000,26.6,61.0,1012.0,True,36.4,302,0.9,2025,6,Miami Grand Prix
0 days 01:44:18.780000,26.6,61.0,1011.9,True,36.4,315,1.0,2025,6,Miami Grand Prix
0 days 01:45:18.790000,26.5,60.0,1011.9,True,36.4,331,1.0,2025,6,Miami Grand Prix
0 days 01:46:18.787000,26.5,60.0,1012.2,False,36.0,324,1.1,2025,6,Miami Grand Prix
0 days 01:47:18.776000,26.5,60.0,1012.1,False,36.0,288,1.2,2025,6,Miami Grand Prix
0 days 01:48:18.776000,26.4,59.0,1012.2,True,36.4,335,0.7,2025,6,Miami Grand Prix
0 days 01:49:18.787000,26.4,60.0,1012.1,True,35.8,300,1.4,2025,6,Miami Grand Prix
0 days 01:50:18.781000,26.3,61.0,1012.3,False,35.5,300,1.1,2025,6,Miami Grand Prix
0 days 01:51:18.782000,26.2,61.0,1012.3,False,36.1,329,0.9,2025,6,Miami Grand Prix
0 days 01:52:18.793000,26.2,61.0,1012.3,False,36.1,311,0.9,2025,6,Miami Grand Prix
0 days 01:53:18.801000,26.1,61.0,1012.3,False,35.9,322,1.2,2025,6,Miami Grand Prix
0 days 01:54:18.781000,26.1,62.0,1012.3,False,35.8,309,1.1,2025,6,Miami Grand Prix
0 days 01:55:18.790000,26.1,63.0,1012.2,False,35.5,309,1.8,2025,6,Miami Grand Prix
0 days 01:56:18.779000,26.1,62.0,1012.2,False,35.7,306,1.5,2025,6,Miami Grand Prix
0 days 01:57:18.780000,26.1,62.0,1012.3,False,36.0,301,0.9,2025,6,Miami Grand Prix
0 days 01:58:18.802000,26.2,62.0,1012.3,False,36.0,301,0.9,2025,6,Miami Grand Prix
0 days 01:59:18.802000,26.2,63.0,1012.3,False,35.7,335,1.0,2025,6,Miami Grand Prix
0 days 02:00:18.799000,26.2,63.0,1012.3,False,35.7,309,1.0,2025,6,Miami Grand Prix
0 days 02:01:18.802000,26.2,63.0,1012.4,False,35.5,351,1.2,2025,6,Miami Grand Prix
0 days 02:02:18.806000,26.2,64.0,1012.3,False,35.1,307,0.9,2025,6,Miami Grand Prix
0 days 02:03:18.816000,26.1,64.0,1012.2,False,34.9,353,0.8,2025,6,Miami Grand Prix
0 days 02:04:18.823000,26.1,64.0,1012.2,False,34.9,345,0.0,2025,6,Miami Grand Prix
0 days 02:05:18.820000,26.0,65.0,1012.2,False,35.2,305,0.5,2025,6,Miami Grand Prix
0 days 02:06:18.820000,26.0,64.0,1012.1,False,35.3,318,0.9,2025,6,Miami Grand Prix
0 days 02:07:18.844000,26.0,64.0,1012.1,False,35.6,0,0.6,2025,6,Miami Grand Prix
0 days 02:08:18.857000,26.0,63.0,1012.1,False,35.8,211,0.0,2025,6,Miami Grand Prix
0 days 02:09:18.859000,26.0,64.0,1011.9,False,35.7,65,0.4,2025,6,Miami Grand Prix
0 days 02:10:18.844000,26.0,64.0,1011.7,False,35.4,5,0.8,2025,6,Miami Grand Prix
0 days 02:11:18.852000,26.1,64.0,1011.7,False,35.3,296,1.0,2025,6,Miami Grand Prix
0 days 02:12:18.854000,26.0,64.0,1011.6,False,35.3,313,1.1,2025,6,Miami Grand Prix
0 days 02:13:18.867000,26.0,64.0,1011.7,False,35.3,291,1.1,2025,6,Miami Grand Prix
0 days 02:14:18.859000,26.1,64.0,1011.6,False,35.0,276,1.3,2025,6,Miami Grand Prix
0 days 02:15:18.896000,26.0,65.0,1011.7,False,35.0,294,0.9,2025,6,Miami Grand Prix
0 days 02:16:18.887000,26.0,64.0,1011.7,False,35.1,317,0.5,2025,6,Miami Grand Prix
0 days 02:17:18.913000,26.0,64.0,1011.7,False,35.0,339,1.1,2025,6,Miami Grand Prix
0 days 02:18:18.897000,26.0,64.0,1011.8,False,34.9,341,0.7,2025,6,Miami Grand Prix
0 days 02:19:18.907000,25.9,64.0,1011.8,False,34.9,346,1.0,2025,6,Miami Grand Prix
0 days 02:20:18.926000,26.0,64.0,1011.9,False,35.0,321,0.9,2025,6,Miami Grand Prix
0 days 02:21:18.914000,26.0,64.0,1011.9,False,34.8,321,1.3,2025,6,Miami Grand Prix
0 days 02:22:18.936000,25.9,64.0,1011.9,False,34.9,0,1.1,2025,6,Miami Grand Prix
0 days 02:23:18.945000,25.9,64.0,1012.0,False,34.9,327,0.7,2025,6,Miami Grand Prix
0 days 02:24:18.962000,25.9,64.0,1011.9,False,34.9,318,0.8,2025,6,Miami Grand Prix
0 days 02:25:18.977000,26.0,64.0,1012.0,False,34.9,329,0.9,2025,6,Miami Grand Prix
0 days 02:26:18.979000,26.0,64.0,1012.0,False,34.9,324,1.4,2025,6,Miami Grand Prix
0 days 02:27:18.974000,26.0,65.0,1012.0,False,34.9,329,0.9,2025,6,Miami Grand Prix
0 days 02:28:18.989000,25.9,65.0,1011.9,False,34.9,336,1.1,2025,6,Miami Grand Prix
0 days 00:00:34.663000,23.8,40.0,1010.2,False,45.1,292,3.4,2025,7,Emilia Romagna Grand Prix
0 days 00:01:34.661000,23.7,39.0,1010.2,False,45.0,285,3.4,2025,7,Emilia Romagna Grand Prix
0 days 00:02:34.654000,23.5,39.0,1010.1,False,44.6,297,3.5,2025,7,Emilia Romagna Grand Prix
0 days 00:03:34.664000,23.4,39.0,1010.2,False,45.0,311,3.4,2025,7,Emilia Romagna Grand Prix
0 days 00:04:34.665000,23.5,39.0,1010.2,False,44.7,291,4.0,2025,7,Emilia Romagna Grand Prix
0 days 00:05:34.664000,23.5,38.0,1010.2,False,44.7,328,3.0,2025,7,Emilia Romagna Grand Prix
0 days 00:06:34.659000,23.6,39.0,1010.1,False,44.6,314,2.3,2025,7,Emilia Romagna Grand Prix
0 days 00:07:34.648000,23.6,39.0,1010.1,False,45.5,296,3.5,2025,7,Emilia Romagna Grand Prix
0 days 00:08:34.657000,23.6,39.0,1010.2,False,45.6,283,3.8,2025,7,Emilia Romagna Grand Prix
0 days 00:09:34.676000,23.8,38.0,1010.2,False,45.2,342,3.4,2025,7,Emilia Romagna Grand Prix
0 days 00:10:34.661000,23.8,38.0,1010.1,False,45.0,287,3.1,2025,7,Emilia Romagna Grand Prix
0 days 00:11:34.668000,23.7,38.0,1010.2,False,45.0,271,3.1,2025,7,Emilia Romagna Grand Prix
0 days 00:12:34.668000,23.8,37.0,1010.2,False,45.0,305,3.5,2025,7,Emilia Romagna Grand Prix
0 days 00:13:34.675000,23.8,37.0,1010.2,False,45.0,309,2.7,2025,7,Emilia Romagna Grand Prix
0 days 00:14:34.689000,23.8,38.0,1010.1,False,45.1,287,2.8,2025,7,Emilia Romagna Grand Prix
0 days 00:15:34.691000,23.9,39.0,1010.1,False,45.1,283,2.8,2025,7,Emilia Romagna Grand Prix
0 days 00:16:34.664000,23.9,39.0,1010.0,False,45.5,292,3.0,2025,7,Emilia Romagna Grand Prix
0 days 00:17:34.674000,23.9,38.0,1010.1,False,45.6,327,3.6,2025,7,Emilia Romagna Grand Prix
0 days 00:18:34.692000,24.0,37.0,1010.1,False,45.5,298,4.5,2025,7,Emilia Romagna Grand Prix
0 days 00:19:34.709000,24.0,37.0,1010.1,False,45.2,276,3.2,2025,7,Emilia Romagna Grand Prix
0 days 00:20:34.723000,24.0,38.0,1010.1,False,45.3,287,2.4,2025,7,Emilia Romagna Grand Prix
0 days 00:21:34.709000,24.0,38.0,1010.1,False,45.6,329,2.9,2025,7,Emilia Romagna Grand Prix
0 days 00:22:34.728000,24.0,38.0,1010.1,False,45.9,284,3.2,2025,7,Emilia Romagna Grand Prix
0 days 00:23:34.721000,24.1,38.0,1010.0,False,45.9,317,2.2,2025,7,Emilia Romagna Grand Prix
0 days 00:24:34.739000,24.2,37.0,1010.2,False,45.8,310,3.2,2025,7,Emilia Romagna Grand Prix
0 days 00:25:34.730000,24.2,37.0,1009.9,False,45.7,326,3.5,2025,7,Emilia Romagna Grand Prix
0 days 00:26:34.756000,24.0,38.0,1010.1,False,44.6,288,3.4,2025,7,Emilia Romagna Grand Prix
0 days 00:27:34.766000,23.9,37.0,1010.0,False,44.6,270,3.1,2025,7,Emilia Romagna Grand Prix
0 days 00:28:34.767000,23.8,37.0,1010.1,False,45.2,256,3.0,2025,7,Emilia Romagna Grand Prix
0 days 00:29:34.779000,23.6,39.0,1010.0,False,45.2,288,3.0,2025,7,Emilia Romagna Grand Prix
0 days 00:30:34.773000,23.6,39.0,1009.9,False,45.8,267,2.6,2025,7,Emilia Romagna Grand Prix
0 days 00:31:34.773000,23.5,39.0,1010.0,False,45.8,268,2.9,2025,7,Emilia Romagna Grand Prix
0 days 00:32:34.776000,23.6,38.0,1010.0,False,45.9,312,3.6,2025,7,Emilia Romagna Grand Prix
0 days 00:33:34.771000,23.8,37.0,1010.0,False,45.5,314,3.9,2025,7,Emilia Romagna Grand Prix
0 days 00:34:34.799000,23.9,37.0,1010.1,False,45.3,288,3.3,2025,7,Emilia Romagna Grand Prix
0 days 00:35:34.851000,23.9,39.0,1010.0,False,45.0,356,2.7,2025,7,Emilia Romagna Grand Prix
0 days 00:36:34.807000,23.8,39.0,1010.2,False,45.6,264,3.7,2025,7,Emilia Romagna Grand Prix
0 days 00:37:34.808000,23.8,39.0,1010.0,False,45.9,288,3.2,2025,7,Emilia Romagna Grand Prix
0 days 00:38:34.808000,23.9,38.0,1010.0,False,45.6,320,4.1,2025,7,Emilia Romagna Grand Prix
0 days 00:39:34.809000,24.0,38.0,1010.1,False,45.0,295,5.0,2025,7,Emilia Romagna Grand Prix
0 days 00:40:34.800000,24.0,39.0,1010.2,False,45.4,313,3.5,2025,7,Emilia Romagna Grand Prix
0 days 00:41:34.805000,24.0,39.0,1009.9,False,45.4,296,3.1,2025,7,Emilia Romagna Grand Prix
0 days 00:42:34.833000,24.0,39.0,1010.1,False,45.4,291,3.4,2025,7,Emilia Romagna Grand Prix
0 days 00:43:34.846000,23.9,40.0,1010.1,False,45.3,293,2.6,2025,7,Emilia Romagna Grand Prix
0 days 00:44:34.840000,23.7,40.0,1010.0,False,45.1,291,3.8,2025,7,Emilia Romagna Grand Prix
0 days 00:45:34.859000,23.8,39.0,1010.1,False,45.2,296,3.9,2025,7,Emilia Romagna Grand Prix
0 days 00:46:34.854000,23.8,38.0,1010.0,False,45.2,288,3.5,2025,7,Emilia Romagna Grand Prix
0 days 00:47:34.864000,23.9,37.0,1010.1,False,44.8,274,4.7,2025,7,Emilia Romagna Grand Prix
0 days 00:48:34.857000,23.9,39.0,1009.9,False,45.0,279,1.4,2025,7,Emilia Romagna Grand Prix
0 days 00:49:34.885000,23.9,39.0,1010.0,False,45.1,296,2.8,2025,7,Emilia Romagna Grand Prix
0 days 00:50:34.886000,23.8,39.0,1009.8,False,45.4,298,3.8,2025,7,Emilia Romagna Grand Prix
0 days 00:51:34.884000,24.0,39.0,1009.9,False,45.3,267,3.9,2025,7,Emilia Romagna Grand Prix
0 days 00:52:34.907000,24.1,39.0,1009.9,False,45.1,307,2.2,2025,7,Emilia Romagna Grand Prix
0 days 00:53:34.928000,24.1,39.0,1009.8,False,45.1,281,3.7,2025,7,Emilia Romagna Grand Prix
0 days 00:54:34.925000,24.0,38.0,1010.1,False,45.4,278,4.4,2025,7,Emilia Romagna Grand Prix
0 days 00:55:34.936000,24.0,39.0,1009.9,False,44.8,286,4.7,2025,7,Emilia Romagna Grand Prix
0 days 00:56:34.953000,24.0,39.0,1009.9,False,45.0,298,3.4,2025,7,Emilia Romagna Grand Prix
0 days 00:57:34.970000,24.0,39.0,1010.0,False,45.2,266,3.5,2025,7,Emilia Romagna Grand Prix
0 days 00:58:34.953000,24.1,39.0,1010.0,False,45.3,296,3.8,2025,7,Emilia Romagna Grand Prix
0 days 00:59:34.956000,24.0,39.0,1009.9,False,45.4,280,2.6,2025,7,Emilia Romagna Grand Prix
0 days 01:00:34.941000,24.1,38.0,1009.9,False,44.8,286,4.1,2025,7,Emilia Romagna Grand Prix
0 days 01:01:34.954000,24.0,38.0,1010.0,False,44.7,241,4.6,2025,7,Emilia Romagna Grand Prix
0 days 01:02:34.957000,23.9,38.0,1010.0,False,43.4,286,3.0,2025,7,Emilia Romagna Grand Prix
0 days 01:03:34.984000,23.9,40.0,1010.0,False,43.4,279,1.5,2025,7,Emilia Romagna Grand Prix
0 days 01:04:34.971000,23.8,40.0,1009.9,False,43.5,277,2.4,2025,7,Emilia Romagna Grand Prix
0 days 01:05:34.950000,23.9,39.0,1009.8,False,43.2,317,4.3,2025,7,Emilia Romagna Grand Prix
0 days 01:06:34.953000,24.0,39.0,1010.1,False,43.1,284,3.3,2025,7,Emilia Romagna Grand Prix
0 days 01:07:34.982000,24.1,39.0,1009.8,False,43.2,309,3.6,2025,7,Emilia Romagna Grand Prix
0 days 01:08:34.963000,24.0,40.0,1009.8,False,43.2,120,3.0,2025,7,Emilia Romagna Grand Prix
0 days 01:09:34.961000,24.0,38.0,1009.8,False,43.2,251,2.2,2025,7,Emilia Romagna Grand Prix
0 days 01:10:34.951000,24.2,39.0,1009.7,False,42.7,297,3.1,2025,7,Emilia Romagna Grand Prix
0 days 01:11:34.990000,24.2,39.0,1009.7,False,42.9,297,4.1,2025,7,Emilia Romagna Grand Prix
0 days 01:12:35.056000,24.1,38.0,1010.0,False,42.9,315,4.6,2025,7,Emilia Romagna Grand Prix
0 days 01:13:35.037000,24.1,38.0,1009.9,False,42.7,286,3.9,2025,7,Emilia Romagna Grand Prix
0 days 01:14:35.004000,24.1,39.0,1009.8,False,42.5,342,3.7,2025,7,Emilia Romagna Grand Prix
0 days 01:15:35.063000,24.1,39.0,1009.7,False,42.7,302,2.6,2025,7,Emilia Romagna Grand Prix
0 days 01:16:35.014000,24.0,39.0,1009.8,False,42.8,305,2.5,2025,7,Emilia Romagna Grand Prix
0 days 01:17:35.018000,24.0,39.0,1009.6,False,42.5,300,3.1,2025,7,Emilia Romagna Grand Prix
0 days 01:18:35.035000,24.2,39.0,1009.8,False,42.5,353,3.1,2025,7,Emilia Romagna Grand Prix
0 days 01:19:35.028000,24.1,39.0,1009.8,False,42.5,235,3.5,2025,7,Emilia Romagna Grand Prix
0 days 01:20:35.035000,24.3,39.0,1009.9,False,42.3,290,1.6,2025,7,Emilia Romagna Grand Prix
0 days 01:21:35.070000,24.3,39.0,1009.9,False,41.7,284,4.8,2025,7,Emilia Romagna Grand Prix
0 days 01:22:35.045000,24.1,39.0,1009.9,False,41.7,243,3.2,2025,7,Emilia Romagna Grand Prix
0 days 01:23:35.065000,24.0,40.0,1010.0,False,41.7,314,3.2,2025,7,Emilia Romagna Grand Prix
0 days 01:24:35.110000,23.9,40.0,1009.8,False,41.6,329,2.9,2025,7,Emilia Romagna Grand Prix
0 days 01:25:35.055000,23.9,40.0,1009.9,False,41.8,265,2.1,2025,7,Emilia Romagna Grand Prix
0 days 01:26:35.062000,23.8,38.0,1009.9,False,41.7,285,2.7,2025,7,Emilia Romagna Grand Prix
0 days 01:27:35.057000,23.8,40.0,1009.8,False,41.7,268,3.3,2025,7,Emilia Romagna Grand Prix
0 days 01:28:35.068000,23.8,40.0,1009.7,False,41.6,288,1.8,2025,7,Emilia Romagna Grand Prix
0 days 01:29:35.076000,23.8,39.0,1009.6,False,41.8,328,2.5,2025,7,Emilia Romagna Grand Prix
0 days 01:30:35.070000,24.0,38.0,1009.7,False,41.4,132,2.7,2025,7,Emilia Romagna Grand Prix
0 days 01:31:35.101000,24.2,40.0,1009.6,False,41.5,63,2.5,2025,7,Emilia Romagna Grand Prix
0 days 01:32:35.097000,24.1,38.0,1009.6,False,41.8,344,2.6,2025,7,Emilia Romagna Grand Prix
0 days 01:33:35.107000,24.0,39.0,1009.7,False,41.8,318,1.4,2025,7,Emilia Romagna Grand Prix
0 days 01:34:35.114000,24.2,37.0,1009.6,False,41.8,289,2.9,2025,7,Emilia Romagna Grand Prix
0 days 01:35:35.118000,24.3,38.0,1009.6,False,41.7,286,2.4,2025,7,Emilia Romagna Grand Prix
0 days 01:36:35.128000,24.2,37.0,1009.7,False,40.9,276,3.0,2025,7,Emilia Romagna Grand Prix
0 days 01:37:35.090000,24.3,37.0,1009.7,False,40.9,294,3.8,2025,7,Emilia Romagna Grand Prix
0 days 01:38:35.099000,24.2,37.0,1009.6,False,41.3,288,3.4,2025,7,Emilia Romagna Grand Prix
0 days 01:39:35.104000,24.0,38.0,1009.7,False,41.6,282,3.8,2025,7,Emilia Romagna Grand Prix
0 days 01:40:35.111000,24.0,38.0,1009.8,False,41.9,292,2.0,2025,7,Emilia Romagna Grand Prix
0 days 01:41:35.104000,23.9,38.0,1009.7,False,41.9,216,3.2,2025,7,Emilia Romagna Grand Prix
0 days 01:42:35.105000,24.0,37.0,1009.7,False,41.6,328,2.8,2025,7,Emilia Romagna Grand Prix
0 days 01:43:35.118000,24.2,38.0,1009.6,False,41.4,286,3.9,2025,7,Emilia Romagna Grand Prix
0 days 01:44:35.104000,24.2,38.0,1009.6,False,41.3,286,4.2,2025,7,Emilia Romagna Grand Prix
0 days 01:45:35.106000,24.1,38.0,1009.7,False,41.2,90,3.0,2025,7,Emilia Romagna Grand Prix
0 days 01:46:35.108000,24.1,39.0,1009.7,False,40.9,244,3.5,2025,7,Emilia Romagna Grand Prix
0 days 01:47:35.110000,24.1,39.0,1009.7,False,39.9,322,3.0,2025,7,Emilia Romagna Grand Prix
0 days 01:48:35.103000,24.0,39.0,1009.7,False,38.9,288,2.1,2025,7,Emilia Romagna Grand Prix
0 days 01:49:35.108000,23.9,39.0,1009.7,False,38.6,123,3.1,2025,7,Emilia Romagna Grand Prix
0 days 01:50:35.133000,23.9,39.0,1009.5,False,39.3,331,2.4,2025,7,Emilia Romagna Grand Prix
0 days 01:51:35.122000,23.7,38.0,1009.3,False,39.8,318,2.9,2025,7,Emilia Romagna Grand Prix
0 days 01:52:35.124000,23.8,38.0,1009.6,False,39.3,272,3.9,2025,7,Emilia Romagna Grand Prix
0 days 01:53:35.108000,24.0,38.0,1009.5,False,38.7,300,3.1,2025,7,Emilia Romagna Grand Prix
0 days 01:54:35.123000,24.0,38.0,1009.6,False,38.7,292,3.4,2025,7,Emilia Romagna Grand Prix
0 days 01:55:35.132000,24.0,38.0,1009.5,False,39.4,296,1.9,2025,7,Emilia Romagna Grand Prix
0 days 01:56:35.139000,24.0,38.0,1009.6,False,39.7,251,2.5,2025,7,Emilia Romagna Grand Prix
0 days 01:57:35.124000,24.1,38.0,1009.6,False,39.7,228,3.1,2025,7,Emilia Romagna Grand Prix
0 days 01:58:35.127000,24.1,38.0,1009.5,False,40.1,291,2.9,2025,7,Emilia Romagna Grand Prix
0 days 01:59:35.121000,24.1,37.0,1009.6,False,40.1,288,2.6,2025,7,Emilia Romagna Grand Prix
0 days 02:00:35.125000,24.1,38.0,1009.7,False,39.4,291,4.1,2025,7,Emilia Romagna Grand Prix
0 days 02:01:35.122000,24.0,38.0,1009.5,False,39.5,284,3.2,2025,7,Emilia Romagna Grand Prix
0 days 02:02:35.126000,24.0,38.0,1009.5,False,39.6,323,3.5,2025,7,Emilia Romagna Grand Prix
0 days 02:03:35.113000,24.0,37.0,1009.4,False,40.1,283,3.3,2025,7,Emilia Romagna Grand Prix
0 days 02:04:35.128000,24.0,38.0,1009.4,False,40.1,332,2.6,2025,7,Emilia Romagna Grand Prix
0 days 02:05:35.115000,24.2,38.0,1009.4,False,40.5,289,3.3,2025,7,Emilia Romagna Grand Prix
0 days 02:06:35.116000,24.3,38.0,1009.5,False,40.5,315,3.2,2025,7,Emilia Romagna Grand Prix
0 days 02:07:35.126000,24.3,37.0,1009.5,False,40.2,238,3.8,2025,7,Emilia Romagna Grand Prix
0 days 02:08:35.114000,24.3,38.0,1009.5,False,40.1,294,3.3,2025,7,Emilia Romagna Grand Prix
0 days 02:09:35.120000,24.3,37.0,1009.6,False,39.7,305,4.1,2025,7,Emilia Romagna Grand Prix
0 days 02:10:35.139000,24.3,38.0,1009.3,False,39.7,302,4.4,2025,7,Emilia Romagna Grand Prix
0 days 02:11:35.152000,24.3,38.0,1009.5,False,39.6,313,4.7,2025,7,Emilia Romagna Grand Prix
0 days 02:12:35.163000,24.2,38.0,1009.6,False,39.6,287,4.7,2025,7,Emilia Romagna Grand Prix
0 days 02:13:35.166000,24.1,38.0,1009.3,False,39.6,296,4.9,2025,7,Emilia Romagna Grand Prix
0 days 02:14:35.200000,24.0,38.0,1009.5,False,39.7,284,3.2,2025,7,Emilia Romagna Grand Prix
0 days 02:15:35.198000,24.0,39.0,1009.4,False,39.7,273,3.0,2025,7,Emilia Romagna Grand Prix
0 days 02:16:35.239000,24.1,38.0,1009.3,False,39.9,329,3.3,2025,7,Emilia Romagna Grand Prix
0 days 02:17:35.236000,24.0,37.0,1009.5,False,39.9,308,4.0,2025,7,Emilia Romagna Grand Prix
0 days 02:18:35.260000,24.0,37.0,1009.3,False,39.7,324,3.7,2025,7,Emilia Romagna Grand Prix
0 days 02:19:35.246000,24.0,37.0,1009.4,False,39.3,287,3.1,2025,7,Emilia Romagna Grand Prix
0 days 02:20:35.247000,24.0,36.0,1009.5,False,39.3,282,3.9,2025,7,Emilia Romagna Grand Prix
0 days 02:21:35.259000,24.0,38.0,1009.4,False,39.5,282,3.8,2025,7,Emilia Romagna Grand Prix
0 days 02:22:35.257000,24.0,38.0,1009.3,False,39.5,336,2.0,2025,7,Emilia Romagna Grand Prix
0 days 02:23:35.255000,23.9,37.0,1009.3,False,39.4,298,3.9,2025,7,Emilia Romagna Grand Prix
0 days 02:24:35.256000,24.0,37.0,1009.3,False,39.4,310,3.3,2025,7,Emilia Romagna Grand Prix
0 days 02:25:35.258000,23.9,37.0,1009.4,False,39.0,297,3.3,2025,7,Emilia Romagna Grand Prix
0 days 02:26:35.259000,23.9,37.0,1009.5,False,38.9,328,2.9,2025,7,Emilia Romagna Grand Prix
0 days 02:27:35.271000,23.8,37.0,1009.3,False,38.6,301,1.7,2025,7,Emilia Romagna Grand Prix
0 days 02:28:35.268000,23.6,38.0,1009.2,False,38.7,276,3.9,2025,7,Emilia Romagna Grand Prix
0 days 02:29:35.262000,23.7,38.0,1009.3,False,38.7,0,3.2,2025,7,Emilia Romagna Grand Prix
0 days 00:00:18.586000,21.5,55.0,1017.3,False,42.6,298,1.0,2025,8,Monaco Grand Prix
0 days 00:01:18.584000,21.6,54.0,1017.3,False,43.6,176,0.7,2025,8,Monaco Grand Prix
0 days 00:02:18.615000,21.6,54.0,1017.3,False,43.5,180,2.2,2025,8,Monaco Grand Prix
0 days 00:03:18.615000,21.4,55.0,1017.2,False,43.3,0,1.2,2025,8,Monaco Grand Prix
0 days 00:04:18.632000,21.3,55.0,1017.1,False,43.2,341,0.4,2025,8,Monaco Grand Prix
0 days 00:05:18.642000,21.4,55.0,1017.2,False,43.0,319,1.1,2025,8,Monaco Grand Prix
0 days 00:06:18.639000,21.5,54.0,1017.2,False,43.0,327,1.6,2025,8,Monaco Grand Prix
0 days 00:07:18.648000,21.5,56.0,1017.1,False,43.0,330,2.2,2025,8,Monaco Grand Prix
0 days 00:08:18.643000,21.6,56.0,1017.2,False,43.0,334,1.1,2025,8,Monaco Grand Prix
0 days 00:09:18.679000,21.8,53.0,1017.0,False,44.1,331,1.1,2025,8,Monaco Grand Prix
0 days 00:10:18.687000,21.8,51.0,1017.1,False,44.1,315,0.9,2025,8,Monaco Grand Prix
0 days 00:11:18.687000,21.6,53.0,1017.1,False,43.5,332,1.4,2025,8,Monaco Grand Prix
0 days 00:12:18.703000,21.5,54.0,1017.1,False,43.2,345,1.3,2025,8,Monaco Grand Prix
0 days 00:13:18.692000,21.5,55.0,1017.0,False,42.7,333,1.0,2025,8,Monaco Grand Prix
0 days 00:14:18.690000,21.5,56.0,1017.1,False,43.2,302,1.8,2025,8,Monaco Grand Prix
0 days 00:15:18.682000,21.6,55.0,1017.1,False,44.2,330,1.2,2025,8,Monaco Grand Prix
0 days 00:16:18.688000,21.6,55.0,1017.0,False,44.4,337,1.4,2025,8,Monaco Grand Prix
0 days 00:17:18.699000,21.8,54.0,1017.0,False,44.5,323,1.5,2025,8,Monaco Grand Prix
0 days 00:18:18.693000,21.9,54.0,1017.0,False,44.5,242,1.3,2025,8,Monaco Grand Prix
0 days 00:19:18.682000,21.7,54.0,1017.0,False,44.1,0,0.9,2025,8,Monaco Grand Prix
0 days 00:20:18.688000,21.7,55.0,1017.0,False,43.7,327,0.6,2025,8,Monaco Grand Prix
0 days 00:21:18.697000,21.9,54.0,1016.9,False,44.1,335,0.6,2025,8,Monaco Grand Prix
0 days 00:22:18.707000,21.8,54.0,1017.0,False,44.2,327,1.7,2025,8,Monaco Grand Prix
0 days 00:23:18.726000,21.8,54.0,1016.9,False,43.9,305,1.5,2025,8,Monaco Grand Prix
0 days 00:24:18.729000,21.8,55.0,1017.0,False,43.9,325,0.8,2025,8,Monaco Grand Prix
0 days 00:25:18.732000,22.1,52.0,1017.0,False,43.9,216,0.9,2025,8,Monaco Grand Prix
0 days 00:26:18.729000,22.1,52.0,1017.1,False,44.5,2,0.8,2025,8,Monaco Grand Prix
0 days 00:27:18.730000,22.0,53.0,1017.1,False,44.5,321,0.9,2025,8,Monaco Grand Prix
0 days 00:28:18.719000,21.9,54.0,1017.0,False,43.5,325,0.9,2025,8,Monaco Grand Prix
0 days 00:29:18.720000,22.0,54.0,1017.1,False,43.5,328,0.7,2025,8,Monaco Grand Prix
0 days 00:30:18.732000,21.8,54.0,1017.0,False,43.7,252,1.1,2025,8,Monaco Grand Prix
0 days 00:31:18.744000,21.7,54.0,1017.0,False,43.7,302,1.3,2025,8,Monaco Grand Prix
0 days 00:32:18.727000,21.5,56.0,1017.0,False,43.4,0,1.0,2025,8,Monaco Grand Prix
0 days 00:33:18.739000,21.5,56.0,1017.0,False,42.7,221,0.7,2025,8,Monaco Grand Prix
0 days 00:34:18.736000,21.4,56.0,1017.0,False,43.0,332,0.3,2025,8,Monaco Grand Prix
0 days 00:35:18.730000,21.4,55.0,1017.0,False,43.3,335,1.1,2025,8,Monaco Grand Prix
0 days 00:36:18.740000,21.5,53.0,1017.1,False,43.3,328,0.4,2025,8,Monaco Grand Prix
0 days 00:37:18.733000,21.6,53.0,1017.0,False,42.9,335,1.5,2025,8,Monaco Grand Prix
0 days 00:38:18.733000,21.7,53.0,1017.1,False,42.2,338,0.9,2025,8,Monaco Grand Prix
0 days 00:39:18.740000,21.8,53.0,1017.1,False,42.1,240,1.3,2025,8,Monaco Grand Prix
0 days 00:40:18.731000,21.8,53.0,1017.1,False,42.6,145,0.5,2025,8,Monaco Grand Prix
0 days 00:41:18.742000,21.9,52.0,1017.0,False,43.3,0,0.8,2025,8,Monaco Grand Prix
0 days 00:42:18.740000,22.1,51.0,1016.9,False,44.0,330,1.0,2025,8,Monaco Grand Prix
0 days 00:43:18.748000,22.1,49.0,1016.9,False,44.8,328,0.9,2025,8,Monaco Grand Prix
0 days 00:44:18.740000,22.0,50.0,1016.9,False,44.8,230,0.7,2025,8,Monaco Grand Prix
0 days 00:45:18.741000,22.1,50.0,1017.0,False,44.4,191,0.5,2025,8,Monaco Grand Prix
0 days 00:46:18.739000,22.1,49.0,1017.0,False,44.4,192,0.7,2025,8,Monaco Grand Prix
0 days 00:47:18.755000,22.1,50.0,1016.9,False,44.1,222,0.6,2025,8,Monaco Grand Prix
0 days 00:48:18.756000,22.0,50.0,1017.1,False,44.1,189,0.4,2025,8,Monaco Grand Prix
0 days 00:49:18.750000,21.9,51.0,1017.0,False,43.7,335,1.4,2025,8,Monaco Grand Prix
0 days 00:50:18.744000,21.9,52.0,1016.9,False,43.5,355,1.0,2025,8,Monaco Grand Prix
0 days 00:51:18.745000,21.9,51.0,1016.9,False,44.5,339,1.7,2025,8,Monaco Grand Prix
0 days 00:52:18.764000,21.9,51.0,1016.9,False,44.7,330,1.8,2025,8,Monaco Grand Prix
0 days 00:53:18.745000,21.9,51.0,1016.9,False,44.6,329,1.5,2025,8,Monaco Grand Prix
0 days 00:54:18.746000,21.9,51.0,1016.9,False,44.6,295,1.8,2025,8,Monaco Grand Prix
0 days 00:55:18.762000,21.9,51.0,1016.9,False,45.0,318,1.1,2025,8,Monaco Grand Prix
0 days 00:56:18.747000,22.0,51.0,1016.8,False,45.2,345,0.8,2025,8,Monaco Grand Prix
0 days 00:57:18.753000,22.0,51.0,1016.9,False,43.9,44,1.2,2025,8,Monaco Grand Prix
0 days 00:58:18.763000,21.9,53.0,1016.9,False,42.7,331,0.9,2025,8,Monaco Grand Prix
0 days 00:59:18.754000,21.7,53.0,1016.9,False,42.7,205,0.9,2025,8,Monaco Grand Prix
0 days 01:00:18.770000,21.8,52.0,1016.9,False,43.2,346,1.6,2025,8,Monaco Grand Prix
0 days 01:01:18.818000,21.9,51.0,1016.9,False,43.2,0,1.0,2025,8,Monaco Grand Prix
0 days 01:02:18.830000,22.0,53.0,1016.9,False,42.7,190,0.8,2025,8,Monaco Grand Prix
0 days 01:03:18.890000,22.0,55.0,1016.9,False,41.3,318,0.5,2025,8,Monaco Grand Prix
0 days 01:04:18.866000,21.9,54.0,1016.8,False,42.0,171,0.9,2025,8,Monaco Grand Prix
0 days 01:05:18.897000,21.9,54.0,1016.9,False,42.2,294,1.1,2025,8,Monaco Grand Prix
0 days 01:06:18.882000,22.0,54.0,1016.9,False,43.1,341,1.0,2025,8,Monaco Grand Prix
0 days 01:07:18.893000,22.1,52.0,1016.9,False,44.1,317,0.8,2025,8,Monaco Grand Prix
0 days 01:08:18.898000,22.3,51.0,1016.9,False,44.2,16,1.3,2025,8,Monaco Grand Prix
0 days 01:09:18.920000,22.4,50.0,1017.0,False,44.6,0,1.1,2025,8,Monaco Grand Prix
0 days 01:10:18.905000,22.5,48.0,1017.0,False,44.7,331,1.3,2025,8,Monaco Grand Prix
0 days 01:11:18.914000,22.6,49.0,1017.0,False,45.0,162,1.1,2025,8,Monaco Grand Prix
0 days 01:12:18.946000,22.6,50.0,1016.9,False,43.7,29,1.5,2025,8,Monaco Grand Prix
0 days 01:13:18.925000,22.5,52.0,1016.9,False,43.7,0,0.4,2025,8,Monaco Grand Prix
0 days 01:14:18.981000,22.3,52.0,1017.0,False,44.0,265,0.9,2025,8,Monaco Grand Prix
0 days 01:15:18.963000,22.4,53.0,1017.0,False,44.0,149,0.8,2025,8,Monaco Grand Prix
0 days 01:16:18.948000,22.4,53.0,1016.9,False,44.0,0,0.6,2025,8,Monaco Grand Prix
0 days 01:17:18.963000,22.5,51.0,1016.9,False,44.3,327,0.8,2025,8,Monaco Grand Prix
0 days 01:18:18.976000,22.5,50.0,1016.9,False,45.2,173,1.2,2025,8,Monaco Grand Prix
0 days 01:19:18.990000,22.6,48.0,1016.7,False,45.2,189,0.5,2025,8,Monaco Grand Prix
0 days 01:20:18.984000,22.7,49.0,1016.9,False,44.9,238,0.6,2025,8,Monaco Grand Prix
0 days 01:21:18.987000,22.8,49.0,1016.9,False,44.5,163,1.2,2025,8,Monaco Grand Prix
0 days 01:22:19.003000,22.8,50.0,1016.9,False,44.5,177,1.6,2025,8,Monaco Grand Prix
0 days 01:23:18.986000,22.6,51.0,1016.8,False,44.0,157,0.8,2025,8,Monaco Grand Prix
0 days 01:24:19.001000,22.5,51.0,1016.8,False,44.0,349,0.8,2025,8,Monaco Grand Prix
0 days 01:25:18.985000,22.4,52.0,1016.9,False,44.0,259,0.5,2025,8,Monaco Grand Prix
0 days 01:26:18.986000,22.4,51.0,1016.9,False,43.8,295,0.6,2025,8,Monaco Grand Prix
0 days 01:27:18.999000,22.5,52.0,1016.8,False,43.1,192,0.8,2025,8,Monaco Grand Prix
0 days 01:28:19.008000,22.3,53.0,1016.9,False,43.2,193,0.6,2025,8,Monaco Grand Prix
0 days 01:29:19.008000,22.4,53.0,1016.9,False,43.8,86,1.4,2025,8,Monaco Grand Prix
0 days 01:30:18.998000,22.4,54.0,1016.8,False,43.8,169,0.7,2025,8,Monaco Grand Prix
0 days 01:31:19.016000,22.3,53.0,1016.8,False,43.6,0,0.6,2025,8,Monaco Grand Prix
0 days 01:32:19.033000,22.4,52.0,1016.8,False,43.6,165,0.9,2025,8,Monaco Grand Prix
0 days 01:33:19.034000,22.4,52.0,1016.8,False,43.7,335,1.0,2025,8,Monaco Grand Prix
0 days 01:34:19.018000,22.4,53.0,1016.9,False,43.6,196,1.3,2025,8,Monaco Grand Prix
0 days 01:35:19.032000,22.5,54.0,1016.8,False,43.3,51,1.1,2025,8,Monaco Grand Prix
0 days 01:36:19.032000,22.5,55.0,1016.8,False,43.7,117,0.8,2025,8,Monaco Grand Prix
0 days 01:37:19.048000,22.4,54.0,1016.8,False,43.7,181,1.0,2025,8,Monaco Grand Prix
0 days 01:38:19.049000,22.5,54.0,1016.8,False,43.7,353,0.8,2025,8,Monaco Grand Prix
0 days 01:39:19.058000,22.7,53.0,1016.9,False,43.6,185,1.1,2025,8,Monaco Grand Prix
0 days 01:40:19.049000,22.6,54.0,1016.8,False,43.2,169,1.5,2025,8,Monaco Grand Prix
0 days 01:41:19.055000,22.5,53.0,1016.7,False,43.1,0,0.8,2025,8,Monaco Grand Prix
0 days 01:42:19.071000,22.6,54.0,1016.8,False,43.2,141,0.9,2025,8,Monaco Grand Prix
0 days 01:43:19.105000,22.5,55.0,1016.7,False,43.6,289,0.0,2025,8,Monaco Grand Prix
0 days 01:44:19.105000,22.5,55.0,1016.6,False,43.7,75,0.8,2025,8,Monaco Grand Prix
0 days 01:45:19.108000,22.5,54.0,1016.6,False,43.7,183,0.6,2025,8,Monaco Grand Prix
0 days 01:46:19.124000,22.6,53.0,1016.7,False,43.5,202,0.7,2025,8,Monaco Grand Prix
0 days 01:47:19.124000,22.8,52.0,1016.7,False,43.2,197,0.7,2025,8,Monaco Grand Prix
0 days 01:48:19.136000,22.7,54.0,1016.7,False,43.2,203,0.6,2025,8,Monaco Grand Prix
0 days 01:49:19.130000,22.8,54.0,1016.6,False,43.4,260,0.9,2025,8,Monaco Grand Prix
0 days 01:50:19.141000,22.9,52.0,1016.7,False,43.5,0,0.7,2025,8,Monaco Grand Prix
0 days 01:51:19.157000,22.9,51.0,1016.7,False,43.7,0,0.5,2025,8,Monaco Grand Prix
0 days 01:52:19.163000,22.6,54.0,1016.6,False,42.9,345,0.8,2025,8,Monaco Grand Prix
0 days 01:53:19.154000,22.5,55.0,1016.6,False,42.7,194,0.5,2025,8,Monaco Grand Prix
0 days 01:54:19.178000,22.5,54.0,1016.5,False,43.0,180,0.9,2025,8,Monaco Grand Prix
0 days 01:55:19.170000,22.5,54.0,1016.6,False,43.4,304,0.8,2025,8,Monaco Grand Prix
0 days 01:56:19.176000,22.5,55.0,1016.7,False,43.2,170,0.7,2025,8,Monaco Grand Prix
0 days 01:57:19.187000,22.5,53.0,1016.5,False,43.2,34,0.5,2025,8,Monaco Grand Prix
0 days 01:58:19.210000,22.5,55.0,1016.7,False,42.4,181,0.9,2025,8,Monaco Grand Prix
0 days 01:59:19.206000,22.5,56.0,1016.7,False,42.4,178,0.9,2025,8,Monaco Grand Prix
0 days 02:00:19.222000,22.5,56.0,1016.7,False,42.3,146,1.1,2025,8,Monaco Grand Prix
0 days 02:01:19.222000,22.5,56.0,1016.6,False,42.2,151,1.7,2025,8,Monaco Grand Prix
0 days 02:02:19.238000,22.6,55.0,1016.5,False,42.2,197,1.1,2025,8,Monaco Grand Prix
0 days 02:03:19.232000,22.5,55.0,1016.5,False,42.2,296,0.9,2025,8,Monaco Grand Prix
0 days 02:04:19.255000,22.4,55.0,1016.5,False,42.1,70,0.8,2025,8,Monaco Grand Prix
0 days 02:05:19.253000,22.5,55.0,1016.5,False,42.2,239,0.8,2025,8,Monaco Grand Prix
0 days 02:06:19.280000,22.4,54.0,1016.6,False,42.2,331,1.0,2025,8,Monaco Grand Prix
0 days 02:07:19.266000,22.5,54.0,1016.5,False,42.2,245,1.1,2025,8,Monaco Grand Prix
0 days 02:08:19.278000,22.5,53.0,1016.5,False,42.9,225,0.7,2025,8,Monaco Grand Prix
0 days 02:09:19.274000,22.6,53.0,1016.4,False,42.9,195,0.7,2025,8,Monaco Grand Prix
0 days 02:10:19.297000,22.6,53.0,1016.5,False,43.9,348,1.3,2025,8,Monaco Grand Prix
0 days 02:11:19.301000,22.7,51.0,1016.5,False,43.9,196,0.8,2025,8,Monaco Grand Prix
0 days 02:12:19.315000,22.8,50.0,1016.5,False,43.9,4,1.1,2025,8,Monaco Grand Prix
0 days 02:13:19.302000,22.6,52.0,1016.5,False,42.2,0,1.0,2025,8,Monaco Grand Prix
0 days 02:14:19.318000,22.5,52.0,1016.4,False,42.2,0,0.6,2025,8,Monaco Grand Prix
0 days 02:15:19.296000,22.5,52.0,1016.4,False,42.5,324,0.0,2025,8,Monaco Grand Prix
0 days 02:16:19.309000,22.5,52.0,1016.4,False,42.5,201,1.0,2025,8,Monaco Grand Prix
0 days 02:17:19.304000,22.6,51.0,1016.3,False,43.0,147,0.4,2025,8,Monaco Grand Prix
0 days 02:18:19.305000,22.7,50.0,1016.4,False,43.0,179,0.8,2025,8,Monaco Grand Prix
0 days 02:19:19.328000,22.8,49.0,1016.4,False,42.8,65,1.0,2025,8,Monaco Grand Prix
0 days 02:20:19.323000,22.8,48.0,1016.5,False,42.8,197,1.0,2025,8,Monaco Grand Prix
0 days 02:21:19.318000,22.7,48.0,1016.4,False,43.1,0,1.0,2025,8,Monaco Grand Prix
0 days 02:22:19.333000,22.6,48.0,1016.4,False,42.7,314,0.8,2025,8,Monaco Grand Prix
0 days 02:23:19.314000,22.5,49.0,1016.3,False,42.7,0,0.9,2025,8,Monaco Grand Prix
0 days 02:24:19.324000,22.5,50.0,1016.5,False,41.7,195,0.4,2025,8,Monaco Grand Prix
0 days 02:25:19.318000,22.4,51.0,1016.3,False,41.3,0,1.5,2025,8,Monaco Grand Prix
0 days 02:26:19.326000,22.4,51.0,1016.4,False,41.8,0,0.4,2025,8,Monaco Grand Prix
0 days 02:27:19.326000,22.5,51.0,1016.2,False,42.6,0,0.8,2025,8,Monaco Grand Prix
0 days 02:28:19.321000,22.5,50.0,1016.3,False,42.2,198,0.6,2025,8,Monaco Grand Prix
0 days 02:29:19.336000,22.5,51.0,1016.3,False,42.3,182,1.9,2025,8,Monaco Grand Prix
0 days 02:30:19.326000,22.6,50.0,1016.3,False,42.7,185,1.4,2025,8,Monaco Grand Prix
0 days 02:31:19.323000,22.5,50.0,1016.3,False,42.0,151,1.2,2025,8,Monaco Grand Prix
0 days 02:32:19.320000,22.3,51.0,1016.3,False,41.8,242,1.6,2025,8,Monaco Grand Prix
0 days 02:33:19.332000,22.3,51.0,1016.3,False,41.6,169,1.5,2025,8,Monaco Grand Prix
0 days 02:34:19.333000,22.2,52.0,1016.2,False,41.3,203,1.5,2025,8,Monaco Grand Prix
0 days 02:35:19.337000,22.3,51.0,1016.2,False,41.3,185,0.9,2025,8,Monaco Grand Prix
0 days 02:36:19.337000,22.4,50.0,1016.2,False,41.9,195,1.5,2025,8,Monaco Grand Prix
0 days 02:37:19.337000,22.4,50.0,1016.2,False,41.7,264,1.0,2025,8,Monaco Grand Prix
0 days 02:38:19.322000,22.4,51.0,1016.2,False,41.4,192,1.5,2025,8,Monaco Grand Prix
0 days 02:39:19.327000,22.5,50.0,1016.2,False,41.6,159,0.8,2025,8,Monaco Grand Prix
0 days 00:00:17.775000,29.9,49.0,1003.5,False,48.2,224,2.3,2025,9,Spanish Grand Prix
0 days 00:01:17.773000,30.0,49.0,1003.6,False,48.4,221,1.1,2025,9,Spanish Grand Prix
0 days 00:02:17.774000,30.0,49.0,1003.5,False,48.6,291,1.6,2025,9,Spanish Grand Prix
0 days 00:03:17.762000,30.0,49.0,1003.5,False,48.8,217,1.1,2025,9,Spanish Grand Prix
0 days 00:04:17.801000,30.0,49.0,1003.4,False,48.8,6,1.1,2025,9,Spanish Grand Prix
0 days 00:05:17.780000,30.0,50.0,1003.4,False,48.1,34,1.1,2025,9,Spanish Grand Prix
0 days 00:06:17.802000,30.0,50.0,1003.4,False,49.2,345,1.1,2025,9,Spanish Grand Prix
0 days 00:07:17.805000,29.7,49.0,1003.4,False,49.2,345,1.4,2025,9,Spanish Grand Prix
0 days 00:08:17.810000,29.6,49.0,1003.4,False,49.0,324,1.3,2025,9,Spanish Grand Prix
0 days 00:09:17.804000,29.6,49.0,1003.5,False,48.9,212,1.8,2025,9,Spanish Grand Prix
0 days 00:10:17.817000,29.6,49.0,1003.3,False,48.5,166,1.2,2025,9,Spanish Grand Prix
0 days 00:11:17.824000,29.5,50.0,1003.4,False,48.5,191,1.9,2025,9,Spanish Grand Prix
0 days 00:12:17.821000,29.6,49.0,1003.5,False,49.1,234,1.8,2025,9,Spanish Grand Prix
0 days 00:13:17.828000,29.5,49.0,1003.4,False,48.7,217,1.6,2025,9,Spanish Grand Prix
0 days 00:14:17.860000,29.5,49.0,1003.4,False,49.4,187,1.2,2025,9,Spanish Grand Prix
0 days 00:15:17.853000,29.5,49.0,1003.4,False,49.4,205,0.8,2025,9,Spanish Grand Prix
0 days 00:16:17.871000,29.6,48.0,1003.4,False,49.4,163,1.4,2025,9,Spanish Grand Prix
0 days 00:17:17.875000,29.6,48.0,1003.4,False,48.6,166,1.3,2025,9,Spanish Grand Prix
0 days 00:18:17.897000,29.5,48.0,1003.3,False,48.3,302,1.6,2025,9,Spanish Grand Prix
0 days 00:19:17.895000,29.4,49.0,1003.3,False,48.3,306,1.5,2025,9,Spanish Grand Prix
0 days 00:20:17.899000,29.3,49.0,1003.3,False,48.7,1,1.1,2025,9,Spanish Grand Prix
0 days 00:21:17.909000,29.3,49.0,1003.3,False,49.4,0,1.1,2025,9,Spanish Grand Prix
0 days 00:22:17.894000,29.2,49.0,1003.3,False,49.4,311,0.8,2025,9,Spanish Grand Prix
0 days 00:23:17.890000,29.3,48.0,1003.3,False,49.6,188,1.3,2025,9,Spanish Grand Prix
0 days 00:24:17.891000,29.3,48.0,1003.4,False,48.9,236,1.5,2025,9,Spanish Grand Prix
0 days 00:25:17.899000,29.4,48.0,1003.1,False,49.4,163,0.9,2025,9,Spanish Grand Prix
0 days 00:26:17.894000,29.5,48.0,1003.3,False,49.4,310,1.1,2025,9,Spanish Grand Prix
0 days 00:27:17.899000,29.5,48.0,1003.3,False,49.7,35,1.3,2025,9,Spanish Grand Prix
0 days 00:28:17.890000,29.5,49.0,1003.3,False,49.2,242,1.1,2025,9,Spanish Grand Prix
0 days 00:29:17.900000,29.5,49.0,1003.1,False,49.3,238,1.4,2025,9,Spanish Grand Prix
0 days 00:30:17.897000,29.6,49.0,1003.1,False,49.3,199,2.5,2025,9,Spanish Grand Prix
0 days 00:31:17.923000,29.4,50.0,1003.3,False,49.2,170,1.8,2025,9,Spanish Grand Prix
0 days 00:32:17.908000,29.2,51.0,1003.2,False,48.8,203,1.7,2025,9,Spanish Grand Prix
0 days 00:33:17.903000,29.2,52.0,1003.2,False,49.1,265,0.7,2025,9,Spanish Grand Prix
0 days 00:34:17.917000,29.1,51.0,1003.3,False,50.3,32,1.4,2025,9,Spanish Grand Prix
0 days 00:35:17.919000,29.3,50.0,1003.1,False,50.4,265,1.5,2025,9,Spanish Grand Prix
0 days 00:36:17.898000,29.3,51.0,1003.1,False,50.3,35,1.1,2025,9,Spanish Grand Prix
0 days 00:37:17.918000,29.4,50.0,1003.2,False,50.1,6,1.9,2025,9,Spanish Grand Prix
0 days 00:38:17.919000,29.4,51.0,1003.1,False,48.8,291,1.1,2025,9,Spanish Grand Prix
0 days 00:39:17.905000,29.3,52.0,1003.0,False,48.8,83,2.8,2025,9,Spanish Grand Prix
0 days 00:40:17.911000,29.3,52.0,1003.1,False,49.4,316,1.4,2025,9,Spanish Grand Prix
0 days 00:41:17.921000,29.1,51.0,1003.1,False,49.4,200,1.5,2025,9,Spanish Grand Prix
0 days 00:42:17.920000,29.1,51.0,1003.0,False,49.6,266,1.4,2025,9,Spanish Grand Prix
0 days 00:43:17.922000,29.1,51.0,1003.1,False,49.1,216,1.3,2025,9,Spanish Grand Prix
0 days 00:44:17.911000,29.1,51.0,1003.1,False,49.4,145,1.7,2025,9,Spanish Grand Prix
0 days 00:45:17.910000,29.2,51.0,1003.0,False,49.5,177,1.3,2025,9,Spanish Grand Prix
0 days 00:46:17.925000,29.4,50.0,1003.0,False,49.5,164,2.2,2025,9,Spanish Grand Prix
0 days 00:47:17.924000,29.5,51.0,1003.0,False,49.5,243,0.9,2025,9,Spanish Grand Prix
0 days 00:48:17.921000,29.5,50.0,1003.1,False,49.7,207,1.3,2025,9,Spanish Grand Prix
0 days 00:49:17.936000,29.4,50.0,1003.0,False,50.2,249,1.4,2025,9,Spanish Grand Prix
0 days 00:50:17.918000,29.5,50.0,1003.0,False,49.7,180,1.2,2025,9,Spanish Grand Prix
0 days 00:51:17.921000,29.6,50.0,1003.0,False,50.3,195,1.5,2025,9,Spanish Grand Prix
0 days 00:52:17.935000,29.6,50.0,1003.0,False,50.3,61,1.1,2025,9,Spanish Grand Prix
0 days 00:53:17.934000,29.6,50.0,1003.1,False,50.3,320,1.5,2025,9,Spanish Grand Prix
0 days 00:54:17.943000,29.6,50.0,1002.9,False,50.4,0,0.9,2025,9,Spanish Grand Prix
0 days 00:55:17.977000,29.6,50.0,1003.0,False,50.4,258,1.1,2025,9,Spanish Grand Prix
0 days 00:56:17.974000,29.6,49.0,1003.0,False,49.7,193,1.0,2025,9,Spanish Grand Prix
0 days 00:57:17.975000,29.8,50.0,1003.0,False,49.4,191,1.1,2025,9,Spanish Grand Prix
0 days 00:58:17.983000,29.7,50.0,1002.9,False,49.4,349,1.0,2025,9,Spanish Grand Prix
0 days 00:59:17.994000,29.6,51.0,1002.9,False,49.5,275,2.0,2025,9,Spanish Grand Prix
0 days 01:00:18.048000,29.5,51.0,1003.1,False,49.4,351,1.0,2025,9,Spanish Grand Prix
0 days 01:01:17.978000,29.6,51.0,1003.0,False,49.4,261,1.2,2025,9,Spanish Grand Prix
0 days 01:02:17.969000,29.5,52.0,1002.8,False,49.0,48,1.1,2025,9,Spanish Grand Prix
0 days 01:03:18.030000,29.4,53.0,1002.9,False,49.4,275,2.6,2025,9,Spanish Grand Prix
0 days 01:04:18.031000,29.4,54.0,1002.8,False,49.4,276,1.8,2025,9,Spanish Grand Prix
0 days 01:05:17.982000,29.3,53.0,1002.9,False,49.9,345,1.8,2025,9,Spanish Grand Prix
0 days 01:06:18.049000,29.3,52.0,1002.8,False,48.9,310,1.8,2025,9,Spanish Grand Prix
0 days 01:07:17.966000,29.2,53.0,1002.9,False,48.2,29,2.0,2025,9,Spanish Grand Prix
0 days 01:08:17.979000,29.1,54.0,1002.8,False,49.1,79,1.5,2025,9,Spanish Grand Prix
0 days 01:09:18.040000,29.0,54.0,1002.8,False,49.4,34,1.9,2025,9,Spanish Grand Prix
0 days 01:10:18.036000,28.9,54.0,1002.9,False,49.4,353,2.8,2025,9,Spanish Grand Prix
0 days 01:11:18.045000,28.9,56.0,1002.7,False,49.1,298,2.5,2025,9,Spanish Grand Prix
0 days 01:12:18.042000,28.9,56.0,1002.8,False,49.1,3,2.0,2025,9,Spanish Grand Prix
0 days 01:13:18.034000,29.0,55.0,1002.8,False,49.1,75,2.5,2025,9,Spanish Grand Prix
0 days 01:14:18.028000,29.0,55.0,1002.8,False,49.1,251,1.1,2025,9,Spanish Grand Prix
0 days 01:15:18.049000,29.1,55.0,1002.6,False,49.6,51,3.5,2025,9,Spanish Grand Prix
0 days 01:16:18.047000,29.3,55.0,1002.8,False,49.6,58,2.1,2025,9,Spanish Grand Prix
0 days 01:17:18.071000,29.3,55.0,1002.8,False,49.0,323,2.7,2025,9,Spanish Grand Prix
0 days 01:18:18.060000,29.2,56.0,1002.8,False,49.0,0,1.9,2025,9,Spanish Grand Prix
0 days 01:19:18.059000,29.2,55.0,1002.7,False,49.1,61,2.1,2025,9,Spanish Grand Prix
0 days 01:20:18.066000,29.3,55.0,1002.7,False,49.1,305,2.2,2025,9,Spanish Grand Prix
0 days 01:21:18.075000,29.3,56.0,1002.7,False,49.2,113,1.4,2025,9,Spanish Grand Prix
0 days 01:22:18.062000,29.4,56.0,1002.7,False,49.4,22,1.2,2025,9,Spanish Grand Prix
0 days 01:23:18.070000,29.3,55.0,1002.6,False,48.7,57,1.9,2025,9,Spanish Grand Prix
0 days 01:24:18.079000,29.3,55.0,1002.8,False,48.4,41,2.5,2025,9,Spanish Grand Prix
0 days 01:25:18.069000,29.2,56.0,1002.6,False,47.2,339,2.3,2025,9,Spanish Grand Prix
0 days 01:26:18.088000,29.1,57.0,1002.5,False,47.0,44,1.8,2025,9,Spanish Grand Prix
0 days 01:27:18.088000,29.0,57.0,1002.6,False,47.0,0,1.2,2025,9,Spanish Grand Prix
0 days 01:28:18.170000,29.0,57.0,1002.7,False,47.4,3,1.5,2025,9,Spanish Grand Prix
0 days 01:29:18.126000,28.8,56.0,1002.7,False,47.5,39,1.1,2025,9,Spanish Grand Prix
0 days 01:30:18.137000,28.7,56.0,1002.7,False,47.9,15,1.2,2025,9,Spanish Grand Prix
0 days 01:31:18.162000,28.8,56.0,1002.5,False,47.9,183,1.3,2025,9,Spanish Grand Prix
0 days 01:32:18.163000,28.9,56.0,1002.6,False,48.6,258,0.7,2025,9,Spanish Grand Prix
0 days 01:33:18.178000,29.0,56.0,1002.7,False,49.2,63,1.5,2025,9,Spanish Grand Prix
0 days 01:34:18.168000,29.0,55.0,1002.6,False,48.7,270,1.3,2025,9,Spanish Grand Prix
0 days 01:35:18.187000,29.1,57.0,1002.7,False,48.5,55,1.4,2025,9,Spanish Grand Prix
0 days 01:36:18.199000,29.1,57.0,1002.5,False,48.7,11,2.7,2025,9,Spanish Grand Prix
0 days 01:37:18.183000,29.1,57.0,1002.5,False,48.3,69,2.5,2025,9,Spanish Grand Prix
0 days 01:38:18.206000,29.1,57.0,1002.6,False,47.9,60,1.8,2025,9,Spanish Grand Prix
0 days 01:39:18.207000,29.0,58.0,1002.5,False,47.9,61,1.9,2025,9,Spanish Grand Prix
0 days 01:40:18.211000,29.0,58.0,1002.4,False,47.9,46,1.4,2025,9,Spanish Grand Prix
0 days 01:41:18.213000,28.9,58.0,1002.5,False,47.9,52,2.5,2025,9,Spanish Grand Prix
0 days 01:42:18.202000,28.9,59.0,1002.4,False,47.7,51,2.6,2025,9,Spanish Grand Prix
0 days 01:43:18.204000,29.0,59.0,1002.5,False,48.0,41,2.4,2025,9,Spanish Grand Prix
0 days 01:44:18.207000,29.0,59.0,1002.5,False,48.6,36,2.5,2025,9,Spanish Grand Prix
0 days 01:45:18.208000,28.9,58.0,1002.5,False,48.1,36,2.1,2025,9,Spanish Grand Prix
0 days 01:46:18.219000,28.7,59.0,1002.4,False,47.7,64,2.2,2025,9,Spanish Grand Prix
0 days 01:47:18.203000,28.6,58.0,1002.4,False,49.0,14,2.1,2025,9,Spanish Grand Prix
0 days 01:48:18.260000,28.6,59.0,1002.4,False,47.6,0,1.4,2025,9,Spanish Grand Prix
0 days 01:49:18.208000,28.6,59.0,1002.3,False,47.1,352,1.7,2025,9,Spanish Grand Prix
0 days 01:50:18.211000,28.5,59.0,1002.3,False,46.9,0,1.3,2025,9,Spanish Grand Prix
0 days 01:51:18.224000,28.3,60.0,1002.3,False,47.1,64,2.3,2025,9,Spanish Grand Prix
0 days 01:52:18.209000,28.1,60.0,1002.4,False,46.7,33,2.5,2025,9,Spanish Grand Prix
0 days 01:53:18.210000,28.2,60.0,1002.4,False,47.0,345,2.8,2025,9,Spanish Grand Prix
0 days 01:54:18.228000,28.3,60.0,1002.3,False,47.5,86,1.3,2025,9,Spanish Grand Prix
0 days 01:55:18.212000,28.3,60.0,1002.4,False,47.0,61,2.2,2025,9,Spanish Grand Prix
0 days 01:56:18.204000,28.2,60.0,1002.2,False,46.9,24,2.8,2025,9,Spanish Grand Prix
0 days 01:57:18.204000,28.3,61.0,1002.2,False,46.9,35,2.6,2025,9,Spanish Grand Prix
0 days 01:58:18.222000,28.3,61.0,1002.3,False,46.8,29,2.5,2025,9,Spanish Grand Prix
0 days 01:59:18.228000,28.4,61.0,1002.3,False,46.8,2,2.0,2025,9,Spanish Grand Prix
0 days 02:00:18.234000,28.4,61.0,1002.3,False,47.4,60,2.0,2025,9,Spanish Grand Prix
0 days 02:01:18.217000,28.4,62.0,1002.3,False,47.5,268,1.3,2025,9,Spanish Grand Prix
0 days 02:02:18.225000,28.3,61.0,1002.4,False,47.5,35,1.5,2025,9,Spanish Grand Prix
0 days 02:03:18.263000,28.2,61.0,1002.3,False,48.0,62,1.3,2025,9,Spanish Grand Prix
0 days 02:04:18.267000,28.2,61.0,1002.4,False,48.2,59,1.1,2025,9,Spanish Grand Prix
0 days 02:05:18.270000,28.3,61.0,1002.4,False,48.5,77,2.1,2025,9,Spanish Grand Prix
0 days 02:06:18.264000,28.3,60.0,1002.3,False,48.0,75,1.5,2025,9,Spanish Grand Prix
0 days 02:07:18.279000,28.5,59.0,1002.4,False,48.5,31,2.5,2025,9,Spanish Grand Prix
0 days 02:08:18.275000,28.6,60.0,1002.3,False,48.5,252,1.8,2025,9,Spanish Grand Prix
0 days 02:09:18.281000,28.6,60.0,1002.3,False,47.5,49,1.4,2025,9,Spanish Grand Prix
0 days 02:10:18.295000,28.6,59.0,1002.4,False,47.5,343,2.2,2025,9,Spanish Grand Prix
0 days 02:11:18.282000,28.6,60.0,1002.3,False,47.0,52,2.2,2025,9,Spanish Grand Prix
0 days 02:12:18.274000,28.6,60.0,1002.4,False,47.7,15,2.1,2025,9,Spanish Grand Prix
0 days 02:13:18.277000,28.6,60.0,1002.3,False,47.7,59,1.5,2025,9,Spanish Grand Prix
0 days 02:14:18.284000,28.7,60.0,1002.4,False,47.9,76,1.6,2025,9,Spanish Grand Prix
0 days 02:15:18.271000,28.7,60.0,1002.3,False,47.9,65,2.4,2025,9,Spanish Grand Prix
0 days 02:16:18.293000,28.7,60.0,1002.4,False,47.6,161,1.1,2025,9,Spanish Grand Prix
0 days 02:17:18.275000,28.7,59.0,1002.3,False,47.4,277,1.4,2025,9,Spanish Grand Prix
0 days 02:18:18.285000,28.7,60.0,1002.3,False,47.5,222,1.8,2025,9,Spanish Grand Prix
0 days 02:19:18.279000,28.8,60.0,1002.3,False,47.6,178,0.9,2025,9,Spanish Grand Prix
0 days 02:20:18.287000,28.9,60.0,1002.4,False,48.1,338,0.6,2025,9,Spanish Grand Prix
0 days 02:21:18.315000,28.9,59.0,1002.3,False,47.8,147,0.8,2025,9,Spanish Grand Prix
0 days 02:22:18.330000,28.8,60.0,1002.3,False,48.9,82,0.8,2025,9,Spanish Grand Prix
0 days 02:23:18.354000,28.9,58.0,1002.2,False,48.9,75,1.9,2025,9,Spanish Grand Prix
0 days 02:24:18.355000,28.9,59.0,1002.3,False,47.5,50,1.3,2025,9,Spanish Grand Prix
0 days 02:25:18.366000,28.9,59.0,1002.3,False,47.5,17,2.3,2025,9,Spanish Grand Prix
0 days 02:26:18.367000,29.0,59.0,1002.2,False,46.5,5,2.0,2025,9,Spanish Grand Prix
0 days 02:27:18.376000,29.0,60.0,1002.3,False,46.5,192,1.4,2025,9,Spanish Grand Prix
0 days 02:28:18.377000,29.0,60.0,1002.2,False,47.3,221,1.5,2025,9,Spanish Grand Prix
0 days 02:29:18.395000,29.0,60.0,1002.2,False,46.9,235,1.6,2025,9,Spanish Grand Prix
0 days 02:30:18.400000,29.2,60.0,1002.3,False,47.4,20,1.3,2025,9,Spanish Grand Prix
0 days 02:31:18.410000,29.3,61.0,1002.2,False,46.9,75,1.1,2025,9,Spanish Grand Prix
0 days 02:32:18.414000,29.5,59.0,1002.0,False,47.5,127,0.8,2025,9,Spanish Grand Prix
0 days 02:33:18.427000,29.6,59.0,1002.1,False,47.6,36,1.0,2025,9,Spanish Grand Prix
0 days 02:34:18.428000,29.5,58.0,1002.1,False,47.4,72,1.4,2025,9,Spanish Grand Prix
0 days 00:00:34.453000,23.0,28.0,1019.1,False,47.1,53,1.3,2025,10,Canadian Grand Prix
0 days 00:01:34.454000,23.0,28.0,1019.1,False,47.0,153,0.7,2025,10,Canadian Grand Prix
0 days 00:02:34.454000,23.0,28.0,1019.1,False,47.0,153,0.7,2025,10,Canadian Grand Prix
0 days 00:03:34.455000,23.0,27.0,1019.0,False,47.3,3,0.8,2025,10,Canadian Grand Prix
0 days 00:04:34.455000,23.1,28.0,1019.1,False,47.0,345,1.0,2025,10,Canadian Grand Prix
0 days 00:05:34.456000,23.1,28.0,1019.0,False,47.3,326,1.2,2025,10,Canadian Grand Prix
0 days 00:06:34.472000,23.1,30.0,1018.9,False,47.3,7,0.5,2025,10,Canadian Grand Prix
0 days 00:07:34.472000,23.3,29.0,1019.0,False,47.1,8,0.8,2025,10,Canadian Grand Prix
0 days 00:08:34.473000,23.3,26.0,1019.0,False,48.0,12,1.1,2025,10,Canadian Grand Prix
0 days 00:09:34.489000,23.4,26.0,1019.0,False,48.0,40,1.2,2025,10,Canadian Grand Prix
0 days 00:10:34.521000,23.4,26.0,1018.9,False,47.9,43,1.2,2025,10,Canadian Grand Prix
0 days 00:11:34.531000,23.3,26.0,1018.9,False,47.9,27,1.2,2025,10,Canadian Grand Prix
0 days 00:12:34.537000,23.3,25.0,1018.9,False,48.3,28,1.5,2025,10,Canadian Grand Prix
0 days 00:13:34.553000,23.3,25.0,1019.0,False,48.1,357,1.1,2025,10,Canadian Grand Prix
0 days 00:14:34.557000,23.3,25.0,1018.9,False,48.0,11,1.5,2025,10,Canadian Grand Prix
0 days 00:15:34.573000,23.2,26.0,1019.0,False,47.8,62,0.4,2025,10,Canadian Grand Prix
0 days 00:16:34.558000,23.2,25.0,1019.0,False,47.9,39,0.7,2025,10,Canadian Grand Prix
0 days 00:17:34.574000,23.1,25.0,1019.0,False,48.0,291,0.6,2025,10,Canadian Grand Prix
0 days 00:18:34.555000,23.2,26.0,1019.1,False,48.0,340,0.7,2025,10,Canadian Grand Prix
0 days 00:19:34.571000,23.1,26.0,1019.0,False,48.4,354,1.0,2025,10,Canadian Grand Prix
0 days 00:20:34.587000,23.1,28.0,1019.1,False,48.0,34,1.2,2025,10,Canadian Grand Prix
0 days 00:21:34.603000,23.1,32.0,1019.0,False,47.5,329,0.5,2025,10,Canadian Grand Prix
0 days 00:22:34.592000,23.3,30.0,1019.0,False,47.5,305,0.6,2025,10,Canadian Grand Prix
0 days 00:23:34.608000,23.3,32.0,1019.0,False,48.2,127,0.0,2025,10,Canadian Grand Prix
0 days 00:24:34.624000,23.2,30.0,1019.0,False,47.9,0,0.0,2025,10,Canadian Grand Prix
0 days 00:25:34.593000,23.3,30.0,1019.1,False,48.0,248,0.3,2025,10,Canadian Grand Prix
0 days 00:26:34.593000,23.3,29.0,1019.1,False,47.9,198,0.8,2025,10,Canadian Grand Prix
0 days 00:27:34.615000,23.3,29.0,1019.0,False,47.9,211,1.1,2025,10,Canadian Grand Prix
0 days 00:28:34.601000,23.3,30.0,1019.0,False,47.9,190,1.1,2025,10,Canadian Grand Prix
0 days 00:29:34.601000,23.1,30.0,1019.1,False,48.0,177,1.4,2025,10,Canadian Grand Prix
0 days 00:30:34.602000,23.1,31.0,1019.0,False,48.0,173,2.0,2025,10,Canadian Grand Prix
0 days 00:31:34.602000,22.8,31.0,1019.1,False,48.2,149,0.7,2025,10,Canadian Grand Prix
0 days 00:32:34.603000,22.8,31.0,1019.1,False,48.2,276,1.2,2025,10,Canadian Grand Prix
0 days 00:33:34.601000,22.8,32.0,1019.2,False,48.1,202,1.0,2025,10,Canadian Grand Prix
0 days 00:34:34.610000,22.9,34.0,1019.0,False,48.4,175,1.5,2025,10,Canadian Grand Prix
0 days 00:35:34.610000,22.8,33.0,1019.1,False,48.4,175,1.9,2025,10,Canadian Grand Prix
0 days 00:36:34.595000,22.8,34.0,1019.0,False,48.7,180,1.8,2025,10,Canadian Grand Prix
0 days 00:37:34.595000,22.8,31.0,1019.1,False,49.0,157,2.2,2025,10,Canadian Grand Prix
0 days 00:38:34.612000,22.8,33.0,1019.0,False,49.1,172,1.6,2025,10,Canadian Grand Prix
0 days 00:39:34.597000,22.8,33.0,1019.0,False,49.3,160,0.6,2025,10,Canadian Grand Prix
0 days 00:40:34.597000,23.0,33.0,1019.0,False,49.3,147,1.0,2025,10,Canadian Grand Prix
0 days 00:41:34.610000,23.0,32.0,1018.9,False,48.9,19,0.8,2025,10,Canadian Grand Prix
0 days 00:42:34.611000,23.0,31.0,1019.0,False,48.7,334,0.8,2025,10,Canadian Grand Prix
0 days 00:43:34.611000,23.0,31.0,1019.0,False,48.7,344,0.7,2025,10,Canadian Grand Prix
0 days 00:44:34.612000,23.1,30.0,1019.1,False,48.7,104,0.4,2025,10,Canadian Grand Prix
0 days 00:45:34.612000,23.2,31.0,1019.0,False,48.7,353,0.6,2025,10,Canadian Grand Prix
0 days 00:46:34.613000,23.0,31.0,1019.0,False,48.9,140,0.6,2025,10,Canadian Grand Prix
0 days 00:47:34.629000,23.0,30.0,1019.0,False,49.3,192,0.7,2025,10,Canadian Grand Prix
0 days 00:48:34.614000,23.0,29.0,1018.9,False,49.3,169,1.4,2025,10,Canadian Grand Prix
0 days 00:49:34.614000,23.0,28.0,1019.0,False,50.0,194,1.8,2025,10,Canadian Grand Prix
0 days 00:50:34.615000,23.0,28.0,1019.0,False,49.5,133,1.0,2025,10,Canadian Grand Prix
0 days 00:51:34.615000,23.0,29.0,1019.0,False,49.5,175,1.0,2025,10,Canadian Grand Prix
0 days 00:52:34.631000,23.0,29.0,1019.0,False,49.4,174,1.2,2025,10,Canadian Grand Prix
0 days 00:53:34.622000,23.0,29.0,1019.0,False,49.8,238,1.4,2025,10,Canadian Grand Prix
0 days 00:54:34.622000,23.1,29.0,1019.1,False,49.9,211,1.3,2025,10,Canadian Grand Prix
0 days 00:55:34.607000,23.4,29.0,1019.1,False,49.7,333,1.0,2025,10,Canadian Grand Prix
0 days 00:56:34.629000,23.4,29.0,1019.0,False,49.6,344,1.0,2025,10,Canadian Grand Prix
0 days 00:57:34.628000,23.3,30.0,1018.9,False,49.6,18,0.6,2025,10,Canadian Grand Prix
0 days 00:58:34.628000,23.3,30.0,1019.1,False,49.7,2,0.7,2025,10,Canadian Grand Prix
0 days 00:59:34.613000,23.4,30.0,1019.1,False,50.0,104,0.5,2025,10,Canadian Grand Prix
0 days 01:00:34.613000,23.6,29.0,1018.9,False,50.1,3,1.0,2025,10,Canadian Grand Prix
0 days 01:01:34.614000,23.6,29.0,1019.0,False,50.2,353,0.9,2025,10,Canadian Grand Prix
0 days 01:02:34.627000,23.6,29.0,1019.1,False,50.2,343,1.6,2025,10,Canadian Grand Prix
0 days 01:03:34.627000,23.7,28.0,1019.1,False,50.3,158,1.4,2025,10,Canadian Grand Prix
0 days 01:04:34.628000,23.9,28.0,1019.1,False,50.1,103,0.8,2025,10,Canadian Grand Prix
0 days 01:05:34.628000,24.0,27.0,1019.1,False,50.0,29,0.8,2025,10,Canadian Grand Prix
0 days 01:06:34.629000,24.0,27.0,1019.0,False,49.9,19,1.3,2025,10,Canadian Grand Prix
0 days 01:07:34.629000,23.9,26.0,1019.0,False,49.9,354,2.2,2025,10,Canadian Grand Prix
0 days 01:08:34.630000,23.8,26.0,1019.0,False,49.9,4,2.9,2025,10,Canadian Grand Prix
0 days 01:09:34.630000,23.6,26.0,1019.0,False,49.9,4,2.9,2025,10,Canadian Grand Prix
0 days 01:10:34.631000,23.8,26.0,1019.0,False,50.4,263,1.1,2025,10,Canadian Grand Prix
0 days 01:11:34.622000,23.8,27.0,1019.1,False,50.3,202,1.5,2025,10,Canadian Grand Prix
0 days 01:12:34.622000,23.7,26.0,1019.1,False,50.2,262,2.0,2025,10,Canadian Grand Prix
0 days 01:13:34.631000,23.8,27.0,1019.0,False,50.1,253,1.6,2025,10,Canadian Grand Prix
0 days 01:14:34.639000,23.8,26.0,1019.0,False,50.1,159,1.6,2025,10,Canadian Grand Prix
0 days 01:15:34.624000,23.7,26.0,1019.1,False,50.1,239,1.9,2025,10,Canadian Grand Prix
0 days 01:16:34.640000,23.8,29.0,1019.0,False,50.0,292,0.9,2025,10,Canadian Grand Prix
0 days 01:17:34.628000,23.8,29.0,1019.0,False,50.0,124,0.9,2025,10,Canadian Grand Prix
0 days 01:18:34.628000,23.9,27.0,1019.1,False,49.8,106,1.1,2025,10,Canadian Grand Prix
0 days 01:19:34.644000,23.8,27.0,1019.1,False,49.8,106,1.1,2025,10,Canadian Grand Prix
0 days 01:20:34.629000,23.7,29.0,1019.0,False,50.0,326,1.9,2025,10,Canadian Grand Prix
0 days 01:21:34.630000,23.8,28.0,1019.0,False,50.2,32,0.8,2025,10,Canadian Grand Prix
0 days 01:22:34.630000,23.8,27.0,1019.0,False,49.9,31,1.3,2025,10,Canadian Grand Prix
0 days 01:23:34.631000,23.8,28.0,1019.0,False,49.7,324,1.1,2025,10,Canadian Grand Prix
0 days 01:24:34.648000,23.9,27.0,1019.0,False,49.7,0,0.5,2025,10,Canadian Grand Prix
0 days 01:25:34.666000,24.0,29.0,1018.9,False,49.4,151,0.8,2025,10,Canadian Grand Prix
0 days 01:26:34.645000,24.0,29.0,1018.9,False,49.4,151,0.8,2025,10,Canadian Grand Prix
0 days 01:27:34.645000,24.0,28.0,1018.9,False,49.4,0,1.1,2025,10,Canadian Grand Prix
0 days 01:28:34.646000,23.9,30.0,1018.9,False,49.6,0,1.1,2025,10,Canadian Grand Prix
0 days 01:29:34.643000,24.0,29.0,1019.1,False,49.6,166,0.9,2025,10,Canadian Grand Prix
0 days 01:30:34.641000,24.1,30.0,1019.1,False,49.7,230,2.0,2025,10,Canadian Grand Prix
0 days 01:31:34.641000,24.1,29.0,1019.0,False,49.9,10,0.7,2025,10,Canadian Grand Prix
0 days 01:32:34.642000,24.3,29.0,1019.0,False,49.8,27,0.7,2025,10,Canadian Grand Prix
0 days 01:33:34.651000,24.3,29.0,1018.9,False,49.9,197,0.8,2025,10,Canadian Grand Prix
0 days 01:34:34.655000,24.4,28.0,1018.9,False,50.0,123,0.8,2025,10,Canadian Grand Prix
0 days 01:35:34.674000,24.4,29.0,1019.1,False,49.8,327,0.7,2025,10,Canadian Grand Prix
0 days 01:36:34.691000,24.5,29.0,1018.9,False,49.6,335,0.8,2025,10,Canadian Grand Prix
0 days 01:37:34.695000,24.5,29.0,1018.9,False,49.7,149,1.1,2025,10,Canadian Grand Prix
0 days 01:38:34.707000,24.5,29.0,1018.9,False,49.8,357,0.7,2025,10,Canadian Grand Prix
0 days 01:39:34.708000,24.6,28.0,1019.0,False,49.7,252,0.8,2025,10,Canadian Grand Prix
0 days 01:40:34.739000,24.6,28.0,1018.9,False,49.7,0,0.6,2025,10,Canadian Grand Prix
0 days 01:41:34.733000,24.6,28.0,1019.0,False,49.8,159,0.5,2025,10,Canadian Grand Prix
0 days 01:42:34.749000,24.6,29.0,1018.9,False,49.8,143,1.1,2025,10,Canadian Grand Prix
0 days 01:43:34.741000,24.5,28.0,1018.9,False,50.1,180,0.9,2025,10,Canadian Grand Prix
0 days 01:44:34.741000,24.5,28.0,1018.9,False,49.9,0,0.9,2025,10,Canadian Grand Prix
0 days 01:45:34.757000,24.6,27.0,1018.9,False,49.9,314,0.8,2025,10,Canadian Grand Prix
0 days 01:46:34.773000,24.7,28.0,1018.9,False,49.8,167,0.7,2025,10,Canadian Grand Prix
0 days 01:47:34.789000,24.7,27.0,1018.9,False,49.9,163,1.5,2025,10,Canadian Grand Prix
0 days 01:48:34.774000,24.7,28.0,1018.8,False,50.0,160,1.4,2025,10,Canadian Grand Prix
0 days 01:49:34.787000,24.6,28.0,1018.9,False,50.3,140,2.0,2025,10,Canadian Grand Prix
0 days 01:50:34.788000,24.6,28.0,1018.9,False,50.3,207,1.4,2025,10,Canadian Grand Prix
0 days 01:51:34.804000,24.6,28.0,1018.8,False,49.9,183,1.2,2025,10,Canadian Grand Prix
0 days 01:52:34.820000,24.8,27.0,1018.9,False,49.9,284,1.6,2025,10,Canadian Grand Prix
0 days 01:53:34.821000,25.1,28.0,1018.9,False,50.2,188,1.1,2025,10,Canadian Grand Prix
0 days 01:54:34.808000,25.2,27.0,1018.9,False,49.8,338,0.8,2025,10,Canadian Grand Prix
0 days 01:55:34.840000,25.2,29.0,1018.9,False,49.8,168,1.0,2025,10,Canadian Grand Prix
0 days 01:56:34.837000,25.1,30.0,1018.9,False,49.6,353,1.5,2025,10,Canadian Grand Prix
0 days 01:57:34.829000,25.0,28.0,1018.9,False,49.9,0,0.7,2025,10,Canadian Grand Prix
0 days 01:58:34.829000,24.9,27.0,1019.0,False,49.9,44,0.9,2025,10,Canadian Grand Prix
0 days 01:59:34.830000,25.0,27.0,1018.8,False,49.9,178,0.9,2025,10,Canadian Grand Prix
0 days 02:00:34.846000,25.0,27.0,1018.8,False,50.0,64,1.0,2025,10,Canadian Grand Prix
0 days 02:01:34.830000,25.1,28.0,1018.8,False,50.0,61,0.9,2025,10,Canadian Grand Prix
0 days 02:02:34.847000,25.1,28.0,1018.9,False,49.8,359,1.0,2025,10,Canadian Grand Prix
0 days 02:03:34.850000,25.1,28.0,1018.8,False,49.8,337,0.8,2025,10,Canadian Grand Prix
0 days 02:04:34.866000,25.1,27.0,1018.8,False,49.3,176,1.1,2025,10,Canadian Grand Prix
0 days 02:05:34.898000,25.1,29.0,1018.8,False,49.3,0,0.9,2025,10,Canadian Grand Prix
0 days 02:06:34.883000,25.2,29.0,1018.8,False,49.9,336,0.6,2025,10,Canadian Grand Prix
0 days 02:07:34.883000,25.3,27.0,1018.8,False,49.6,162,1.1,2025,10,Canadian Grand Prix
0 days 02:08:34.899000,25.4,29.0,1018.8,False,49.7,215,1.1,2025,10,Canadian Grand Prix
0 days 02:09:34.900000,25.6,27.0,1018.8,False,49.7,91,0.5,2025,10,Canadian Grand Prix
0 days 02:10:34.916000,25.6,27.0,1018.8,False,49.8,4,0.5,2025,10,Canadian Grand Prix
0 days 02:11:34.926000,25.5,26.0,1018.7,False,49.2,343,0.9,2025,10,Canadian Grand Prix
0 days 02:12:34.926000,25.4,26.0,1018.9,False,49.2,0,0.7,2025,10,Canadian Grand Prix
0 days 02:13:34.927000,25.2,27.0,1018.8,False,49.4,338,1.1,2025,10,Canadian Grand Prix
0 days 02:14:34.928000,25.1,27.0,1018.8,False,49.4,216,0.6,2025,10,Canadian Grand Prix
0 days 02:15:34.928000,25.0,27.0,1018.8,False,49.5,321,1.1,2025,10,Canadian Grand Prix
0 days 02:16:34.929000,24.9,27.0,1018.7,False,49.5,4,1.3,2025,10,Canadian Grand Prix
0 days 02:17:34.929000,25.0,27.0,1018.8,False,49.5,197,0.8,2025,10,Canadian Grand Prix
0 days 02:18:34.930000,25.1,26.0,1018.8,False,49.6,139,1.0,2025,10,Canadian Grand Prix
0 days 02:19:34.930000,25.1,27.0,1018.9,False,49.6,168,0.8,2025,10,Canadian Grand Prix
0 days 02:20:34.931000,25.1,27.0,1018.8,False,49.7,161,1.0,2025,10,Canadian Grand Prix
0 days 02:21:34.934000,25.1,27.0,1018.8,False,49.4,6,0.8,2025,10,Canadian Grand Prix
0 days 02:22:34.928000,25.2,27.0,1018.9,False,49.7,174,0.7,2025,10,Canadian Grand Prix
0 days 02:23:34.928000,25.3,27.0,1018.8,False,49.5,143,0.9,2025,10,Canadian Grand Prix
0 days 02:24:34.938000,25.1,27.0,1018.9,False,49.5,17,0.6,2025,10,Canadian Grand Prix
0 days 02:25:34.942000,25.1,27.0,1018.8,False,49.3,175,0.6,2025,10,Canadian Grand Prix
0 days 02:26:34.971000,25.2,26.0,1018.8,False,49.6,196,0.8,2025,10,Canadian Grand Prix
0 days 02:27:34.956000,25.4,25.0,1018.8,False,49.6,187,0.6,2025,10,Canadian Grand Prix
0 days 02:28:34.956000,25.3,25.0,1018.7,False,49.5,155,0.6,2025,10,Canadian Grand Prix
0 days 02:29:34.956000,25.1,26.0,1018.8,False,49.4,230,0.4,2025,10,Canadian Grand Prix
0 days 02:30:34.973000,25.1,26.0,1018.7,False,49.5,179,1.0,2025,10,Canadian Grand Prix
0 days 02:31:34.973000,24.8,25.0,1018.9,False,49.6,187,1.7,2025,10,Canadian Grand Prix
0 days 02:32:35.004000,24.7,27.0,1018.8,False,49.4,245,2.0,2025,10,Canadian Grand Prix
0 days 02:33:35.019000,24.6,26.0,1018.8,True,49.4,212,1.5,2025,10,Canadian Grand Prix
0 days 02:34:35.021000,24.5,26.0,1018.8,False,49.3,190,0.9,2025,10,Canadian Grand Prix
0 days 02:35:35.037000,24.5,26.0,1018.8,False,49.3,0,0.8,2025,10,Canadian Grand Prix
0 days 02:36:35.054000,24.6,26.0,1018.6,False,49.4,51,0.4,2025,10,Canadian Grand Prix
0 days 02:37:35.042000,24.6,25.0,1018.7,False,49.4,179,0.7,2025,10,Canadian Grand Prix
0 days 02:38:35.058000,24.5,25.0,1018.6,False,49.3,225,1.1,2025,10,Canadian Grand Prix
0 days 02:39:35.074000,24.5,25.0,1018.6,False,49.3,225,1.1,2025,10,Canadian Grand Prix
0 days 02:40:35.075000,24.5,25.0,1018.6,False,49.3,225,1.1,2025,10,Canadian Grand Prix
0 days 02:41:35.075000,24.5,25.0,1018.6,False,49.3,225,1.1,2025,10,Canadian Grand Prix
0 days 02:42:35.081000,24.5,25.0,1018.6,False,49.3,225,1.1,2025,10,Canadian Grand Prix
0 days 02:43:35.073000,24.5,25.0,1018.6,False,49.3,225,1.1,2025,10,Canadian Grand Prix
0 days 02:44:35.074000,24.5,25.0,1018.6,False,49.3,225,1.1,2025,10,Canadian Grand Prix
0 days 02:45:35.090000,24.5,25.0,1018.6,False,49.3,225,1.1,2025,10,Canadian Grand Prix
0 days 02:46:35.075000,24.5,25.0,1018.6,False,49.3,225,1.1,2025,10,Canadian Grand Prix
0 days 00:00:28.548000,29.6,34.0,944.0,False,51.3,31,1.9,2025,11,Austrian Grand Prix
0 days 00:01:28.550000,29.5,34.0,944.0,False,51.9,25,1.5,2025,11,Austrian Grand Prix
0 days 00:02:28.545000,29.4,32.0,944.0,False,51.9,358,2.4,2025,11,Austrian Grand Prix
0 days 00:03:28.554000,29.4,34.0,944.0,False,50.4,141,1.2,2025,11,Austrian Grand Prix
0 days 00:04:28.566000,29.3,34.0,943.9,False,49.2,182,0.4,2025,11,Austrian Grand Prix
0 days 00:05:28.548000,29.3,34.0,944.0,False,48.7,0,0.7,2025,11,Austrian Grand Prix
0 days 00:06:28.547000,29.3,34.0,944.0,False,48.7,227,0.0,2025,11,Austrian Grand Prix
0 days 00:07:28.551000,29.5,34.0,944.1,False,49.9,271,0.4,2025,11,Austrian Grand Prix
0 days 00:08:28.546000,29.6,33.0,944.1,False,50.7,57,0.9,2025,11,Austrian Grand Prix
0 days 00:09:28.548000,29.7,33.0,944.1,False,50.4,174,0.7,2025,11,Austrian Grand Prix
0 days 00:10:28.555000,29.7,33.0,944.0,False,50.6,283,0.7,2025,11,Austrian Grand Prix
0 days 00:11:28.571000,29.9,33.0,944.1,False,51.2,326,0.7,2025,11,Austrian Grand Prix
0 days 00:12:28.549000,30.0,33.0,944.0,False,51.2,6,1.3,2025,11,Austrian Grand Prix
0 days 00:13:28.552000,30.0,33.0,944.0,False,50.6,278,0.9,2025,11,Austrian Grand Prix
0 days 00:14:28.555000,30.0,34.0,944.0,False,49.4,242,2.4,2025,11,Austrian Grand Prix
0 days 00:15:28.558000,29.9,34.0,944.0,False,49.4,192,2.2,2025,11,Austrian Grand Prix
0 days 00:16:28.554000,29.8,34.0,944.1,False,49.3,74,1.2,2025,11,Austrian Grand Prix
0 days 00:17:28.563000,29.6,34.0,944.0,False,48.3,63,2.5,2025,11,Austrian Grand Prix
0 days 00:18:28.560000,29.5,34.0,944.0,False,47.8,72,2.1,2025,11,Austrian Grand Prix
0 days 00:19:28.562000,29.3,34.0,944.2,False,47.4,74,1.9,2025,11,Austrian Grand Prix
0 days 00:20:28.554000,29.1,34.0,944.1,False,46.8,73,1.6,2025,11,Austrian Grand Prix
0 days 00:21:28.553000,29.1,35.0,944.0,False,46.1,40,1.1,2025,11,Austrian Grand Prix
0 days 00:22:28.562000,29.1,35.0,944.0,False,48.1,48,1.4,2025,11,Austrian Grand Prix
0 days 00:23:28.584000,29.2,34.0,944.0,False,49.1,63,1.0,2025,11,Austrian Grand Prix
0 days 00:24:28.562000,29.3,33.0,944.0,False,49.1,66,1.1,2025,11,Austrian Grand Prix
0 days 00:25:28.575000,29.5,32.0,943.9,False,48.6,88,1.9,2025,11,Austrian Grand Prix
0 days 00:26:28.576000,29.5,33.0,943.9,False,49.2,67,1.4,2025,11,Austrian Grand Prix
0 days 00:27:28.600000,29.3,34.0,944.0,False,48.5,97,1.2,2025,11,Austrian Grand Prix
0 days 00:28:28.617000,29.4,34.0,944.0,False,48.1,73,0.5,2025,11,Austrian Grand Prix
0 days 00:29:28.616000,29.4,34.0,944.0,False,48.2,208,1.8,2025,11,Austrian Grand Prix
0 days 00:30:28.624000,29.4,34.0,944.0,False,48.7,62,0.8,2025,11,Austrian Grand Prix
0 days 00:31:28.637000,29.4,33.0,944.0,False,49.4,172,0.5,2025,11,Austrian Grand Prix
0 days 00:32:28.638000,29.6,33.0,944.0,False,49.4,53,0.4,2025,11,Austrian Grand Prix
0 days 00:33:28.649000,29.9,34.0,943.9,False,49.5,123,0.9,2025,11,Austrian Grand Prix
0 days 00:34:28.665000,29.9,33.0,944.0,False,49.7,46,0.9,2025,11,Austrian Grand Prix
0 days 00:35:28.664000,29.9,33.0,943.8,False,50.0,21,1.0,2025,11,Austrian Grand Prix
0 days 00:36:28.673000,29.9,33.0,943.8,False,50.5,14,0.9,2025,11,Austrian Grand Prix
0 days 00:37:28.706000,30.0,32.0,943.8,False,51.0,64,0.9,2025,11,Austrian Grand Prix
0 days 00:38:28.700000,30.1,31.0,943.8,False,50.6,103,1.4,2025,11,Austrian Grand Prix
0 days 00:39:28.698000,30.1,32.0,943.8,False,49.9,257,0.7,2025,11,Austrian Grand Prix
0 days 00:40:28.696000,30.0,33.0,943.7,False,49.5,203,0.6,2025,11,Austrian Grand Prix
0 days 00:41:28.704000,30.0,33.0,943.8,False,50.5,56,0.4,2025,11,Austrian Grand Prix
0 days 00:42:28.695000,30.1,32.0,943.8,False,50.5,39,1.3,2025,11,Austrian Grand Prix
0 days 00:43:28.711000,30.2,32.0,943.8,False,50.3,21,0.9,2025,11,Austrian Grand Prix
0 days 00:44:28.705000,30.3,33.0,943.7,False,49.2,35,1.0,2025,11,Austrian Grand Prix
0 days 00:45:28.698000,30.4,33.0,943.8,False,49.2,303,0.5,2025,11,Austrian Grand Prix
0 days 00:46:28.698000,30.4,33.0,943.7,False,50.1,251,1.3,2025,11,Austrian Grand Prix
0 days 00:47:28.705000,30.2,33.0,943.7,False,50.2,256,2.5,2025,11,Austrian Grand Prix
0 days 00:48:28.713000,30.0,32.0,943.7,False,49.7,188,1.9,2025,11,Austrian Grand Prix
0 days 00:49:28.724000,30.0,33.0,943.7,False,49.7,214,1.1,2025,11,Austrian Grand Prix
0 days 00:50:28.722000,30.0,33.0,943.6,False,50.2,299,0.9,2025,11,Austrian Grand Prix
0 days 00:51:28.722000,30.1,33.0,943.7,False,50.4,265,1.0,2025,11,Austrian Grand Prix
0 days 00:52:28.744000,30.1,33.0,943.6,False,50.5,255,1.4,2025,11,Austrian Grand Prix
0 days 00:53:28.748000,30.2,33.0,943.6,False,50.4,233,1.1,2025,11,Austrian Grand Prix
0 days 00:54:28.778000,30.2,33.0,943.6,False,50.4,241,1.0,2025,11,Austrian Grand Prix
0 days 00:55:28.774000,30.2,33.0,943.5,False,50.4,276,1.6,2025,11,Austrian Grand Prix
0 days 00:56:28.774000,30.1,33.0,943.6,False,50.7,275,1.3,2025,11,Austrian Grand Prix
0 days 00:57:28.782000,30.3,32.0,943.6,False,50.8,9,0.5,2025,11,Austrian Grand Prix
0 days 00:58:28.800000,30.3,32.0,943.5,False,50.7,38,1.0,2025,11,Austrian Grand Prix
0 days 00:59:28.806000,30.3,32.0,943.5,False,50.1,26,1.4,2025,11,Austrian Grand Prix
0 days 01:00:28.820000,30.3,33.0,943.5,False,50.3,90,1.0,2025,11,Austrian Grand Prix
0 days 01:01:28.822000,30.1,32.0,943.5,False,50.4,59,0.9,2025,11,Austrian Grand Prix
0 days 01:02:28.833000,30.3,31.0,943.4,False,50.8,51,2.3,2025,11,Austrian Grand Prix
0 days 01:03:28.821000,30.3,31.0,943.5,False,50.8,64,3.0,2025,11,Austrian Grand Prix
0 days 01:04:28.832000,30.4,31.0,943.5,False,49.8,19,2.4,2025,11,Austrian Grand Prix
0 days 01:05:28.848000,30.4,32.0,943.4,False,49.7,95,1.7,2025,11,Austrian Grand Prix
0 days 01:06:28.851000,30.3,33.0,943.5,False,50.5,189,0.9,2025,11,Austrian Grand Prix
0 days 01:07:28.842000,30.3,32.0,943.5,False,50.5,35,1.0,2025,11,Austrian Grand Prix
0 days 01:08:28.844000,30.3,32.0,943.4,False,50.8,102,0.6,2025,11,Austrian Grand Prix
0 days 01:09:28.865000,30.5,32.0,943.4,False,50.3,25,1.2,2025,11,Austrian Grand Prix
0 days 01:10:28.871000,30.4,31.0,943.5,False,48.7,0,1.1,2025,11,Austrian Grand Prix
0 days 01:11:28.860000,30.2,33.0,943.4,False,47.8,207,0.9,2025,11,Austrian Grand Prix
0 days 01:12:28.865000,30.2,33.0,943.4,False,48.6,216,0.9,2025,11,Austrian Grand Prix
0 days 01:13:28.877000,30.4,32.0,943.4,False,49.7,0,1.0,2025,11,Austrian Grand Prix
0 days 01:14:28.891000,30.4,31.0,943.3,False,49.3,57,0.8,2025,11,Austrian Grand Prix
0 days 01:15:28.888000,30.6,32.0,943.4,False,49.2,336,1.5,2025,11,Austrian Grand Prix
0 days 01:16:28.969000,30.7,32.0,943.3,False,49.6,68,0.8,2025,11,Austrian Grand Prix
0 days 01:17:28.906000,30.7,32.0,943.4,False,49.8,74,1.4,2025,11,Austrian Grand Prix
0 days 01:18:28.902000,30.8,32.0,943.3,False,49.8,43,0.6,2025,11,Austrian Grand Prix
0 days 01:19:28.920000,30.7,32.0,943.2,False,49.7,40,1.4,2025,11,Austrian Grand Prix
0 days 01:20:28.920000,30.6,32.0,943.3,False,50.3,61,1.9,2025,11,Austrian Grand Prix
0 days 01:21:28.942000,30.6,32.0,943.2,False,50.4,59,2.1,2025,11,Austrian Grand Prix
0 days 01:22:28.938000,30.6,32.0,943.3,False,50.3,40,2.2,2025,11,Austrian Grand Prix
0 days 01:23:28.930000,30.7,31.0,943.2,False,50.3,66,3.1,2025,11,Austrian Grand Prix
0 days 01:24:28.955000,30.8,31.0,943.3,False,49.9,58,3.7,2025,11,Austrian Grand Prix
0 days 01:25:28.962000,30.6,31.0,943.2,False,49.2,45,2.4,2025,11,Austrian Grand Prix
0 days 01:26:28.966000,30.6,32.0,943.4,False,49.1,65,2.1,2025,11,Austrian Grand Prix
0 days 01:27:28.980000,30.5,31.0,943.2,False,49.2,82,2.1,2025,11,Austrian Grand Prix
0 days 01:28:29.004000,30.4,32.0,943.3,False,49.9,67,2.7,2025,11,Austrian Grand Prix
0 days 01:29:28.993000,30.4,31.0,943.2,False,49.5,72,3.1,2025,11,Austrian Grand Prix
0 days 01:30:28.991000,30.4,32.0,943.3,False,49.5,63,2.1,2025,11,Austrian Grand Prix
0 days 01:31:28.994000,30.5,31.0,943.2,False,49.5,50,2.6,2025,11,Austrian Grand Prix
0 days 01:32:28.992000,30.5,31.0,943.1,False,49.6,43,1.9,2025,11,Austrian Grand Prix
0 days 01:33:28.994000,30.6,30.0,943.1,False,49.7,49,1.9,2025,11,Austrian Grand Prix
0 days 01:34:29.006000,30.6,31.0,943.1,False,49.4,79,2.5,2025,11,Austrian Grand Prix
0 days 01:35:28.993000,30.6,32.0,943.1,False,49.4,61,2.2,2025,11,Austrian Grand Prix
0 days 01:36:28.996000,30.6,31.0,943.1,False,49.0,34,1.8,2025,11,Austrian Grand Prix
0 days 01:37:28.994000,30.5,31.0,943.2,False,49.0,50,1.0,2025,11,Austrian Grand Prix
0 days 01:38:28.997000,30.6,31.0,943.2,False,49.3,63,1.6,2025,11,Austrian Grand Prix
0 days 01:39:29.004000,30.7,31.0,943.2,False,49.3,47,1.9,2025,11,Austrian Grand Prix
0 days 01:40:28.988000,30.6,31.0,943.1,False,49.3,50,1.8,2025,11,Austrian Grand Prix
0 days 01:41:28.994000,30.6,31.0,943.0,False,49.6,23,1.9,2025,11,Austrian Grand Prix
0 days 01:42:28.989000,30.6,30.0,943.1,False,49.6,55,2.4,2025,11,Austrian Grand Prix
0 days 01:43:28.994000,30.5,31.0,943.2,False,49.1,67,1.3,2025,11,Austrian Grand Prix
0 days 01:44:29.002000,30.5,31.0,943.1,False,49.1,72,1.9,2025,11,Austrian Grand Prix
0 days 01:45:28.996000,30.6,31.0,943.1,False,48.8,88,2.4,2025,11,Austrian Grand Prix
0 days 01:46:29.004000,30.6,31.0,943.0,False,49.7,63,1.5,2025,11,Austrian Grand Prix
0 days 01:47:29.004000,30.6,31.0,943.1,False,49.4,66,3.2,2025,11,Austrian Grand Prix
0 days 01:48:28.998000,30.6,31.0,943.2,False,48.8,44,2.5,2025,11,Austrian Grand Prix
0 days 01:49:28.998000,30.5,31.0,943.0,False,48.8,65,2.0,2025,11,Austrian Grand Prix
0 days 01:50:29.017000,30.5,31.0,943.0,False,48.7,54,2.8,2025,11,Austrian Grand Prix
0 days 01:51:29.004000,30.6,32.0,943.0,False,48.7,53,2.2,2025,11,Austrian Grand Prix
0 days 01:52:28.998000,30.6,32.0,943.1,False,48.8,40,2.2,2025,11,Austrian Grand Prix
0 days 01:53:29.005000,30.5,31.0,943.0,False,48.5,20,2.0,2025,11,Austrian Grand Prix
0 days 01:54:29.012000,30.4,32.0,943.1,False,48.5,65,1.6,2025,11,Austrian Grand Prix
0 days 01:55:29.014000,30.5,32.0,943.0,False,48.4,24,1.7,2025,11,Austrian Grand Prix
0 days 01:56:29.002000,30.5,31.0,942.9,False,48.4,353,1.2,2025,11,Austrian Grand Prix
0 days 01:57:29.002000,30.4,31.0,943.0,False,48.1,271,0.0,2025,11,Austrian Grand Prix
0 days 01:58:29.002000,30.4,32.0,942.9,False,48.3,15,1.1,2025,11,Austrian Grand Prix
0 days 01:59:29,30.5,31.0,943.1,False,48.7,359,0.8,2025,11,Austrian Grand Prix
0 days 02:00:29.015000,30.8,31.0,942.9,False,49.3,35,0.7,2025,11,Austrian Grand Prix
0 days 02:01:29.025000,30.9,30.0,943.0,False,48.6,43,3.3,2025,11,Austrian Grand Prix
0 days 02:02:29.016000,30.9,31.0,943.0,False,48.4,5,2.7,2025,11,Austrian Grand Prix
0 days 02:03:29.010000,30.8,32.0,943.0,False,48.4,68,1.1,2025,11,Austrian Grand Prix
0 days 02:04:29.016000,30.8,32.0,942.8,False,48.7,72,1.4,2025,11,Austrian Grand Prix
0 days 02:05:29.017000,31.0,31.0,942.9,False,49.3,43,1.2,2025,11,Austrian Grand Prix
0 days 02:06:29.017000,31.1,31.0,942.9,False,49.1,28,2.1,2025,11,Austrian Grand Prix
0 days 02:07:29.018000,31.2,30.0,942.9,False,49.1,51,2.8,2025,11,Austrian Grand Prix
0 days 02:08:29.028000,31.2,30.0,942.9,False,48.9,54,2.5,2025,11,Austrian Grand Prix
0 days 02:09:29.029000,31.3,31.0,942.8,False,48.0,57,1.8,2025,11,Austrian Grand Prix
0 days 02:10:29.037000,31.3,32.0,942.9,False,48.2,55,0.8,2025,11,Austrian Grand Prix
0 days 02:11:29.017000,31.1,31.0,942.9,False,48.9,72,1.4,2025,11,Austrian Grand Prix
0 days 02:12:29.019000,31.1,31.0,942.7,False,48.9,48,3.2,2025,11,Austrian Grand Prix
0 days 02:13:29.025000,31.1,31.0,942.7,False,48.7,46,2.0,2025,11,Austrian Grand Prix
0 days 02:14:29.030000,31.1,31.0,942.8,False,48.7,60,2.8,2025,11,Austrian Grand Prix
0 days 02:15:29.015000,31.1,31.0,942.9,False,48.7,49,2.5,2025,11,Austrian Grand Prix
0 days 02:16:29.030000,31.1,31.0,942.8,False,48.4,72,3.1,2025,11,Austrian Grand Prix
0 days 02:17:29.020000,31.0,31.0,942.7,False,48.4,41,2.2,2025,11,Austrian Grand Prix
0 days 02:18:29.019000,31.0,31.0,942.6,False,48.6,66,1.9,2025,11,Austrian Grand Prix
0 days 02:19:29.033000,30.9,31.0,942.8,False,48.5,55,2.5,2025,11,Austrian Grand Prix
0 days 02:20:29.032000,30.9,30.0,942.8,False,48.2,40,2.9,2025,11,Austrian Grand Prix
0 days 02:21:29.026000,30.9,31.0,942.7,False,47.5,82,1.7,2025,11,Austrian Grand Prix
0 days 02:22:29.033000,30.7,31.0,942.7,False,48.2,39,1.5,2025,11,Austrian Grand Prix
0 days 02:23:29.022000,30.7,31.0,942.7,False,48.6,60,2.3,2025,11,Austrian Grand Prix
0 days 02:24:29.034000,30.9,30.0,942.7,False,48.6,69,2.0,2025,11,Austrian Grand Prix
0 days 02:25:29.025000,31.0,30.0,942.7,False,48.6,65,2.1,2025,11,Austrian Grand Prix
0 days 02:26:29.034000,31.1,30.0,942.7,False,48.3,72,1.9,2025,11,Austrian Grand Prix
0 days 02:27:29.033000,31.2,30.0,942.6,False,48.2,72,2.8,2025,11,Austrian Grand Prix
0 days 02:28:29.027000,31.3,30.0,942.7,False,48.0,42,2.2,2025,11,Austrian Grand Prix
0 days 02:29:29.033000,31.3,30.0,942.7,False,47.5,28,2.4,2025,11,Austrian Grand Prix
0 days 02:30:29.024000,31.0,32.0,942.6,False,47.5,68,1.6,2025,11,Austrian Grand Prix
0 days 02:31:29.037000,30.8,32.0,942.6,False,47.3,49,2.8,2025,11,Austrian Grand Prix
0 days 02:32:29.049000,30.7,31.0,942.7,False,45.9,19,1.5,2025,11,Austrian Grand Prix
0 days 02:33:29.038000,30.7,32.0,942.6,False,45.9,44,0.9,2025,11,Austrian Grand Prix
0 days 02:34:29.028000,30.6,32.0,942.7,False,46.3,60,1.3,2025,11,Austrian Grand Prix
0 days 02:35:29.041000,30.6,32.0,942.5,False,47.6,41,1.9,2025,11,Austrian Grand Prix
0 days 02:36:29.050000,30.7,31.0,942.5,False,47.8,41,2.0,2025,11,Austrian Grand Prix
0 days 02:37:29.035000,30.7,30.0,942.6,False,46.9,47,3.0,2025,11,Austrian Grand Prix
0 days 02:38:29.037000,30.7,30.0,942.6,False,45.8,34,2.2,2025,11,Austrian Grand Prix
0 days 02:39:29.050000,30.8,31.0,942.6,False,45.7,3,1.8,2025,11,Austrian Grand Prix
0 days 02:40:29.045000,30.8,32.0,942.6,False,46.1,39,0.8,2025,11,Austrian Grand Prix
0 days 00:00:19.723000,18.0,85.0,988.6,False,24.2,174,0.7,2025,12,British Grand Prix
0 days 00:01:19.675000,18.0,83.0,988.5,False,24.6,111,0.9,2025,12,British Grand Prix
0 days 00:02:19.683000,18.1,82.0,988.6,False,24.6,61,2.2,2025,12,British Grand Prix
0 days 00:03:19.685000,18.0,81.0,988.6,False,24.1,71,3.1,2025,12,British Grand Prix
0 days 00:04:19.683000,18.0,79.0,988.5,False,23.9,28,3.0,2025,12,British Grand Prix
0 days 00:05:19.685000,17.9,82.0,988.7,False,24.0,23,0.9,2025,12,British Grand Prix
0 days 00:06:19.669000,18.0,78.0,988.6,False,24.2,248,1.9,2025,12,British Grand Prix
0 days 00:07:19.684000,18.1,79.0,988.5,False,25.4,25,1.3,2025,12,British Grand Prix
0 days 00:08:19.685000,18.3,78.0,988.6,False,25.9,310,1.3,2025,12,British Grand Prix
0 days 00:09:19.679000,18.4,78.0,988.5,False,26.0,344,1.1,2025,12,British Grand Prix
0 days 00:10:19.679000,18.4,78.0,988.6,False,26.0,210,1.2,2025,12,British Grand Prix
0 days 00:11:19.686000,18.5,77.0,988.7,False,24.9,78,1.6,2025,12,British Grand Prix
0 days 00:12:19.684000,18.5,77.0,988.6,False,24.6,63,1.9,2025,12,British Grand Prix
0 days 00:13:19.687000,18.4,78.0,988.6,False,24.0,316,1.7,2025,12,British Grand Prix
0 days 00:14:19.689000,18.3,78.0,988.7,True,24.0,82,1.2,2025,12,British Grand Prix
0 days 00:15:19.688000,18.3,78.0,988.8,True,23.9,352,2.6,2025,12,British Grand Prix
0 days 00:16:19.738000,18.3,77.0,988.6,True,22.6,319,1.0,2025,12,British Grand Prix
0 days 00:17:19.694000,18.1,78.0,988.7,True,22.3,0,1.9,2025,12,British Grand Prix
0 days 00:18:19.689000,18.1,79.0,988.7,True,21.8,6,1.0,2025,12,British Grand Prix
0 days 00:19:19.686000,18.0,79.0,988.7,True,21.4,296,1.2,2025,12,British Grand Prix
0 days 00:20:19.690000,17.8,81.0,988.6,True,21.4,18,2.0,2025,12,British Grand Prix
0 days 00:21:19.709000,17.6,81.0,988.7,True,21.6,13,1.1,2025,12,British Grand Prix
0 days 00:22:19.721000,17.6,82.0,988.8,True,21.7,15,1.0,2025,12,British Grand Prix
0 days 00:23:19.732000,17.5,83.0,988.7,True,21.9,62,0.9,2025,12,British Grand Prix
0 days 00:24:19.753000,17.5,84.0,988.8,True,21.9,94,0.7,2025,12,British Grand Prix
0 days 00:25:19.760000,17.5,85.0,988.7,True,23.4,284,1.2,2025,12,British Grand Prix
0 days 00:26:19.748000,17.4,85.0,988.8,True,22.3,69,1.1,2025,12,British Grand Prix
0 days 00:27:19.756000,17.3,85.0,988.8,True,22.3,89,1.0,2025,12,British Grand Prix
0 days 00:28:19.754000,17.3,85.0,988.7,True,22.8,52,1.7,2025,12,British Grand Prix
0 days 00:29:19.762000,17.2,86.0,988.8,True,22.8,42,1.8,2025,12,British Grand Prix
0 days 00:30:19.764000,17.2,86.0,988.8,True,22.2,72,0.5,2025,12,British Grand Prix
0 days 00:31:19.798000,17.2,87.0,988.7,False,22.2,287,0.6,2025,12,British Grand Prix
0 days 00:32:19.807000,17.3,87.0,988.7,False,22.8,52,0.8,2025,12,British Grand Prix
0 days 00:33:19.837000,17.3,87.0,988.6,False,24.4,301,1.0,2025,12,British Grand Prix
0 days 00:34:19.814000,17.4,88.0,988.7,False,23.9,154,0.7,2025,12,British Grand Prix
0 days 00:35:19.820000,17.5,87.0,988.7,False,23.5,334,0.7,2025,12,British Grand Prix
0 days 00:36:19.825000,17.4,87.0,988.6,False,23.4,318,0.8,2025,12,British Grand Prix
0 days 00:37:19.826000,17.4,85.0,988.6,False,23.4,266,0.9,2025,12,British Grand Prix
0 days 00:38:19.820000,17.2,86.0,988.7,False,23.6,350,0.7,2025,12,British Grand Prix
0 days 00:39:19.834000,17.1,85.0,988.6,False,24.5,81,1.1,2025,12,British Grand Prix
0 days 00:40:19.830000,17.2,85.0,988.6,False,25.9,70,1.3,2025,12,British Grand Prix
0 days 00:41:19.850000,17.1,85.0,988.7,False,26.4,102,1.0,2025,12,British Grand Prix
0 days 00:42:19.821000,17.1,84.0,988.7,False,24.5,9,1.4,2025,12,British Grand Prix
0 days 00:43:19.828000,17.1,84.0,988.6,False,24.5,313,0.6,2025,12,British Grand Prix
0 days 00:44:19.834000,17.3,83.0,988.6,False,25.2,238,1.2,2025,12,British Grand Prix
0 days 00:45:19.837000,17.3,83.0,988.6,False,24.2,213,0.6,2025,12,British Grand Prix
0 days 00:46:19.835000,17.4,84.0,988.6,False,24.3,261,0.8,2025,12,British Grand Prix
0 days 00:47:19.828000,17.5,83.0,988.7,False,24.7,301,0.8,2025,12,British Grand Prix
0 days 00:48:19.826000,17.7,83.0,988.7,False,26.1,148,0.8,2025,12,British Grand Prix
0 days 00:49:19.838000,17.7,84.0,988.7,False,26.0,7,0.9,2025,12,British Grand Prix
0 days 00:50:19.833000,17.7,83.0,988.7,False,26.0,167,0.7,2025,12,British Grand Prix
0 days 00:51:19.836000,17.7,82.0,988.7,False,26.5,272,1.3,2025,12,British Grand Prix
0 days 00:52:19.835000,18.0,84.0,988.6,False,26.8,205,0.6,2025,12,British Grand Prix
0 days 00:53:19.841000,17.9,82.0,988.7,False,27.7,285,1.0,2025,12,British Grand Prix
0 days 00:54:19.838000,18.1,83.0,988.7,False,29.6,89,1.1,2025,12,British Grand Prix
0 days 00:55:19.844000,18.2,82.0,988.7,False,26.3,93,1.3,2025,12,British Grand Prix
0 days 00:56:19.847000,18.3,80.0,988.7,False,24.1,0,0.9,2025,12,British Grand Prix
0 days 00:57:19.857000,18.3,80.0,988.7,False,24.1,260,1.2,2025,12,British Grand Prix
0 days 00:58:19.865000,18.5,82.0,988.6,False,24.5,8,1.0,2025,12,British Grand Prix
0 days 00:59:19.877000,18.5,78.0,988.6,False,24.5,289,1.1,2025,12,British Grand Prix
0 days 01:00:19.880000,18.4,80.0,988.6,False,24.5,66,1.5,2025,12,British Grand Prix
0 days 01:01:19.881000,18.5,80.0,988.7,False,24.8,121,1.2,2025,12,British Grand Prix
0 days 01:02:19.899000,18.6,78.0,988.7,False,24.8,332,1.1,2025,12,British Grand Prix
0 days 01:03:19.886000,18.7,75.0,988.7,False,24.8,0,1.3,2025,12,British Grand Prix
0 days 01:04:19.911000,18.6,75.0,988.7,False,24.9,313,0.9,2025,12,British Grand Prix
0 days 01:05:19.934000,18.6,75.0,988.7,False,24.9,156,0.7,2025,12,British Grand Prix
0 days 01:06:19.932000,18.8,77.0,988.8,False,25.2,93,1.2,2025,12,British Grand Prix
0 days 01:07:19.936000,19.1,74.0,988.7,False,25.0,274,1.5,2025,12,British Grand Prix
0 days 01:08:19.946000,19.1,75.0,988.7,False,24.4,82,1.3,2025,12,British Grand Prix
0 days 01:09:19.945000,19.1,73.0,988.6,False,24.0,16,2.6,2025,12,British Grand Prix
0 days 01:10:19.948000,19.2,74.0,988.7,False,24.0,186,1.1,2025,12,British Grand Prix
0 days 01:11:19.944000,19.2,75.0,988.6,False,24.2,40,1.0,2025,12,British Grand Prix
0 days 01:12:19.944000,19.2,74.0,988.4,False,24.8,238,1.1,2025,12,British Grand Prix
0 days 01:13:19.957000,19.2,74.0,988.6,False,24.8,71,0.7,2025,12,British Grand Prix
0 days 01:14:19.979000,19.2,72.0,988.6,False,24.3,29,1.9,2025,12,British Grand Prix
0 days 01:15:19.937000,19.0,74.0,988.6,False,24.1,275,0.7,2025,12,British Grand Prix
0 days 01:16:19.959000,19.0,74.0,988.8,True,24.0,292,1.2,2025,12,British Grand Prix
0 days 01:17:19.946000,18.9,73.0,988.8,True,23.3,105,1.1,2025,12,British Grand Prix
0 days 01:18:19.969000,18.7,72.0,988.7,True,22.5,70,3.1,2025,12,British Grand Prix
0 days 01:19:19.988000,18.5,72.0,988.6,True,21.5,69,5.8,2025,12,British Grand Prix
0 days 01:20:19.992000,18.1,74.0,988.8,True,21.0,67,4.5,2025,12,British Grand Prix
0 days 01:21:19.989000,17.8,77.0,988.8,True,20.5,65,3.9,2025,12,British Grand Prix
0 days 01:22:19.989000,17.4,78.0,988.8,True,20.1,71,5.4,2025,12,British Grand Prix
0 days 01:23:19.990000,17.1,80.0,988.9,True,20.0,75,4.2,2025,12,British Grand Prix
0 days 01:24:19.987000,16.7,82.0,988.9,True,20.0,89,2.9,2025,12,British Grand Prix
0 days 01:25:20.001000,16.5,83.0,988.9,True,20.2,63,3.0,2025,12,British Grand Prix
0 days 01:26:19.997000,16.3,84.0,989.0,True,20.3,71,2.1,2025,12,British Grand Prix
0 days 01:27:20.004000,16.2,85.0,988.9,False,20.5,67,2.8,2025,12,British Grand Prix
0 days 01:28:20.015000,16.1,85.0,989.0,False,20.8,73,2.3,2025,12,British Grand Prix
0 days 01:29:20.021000,16.0,85.0,989.0,False,21.1,51,1.4,2025,12,British Grand Prix
0 days 01:30:20.041000,16.1,85.0,989.0,False,21.3,74,1.8,2025,12,British Grand Prix
0 days 01:31:20.037000,16.1,84.0,988.9,False,21.5,72,1.9,2025,12,British Grand Prix
0 days 01:32:20.045000,16.1,84.0,989.0,False,21.7,60,1.0,2025,12,British Grand Prix
0 days 01:33:20.041000,16.1,85.0,989.0,False,21.7,67,1.2,2025,12,British Grand Prix
0 days 01:34:20.038000,16.2,84.0,989.0,False,22.8,66,1.1,2025,12,British Grand Prix
0 days 01:35:20.066000,16.4,85.0,989.0,False,23.9,44,1.5,2025,12,British Grand Prix
0 days 01:36:20.036000,16.5,84.0,988.9,False,24.2,326,0.9,2025,12,British Grand Prix
0 days 01:37:20.042000,16.6,83.0,988.9,False,24.3,110,0.7,2025,12,British Grand Prix
0 days 01:38:20.042000,16.6,83.0,989.0,False,24.3,80,0.8,2025,12,British Grand Prix
0 days 01:39:20.059000,16.8,82.0,988.8,False,23.8,55,1.6,2025,12,British Grand Prix
0 days 01:40:20.079000,16.7,81.0,988.8,False,23.4,79,2.5,2025,12,British Grand Prix
0 days 01:41:20.089000,16.8,80.0,988.8,False,23.3,56,2.3,2025,12,British Grand Prix
0 days 01:42:20.107000,16.7,82.0,988.9,False,23.1,62,1.9,2025,12,British Grand Prix
0 days 01:43:20.114000,16.9,81.0,988.9,False,23.1,62,2.4,2025,12,British Grand Prix
0 days 01:44:20.125000,17.0,80.0,988.8,False,22.9,68,2.2,2025,12,British Grand Prix
0 days 01:45:20.136000,17.0,81.0,988.9,False,22.8,57,2.4,2025,12,British Grand Prix
0 days 01:46:20.143000,17.0,82.0,988.9,False,22.9,58,1.6,2025,12,British Grand Prix
0 days 01:47:20.125000,17.1,80.0,988.9,False,22.9,65,1.8,2025,12,British Grand Prix
0 days 01:48:20.131000,17.2,80.0,988.9,False,22.8,0,0.9,2025,12,British Grand Prix
0 days 01:49:20.141000,17.1,81.0,988.9,False,22.7,64,1.2,2025,12,British Grand Prix
0 days 01:50:20.132000,17.2,80.0,988.9,False,22.5,115,1.3,2025,12,British Grand Prix
0 days 01:51:20.133000,17.1,81.0,988.9,False,22.5,222,0.8,2025,12,British Grand Prix
0 days 01:52:20.126000,17.2,82.0,988.9,False,22.6,53,0.8,2025,12,British Grand Prix
0 days 01:53:20.124000,17.4,81.0,988.8,False,22.6,325,0.7,2025,12,British Grand Prix
0 days 01:54:20.127000,17.4,82.0,989.0,False,22.8,263,0.8,2025,12,British Grand Prix
0 days 01:55:20.132000,17.5,82.0,988.9,False,22.8,330,1.3,2025,12,British Grand Prix
0 days 01:56:20.128000,17.5,81.0,988.9,False,22.4,22,1.3,2025,12,British Grand Prix
0 days 01:57:20.131000,17.6,80.0,988.8,False,22.4,262,0.8,2025,12,British Grand Prix
0 days 01:58:20.128000,17.7,82.0,988.8,False,22.4,346,1.7,2025,12,British Grand Prix
0 days 01:59:20.197000,17.7,80.0,988.8,False,23.0,230,1.1,2025,12,British Grand Prix
0 days 02:00:20.145000,17.9,80.0,988.7,False,23.3,72,1.5,2025,12,British Grand Prix
0 days 02:01:20.196000,17.9,80.0,988.9,False,23.5,101,0.5,2025,12,British Grand Prix
0 days 02:02:20.179000,18.0,77.0,988.8,False,23.6,217,1.1,2025,12,British Grand Prix
0 days 02:03:20.184000,18.0,76.0,988.9,False,23.5,127,1.2,2025,12,British Grand Prix
0 days 02:04:20.206000,18.0,73.0,988.9,False,23.3,144,1.3,2025,12,British Grand Prix
0 days 02:05:20.206000,18.2,74.0,988.9,False,23.2,248,0.7,2025,12,British Grand Prix
0 days 02:06:20.426000,18.3,74.0,988.9,False,23.3,87,0.9,2025,12,British Grand Prix
0 days 02:07:20.225000,18.5,73.0,988.9,False,23.2,68,1.9,2025,12,British Grand Prix
0 days 02:08:20.233000,18.5,72.0,988.8,False,23.2,275,1.4,2025,12,British Grand Prix
0 days 02:09:20.234000,18.5,73.0,988.8,False,23.4,101,0.6,2025,12,British Grand Prix
0 days 02:10:20.243000,18.5,72.0,988.9,False,23.7,59,1.5,2025,12,British Grand Prix
0 days 02:11:20.241000,18.6,72.0,989.0,False,24.5,80,2.1,2025,12,British Grand Prix
0 days 02:12:20.238000,18.7,70.0,988.9,False,24.1,123,2.1,2025,12,British Grand Prix
0 days 02:13:20.270000,18.7,70.0,988.9,False,23.7,44,2.0,2025,12,British Grand Prix
0 days 02:14:20.272000,18.8,70.0,988.9,False,23.6,47,1.5,2025,12,British Grand Prix
0 days 02:15:20.276000,18.9,68.0,988.9,False,23.6,307,2.3,2025,12,British Grand Prix
0 days 02:16:20.267000,18.9,69.0,989.0,False,23.6,0,0.0,2025,12,British Grand Prix
0 days 02:17:20.283000,19.0,69.0,988.8,False,23.5,296,2.5,2025,12,British Grand Prix
0 days 02:18:20.270000,18.9,68.0,988.9,False,23.2,54,1.4,2025,12,British Grand Prix
0 days 02:19:20.291000,19.0,68.0,988.9,False,22.8,59,1.1,2025,12,British Grand Prix
0 days 02:20:20.284000,19.0,69.0,988.9,False,23.2,40,2.0,2025,12,British Grand Prix
0 days 02:21:20.276000,18.9,68.0,988.8,False,23.7,50,2.3,2025,12,British Grand Prix
0 days 02:22:20.274000,19.0,67.0,988.8,False,24.0,269,2.2,2025,12,British Grand Prix
0 days 02:23:20.273000,19.1,66.0,988.8,False,24.0,320,1.8,2025,12,British Grand Prix
0 days 02:24:20.269000,19.1,66.0,988.9,False,23.8,271,2.1,2025,12,British Grand Prix
0 days 02:25:20.282000,19.2,67.0,989.0,False,23.6,51,1.5,2025,12,British Grand Prix
0 days 02:26:20.278000,19.2,67.0,989.0,False,23.6,302,0.9,2025,12,British Grand Prix
0 days 02:27:20.285000,19.2,67.0,988.9,False,23.6,25,1.3,2025,12,British Grand Prix
0 days 02:28:20.286000,19.1,67.0,988.9,False,23.7,245,1.1,2025,12,British Grand Prix
0 days 02:29:20.291000,19.2,68.0,988.9,False,24.4,92,1.9,2025,12,British Grand Prix
0 days 02:30:20.275000,19.3,65.0,989.1,False,24.4,95,1.1,2025,12,British Grand Prix
0 days 02:31:20.287000,19.4,64.0,989.0,False,24.4,230,1.9,2025,12,British Grand Prix
0 days 02:32:20.278000,19.5,65.0,989.0,False,24.6,287,1.5,2025,12,British Grand Prix
0 days 02:33:20.278000,19.5,64.0,989.0,False,24.6,48,1.6,2025,12,British Grand Prix
0 days 02:34:20.295000,19.6,63.0,988.9,False,24.3,99,1.7,2025,12,British Grand Prix
0 days 00:00:36.172000,18.8,81.0,965.0,False,26.7,328,1.8,2025,13,Belgian Grand Prix
0 days 00:01:36.172000,18.9,82.0,965.0,False,26.5,301,1.6,2025,13,Belgian Grand Prix
0 days 00:02:36.152000,19.0,80.0,965.1,False,26.1,320,1.3,2025,13,Belgian Grand Prix
0 days 00:03:36.182000,18.9,81.0,965.0,False,25.9,338,1.2,2025,13,Belgian Grand Prix
0 days 00:04:36.170000,18.6,81.0,965.1,False,25.9,316,1.7,2025,13,Belgian Grand Prix
0 days 00:05:36.186000,18.5,79.0,965.1,False,25.6,296,1.3,2025,13,Belgian Grand Prix
0 days 00:06:36.186000,18.4,82.0,965.1,False,25.3,347,1.1,2025,13,Belgian Grand Prix
0 days 00:07:36.200000,18.4,82.0,965.0,True,25.2,298,1.2,2025,13,Belgian Grand Prix
0 days 00:08:36.223000,18.3,83.0,965.0,True,25.3,295,1.1,2025,13,Belgian Grand Prix
0 days 00:09:36.192000,18.3,80.0,965.0,True,25.6,260,1.5,2025,13,Belgian Grand Prix
0 days 00:10:36.210000,18.2,82.0,965.0,False,26.2,0,0.6,2025,13,Belgian Grand Prix
0 days 00:11:36.213000,18.2,83.0,965.0,False,26.3,330,1.0,2025,13,Belgian Grand Prix
0 days 00:12:36.229000,18.3,82.0,965.0,False,26.8,275,2.0,2025,13,Belgian Grand Prix
0 days 00:13:36.343000,18.3,79.0,965.1,False,27.3,355,1.1,2025,13,Belgian Grand Prix
0 days 00:14:36.244000,18.4,77.0,965.1,False,27.6,338,1.7,2025,13,Belgian Grand Prix
0 days 00:15:36.257000,18.5,76.0,965.0,True,27.3,315,1.4,2025,13,Belgian Grand Prix
0 days 00:16:36.272000,18.5,78.0,965.0,True,26.8,356,1.6,2025,13,Belgian Grand Prix
0 days 00:17:36.261000,18.6,78.0,965.1,True,26.3,332,1.2,2025,13,Belgian Grand Prix
0 days 00:18:36.248000,18.7,76.0,964.9,True,26.2,332,1.4,2025,13,Belgian Grand Prix
0 days 00:19:36.246000,18.8,78.0,964.9,True,25.8,334,1.2,2025,13,Belgian Grand Prix
0 days 00:20:36.271000,18.8,80.0,964.9,True,25.7,276,0.7,2025,13,Belgian Grand Prix
0 days 00:21:36.271000,18.9,78.0,965.0,True,25.4,358,1.5,2025,13,Belgian Grand Prix
0 days 00:22:36.297000,18.8,79.0,964.9,True,25.1,0,1.7,2025,13,Belgian Grand Prix
0 days 00:23:36.311000,18.8,80.0,965.1,True,25.0,10,1.0,2025,13,Belgian Grand Prix
0 days 00:24:36.294000,18.7,79.0,965.0,True,24.9,2,1.7,2025,13,Belgian Grand Prix
0 days 00:25:36.326000,18.6,80.0,965.0,True,24.1,331,1.7,2025,13,Belgian Grand Prix
0 days 00:26:36.322000,18.5,81.0,965.1,True,24.0,330,2.0,2025,13,Belgian Grand Prix
0 days 00:27:36.338000,18.3,84.0,965.0,True,23.5,311,0.9,2025,13,Belgian Grand Prix
0 days 00:28:36.345000,18.1,82.0,965.1,True,23.3,109,1.3,2025,13,Belgian Grand Prix
0 days 00:29:36.352000,17.9,84.0,965.1,True,22.6,175,1.1,2025,13,Belgian Grand Prix
0 days 00:30:36.347000,17.7,86.0,965.1,True,22.7,341,0.9,2025,13,Belgian Grand Prix
0 days 00:31:36.547000,17.5,86.0,965.0,True,22.7,333,1.1,2025,13,Belgian Grand Prix
0 days 00:32:36.571000,17.4,86.0,965.0,True,22.7,246,0.6,2025,13,Belgian Grand Prix
0 days 00:33:36.571000,17.3,87.0,965.1,True,22.4,14,1.0,2025,13,Belgian Grand Prix
0 days 00:34:36.571000,17.2,89.0,965.0,True,22.6,340,0.4,2025,13,Belgian Grand Prix
0 days 00:35:36.553000,17.2,88.0,965.1,True,22.7,0,1.2,2025,13,Belgian Grand Prix
0 days 00:36:36.591000,17.1,90.0,965.0,True,22.8,323,0.4,2025,13,Belgian Grand Prix
0 days 00:37:36.571000,17.1,90.0,965.0,True,23.2,346,1.3,2025,13,Belgian Grand Prix
0 days 00:38:36.586000,17.0,88.0,965.0,True,23.3,334,2.2,2025,13,Belgian Grand Prix
0 days 00:39:36.609000,17.1,89.0,965.0,True,23.1,305,1.4,2025,13,Belgian Grand Prix
0 days 00:40:36.611000,17.1,88.0,965.0,True,23.1,302,2.3,2025,13,Belgian Grand Prix
0 days 00:41:36.632000,17.0,88.0,965.1,True,23.1,343,1.8,2025,13,Belgian Grand Prix
0 days 00:42:36.648000,17.1,88.0,965.0,True,23.1,345,1.7,2025,13,Belgian Grand Prix
0 days 00:43:36.671000,17.1,88.0,965.1,True,23.4,296,1.1,2025,13,Belgian Grand Prix
0 days 00:44:36.703000,17.0,90.0,965.0,True,23.4,297,0.9,2025,13,Belgian Grand Prix
0 days 00:45:36.710000,17.0,89.0,965.0,True,23.6,310,0.5,2025,13,Belgian Grand Prix
0 days 00:46:36.709000,17.1,89.0,965.0,True,23.7,285,0.8,2025,13,Belgian Grand Prix
0 days 00:47:36.688000,17.1,89.0,965.1,True,23.7,311,2.4,2025,13,Belgian Grand Prix
0 days 00:48:36.698000,17.1,88.0,965.0,True,23.7,319,1.8,2025,13,Belgian Grand Prix
0 days 00:49:36.711000,17.0,89.0,965.1,True,23.6,324,1.4,2025,13,Belgian Grand Prix
0 days 00:50:36.728000,17.1,90.0,965.1,True,23.8,347,0.9,2025,13,Belgian Grand Prix
0 days 00:51:36.726000,17.1,88.0,965.0,True,23.8,352,1.8,2025,13,Belgian Grand Prix
0 days 00:52:36.728000,17.1,88.0,964.9,True,23.8,313,1.1,2025,13,Belgian Grand Prix
0 days 00:53:36.740000,17.0,90.0,965.0,True,23.8,290,1.3,2025,13,Belgian Grand Prix
0 days 00:54:36.739000,17.0,88.0,965.1,True,23.8,291,1.8,2025,13,Belgian Grand Prix
0 days 00:55:36.738000,17.0,90.0,965.0,True,23.8,297,1.6,2025,13,Belgian Grand Prix
0 days 00:56:36.737000,17.0,89.0,964.9,True,24.0,343,1.3,2025,13,Belgian Grand Prix
0 days 00:57:36.740000,17.0,89.0,965.0,True,24.0,350,1.3,2025,13,Belgian Grand Prix
0 days 00:58:36.729000,17.1,89.0,965.1,True,24.1,347,1.6,2025,13,Belgian Grand Prix
0 days 00:59:36.722000,17.2,88.0,965.0,True,24.1,302,1.7,2025,13,Belgian Grand Prix
0 days 01:00:36.748000,17.1,88.0,965.0,True,23.9,344,2.1,2025,13,Belgian Grand Prix
0 days 01:01:36.750000,17.1,89.0,965.0,True,24.0,308,1.5,2025,13,Belgian Grand Prix
0 days 01:02:36.739000,17.1,88.0,965.0,True,24.0,280,1.4,2025,13,Belgian Grand Prix
0 days 01:03:36.741000,17.1,88.0,965.0,False,24.0,0,1.5,2025,13,Belgian Grand Prix
0 days 01:04:36.746000,17.2,90.0,965.1,True,24.5,337,0.7,2025,13,Belgian Grand Prix
0 days 01:05:36.791000,17.3,90.0,965.1,True,24.5,278,0.6,2025,13,Belgian Grand Prix
0 days 01:06:36.756000,17.2,88.0,965.1,False,24.4,330,1.1,2025,13,Belgian Grand Prix
0 days 01:07:36.771000,17.2,88.0,965.1,False,24.3,334,0.9,2025,13,Belgian Grand Prix
0 days 01:08:36.807000,17.3,89.0,965.0,False,24.3,339,1.1,2025,13,Belgian Grand Prix
0 days 01:09:36.798000,17.3,88.0,965.1,False,24.1,323,1.1,2025,13,Belgian Grand Prix
0 days 01:10:36.799000,17.4,89.0,965.1,True,23.7,319,1.4,2025,13,Belgian Grand Prix
0 days 01:11:36.781000,17.4,89.0,965.2,True,23.5,342,1.7,2025,13,Belgian Grand Prix
0 days 01:12:36.781000,17.3,86.0,965.3,True,22.6,354,3.2,2025,13,Belgian Grand Prix
0 days 01:13:36.796000,17.2,87.0,965.3,True,22.5,314,2.5,2025,13,Belgian Grand Prix
0 days 01:14:36.806000,17.0,84.0,965.3,True,21.6,320,3.0,2025,13,Belgian Grand Prix
0 days 01:15:36.805000,16.8,87.0,965.3,True,21.3,321,2.2,2025,13,Belgian Grand Prix
0 days 01:16:36.821000,16.7,87.0,965.3,True,21.3,320,2.8,2025,13,Belgian Grand Prix
0 days 01:17:36.836000,16.5,88.0,965.3,True,21.2,334,1.7,2025,13,Belgian Grand Prix
0 days 01:18:36.841000,16.2,88.0,965.3,True,21.1,340,2.0,2025,13,Belgian Grand Prix
0 days 01:19:36.857000,16.0,87.0,965.4,True,20.9,338,0.9,2025,13,Belgian Grand Prix
0 days 01:20:36.854000,15.7,88.0,965.4,True,20.8,337,1.8,2025,13,Belgian Grand Prix
0 days 01:21:36.886000,15.6,87.0,965.4,True,20.7,339,2.2,2025,13,Belgian Grand Prix
0 days 01:22:36.878000,15.4,87.0,965.4,True,20.7,305,2.1,2025,13,Belgian Grand Prix
0 days 01:23:36.873000,15.2,90.0,965.3,True,20.7,312,1.6,2025,13,Belgian Grand Prix
0 days 01:24:36.868000,15.1,88.0,965.4,True,20.8,287,1.8,2025,13,Belgian Grand Prix
0 days 01:25:36.884000,14.9,89.0,965.4,True,20.8,292,2.1,2025,13,Belgian Grand Prix
0 days 01:26:36.894000,14.8,90.0,965.2,True,20.7,320,2.0,2025,13,Belgian Grand Prix
0 days 01:27:36.886000,14.8,90.0,965.3,True,20.7,298,1.4,2025,13,Belgian Grand Prix
0 days 01:28:36.894000,14.8,90.0,965.2,True,20.8,324,1.6,2025,13,Belgian Grand Prix
0 days 01:29:36.893000,14.7,91.0,965.2,True,20.9,332,1.1,2025,13,Belgian Grand Prix
0 days 01:30:36.889000,14.7,91.0,965.1,True,20.9,284,1.7,2025,13,Belgian Grand Prix
0 days 01:31:36.890000,14.7,89.0,965.1,True,20.9,272,0.9,2025,13,Belgian Grand Prix
0 days 01:32:36.897000,14.6,90.0,965.1,True,20.9,238,1.3,2025,13,Belgian Grand Prix
0 days 01:33:36.888000,14.6,90.0,965.0,True,21.1,267,0.7,2025,13,Belgian Grand Prix
0 days 01:34:36.874000,14.5,89.0,965.0,True,21.1,266,0.7,2025,13,Belgian Grand Prix
0 days 01:35:36.890000,14.5,90.0,965.0,True,21.1,302,0.8,2025,13,Belgian Grand Prix
0 days 01:36:36.904000,14.6,90.0,965.0,True,21.1,309,1.0,2025,13,Belgian Grand Prix
0 days 01:37:36.873000,14.5,90.0,965.0,True,21.0,290,0.5,2025,13,Belgian Grand Prix
0 days 01:38:36.899000,14.6,91.0,964.9,True,21.1,351,1.1,2025,13,Belgian Grand Prix
0 days 01:39:36.901000,14.5,90.0,964.9,True,21.2,305,0.9,2025,13,Belgian Grand Prix
0 days 01:40:36.896000,14.6,91.0,964.8,True,21.2,307,0.7,2025,13,Belgian Grand Prix
0 days 01:41:36.906000,14.6,91.0,964.7,True,21.2,356,0.9,2025,13,Belgian Grand Prix
0 days 01:42:36.900000,14.6,91.0,964.7,True,21.2,313,0.7,2025,13,Belgian Grand Prix
0 days 01:43:36.896000,14.6,90.0,964.7,True,21.2,290,0.9,2025,13,Belgian Grand Prix
0 days 01:44:36.916000,14.6,91.0,964.7,True,21.4,310,1.1,2025,13,Belgian Grand Prix
0 days 01:45:36.916000,14.6,91.0,964.7,True,21.4,285,1.3,2025,13,Belgian Grand Prix
0 days 01:46:36.940000,14.6,90.0,964.7,True,21.5,317,1.2,2025,13,Belgian Grand Prix
0 days 01:47:36.941000,14.6,91.0,964.6,True,21.7,273,1.1,2025,13,Belgian Grand Prix
0 days 01:48:36.943000,14.6,91.0,964.7,True,22.1,0,1.2,2025,13,Belgian Grand Prix
0 days 01:49:36.952000,14.8,93.0,964.8,True,22.3,317,0.8,2025,13,Belgian Grand Prix
0 days 01:50:36.954000,14.9,93.0,964.7,True,22.9,281,1.1,2025,13,Belgian Grand Prix
0 days 01:51:36.958000,15.0,90.0,964.7,True,23.1,330,1.4,2025,13,Belgian Grand Prix
0 days 01:52:36.937000,15.2,91.0,964.7,True,23.1,315,1.8,2025,13,Belgian Grand Prix
0 days 01:53:36.959000,15.3,91.0,964.7,True,23.2,287,1.5,2025,13,Belgian Grand Prix
0 days 01:54:36.959000,15.3,91.0,964.7,True,23.2,306,1.5,2025,13,Belgian Grand Prix
0 days 01:55:36.990000,15.5,90.0,964.6,False,24.3,303,2.0,2025,13,Belgian Grand Prix
0 days 01:56:37.006000,15.6,93.0,964.7,False,25.0,302,0.7,2025,13,Belgian Grand Prix
0 days 01:57:37.007000,15.6,92.0,964.7,True,25.2,321,0.8,2025,13,Belgian Grand Prix
0 days 01:58:37.023000,15.8,90.0,964.7,True,25.4,330,1.5,2025,13,Belgian Grand Prix
0 days 01:59:37.036000,15.9,89.0,964.7,False,25.5,318,1.2,2025,13,Belgian Grand Prix
0 days 02:00:37.036000,16.0,89.0,964.7,False,25.9,282,1.6,2025,13,Belgian Grand Prix
0 days 02:01:37.042000,16.1,87.0,964.7,False,26.0,311,1.8,2025,13,Belgian Grand Prix
0 days 02:02:37.038000,16.2,90.0,964.7,False,26.2,313,2.0,2025,13,Belgian Grand Prix
0 days 02:03:37.038000,16.4,86.0,964.7,False,26.3,328,1.5,2025,13,Belgian Grand Prix
0 days 02:04:37.053000,16.4,86.0,964.8,True,26.3,325,1.3,2025,13,Belgian Grand Prix
0 days 02:05:37.051000,16.5,87.0,964.7,True,26.3,287,0.6,2025,13,Belgian Grand Prix
0 days 02:06:37.069000,16.7,83.0,964.8,False,26.3,347,1.8,2025,13,Belgian Grand Prix
0 days 02:07:37.077000,16.8,86.0,964.8,False,26.6,356,1.9,2025,13,Belgian Grand Prix
0 days 02:08:37.098000,16.9,85.0,964.8,False,26.8,333,1.6,2025,13,Belgian Grand Prix
0 days 02:09:37.098000,17.0,85.0,964.8,False,26.6,337,1.5,2025,13,Belgian Grand Prix
0 days 02:10:37.088000,17.1,85.0,964.8,False,26.4,331,1.1,2025,13,Belgian Grand Prix
0 days 02:11:37.120000,17.3,85.0,964.7,False,26.4,354,1.5,2025,13,Belgian Grand Prix
0 days 02:12:37.120000,17.4,84.0,964.7,False,26.3,347,1.5,2025,13,Belgian Grand Prix
0 days 02:13:37.110000,17.4,82.0,964.8,False,26.2,305,1.4,2025,13,Belgian Grand Prix
0 days 02:14:37.127000,17.5,84.0,964.8,False,26.1,322,1.6,2025,13,Belgian Grand Prix
0 days 02:15:37.153000,17.6,84.0,964.9,False,26.1,326,1.4,2025,13,Belgian Grand Prix
0 days 02:16:37.147000,17.7,85.0,964.7,False,25.9,333,1.5,2025,13,Belgian Grand Prix
0 days 02:17:37.150000,17.6,82.0,964.8,False,25.1,285,1.5,2025,13,Belgian Grand Prix
0 days 02:18:37.156000,17.7,84.0,964.8,False,24.8,333,1.5,2025,13,Belgian Grand Prix
0 days 02:19:37.175000,17.7,84.0,964.8,False,24.8,318,1.2,2025,13,Belgian Grand Prix
0 days 02:20:37.143000,17.6,84.0,964.9,False,24.9,339,1.5,2025,13,Belgian Grand Prix
0 days 02:21:37.151000,17.6,84.0,964.9,False,25.0,315,1.8,2025,13,Belgian Grand Prix
0 days 02:22:37.157000,17.6,84.0,964.9,False,24.8,300,1.9,2025,13,Belgian Grand Prix
0 days 02:23:37.161000,17.4,83.0,964.9,False,24.4,331,1.2,2025,13,Belgian Grand Prix
0 days 02:24:37.186000,17.3,85.0,965.0,False,24.5,330,1.8,2025,13,Belgian Grand Prix
0 days 02:25:37.182000,17.3,83.0,965.0,False,24.9,304,1.6,2025,13,Belgian Grand Prix
0 days 02:26:37.187000,17.4,85.0,964.9,False,24.9,332,1.1,2025,13,Belgian Grand Prix
0 days 02:27:37.187000,17.4,84.0,964.9,False,25.5,2,1.1,2025,13,Belgian Grand Prix
0 days 02:28:37.165000,17.4,82.0,965.0,False,25.6,335,0.9,2025,13,Belgian Grand Prix
0 days 02:29:37.179000,17.4,82.0,965.0,False,25.7,307,1.1,2025,13,Belgian Grand Prix
0 days 02:30:37.190000,17.4,83.0,965.0,False,25.8,305,1.7,2025,13,Belgian Grand Prix
0 days 02:31:37.195000,17.5,83.0,965.0,False,25.9,317,2.6,2025,13,Belgian Grand Prix
0 days 02:32:37.206000,17.5,80.0,965.0,False,25.5,313,2.7,2025,13,Belgian Grand Prix
0 days 02:33:37.227000,17.5,81.0,965.1,False,25.5,297,1.9,2025,13,Belgian Grand Prix
0 days 02:34:37.216000,17.5,81.0,965.1,False,25.5,275,2.0,2025,13,Belgian Grand Prix
0 days 02:35:37.226000,17.6,83.0,965.2,False,25.9,357,2.3,2025,13,Belgian Grand Prix
0 days 02:36:37.216000,17.5,79.0,965.1,False,25.9,339,1.5,2025,13,Belgian Grand Prix
0 days 02:37:37.227000,17.5,83.0,965.1,False,25.9,327,1.8,2025,13,Belgian Grand Prix
0 days 02:38:37.222000,17.5,82.0,965.1,False,25.9,355,1.9,2025,13,Belgian Grand Prix
0 days 02:39:37.244000,17.5,82.0,965.1,False,25.9,355,1.9,2025,13,Belgian Grand Prix
0 days 02:40:37.247000,17.6,81.0,965.2,False,25.4,318,2.2,2025,13,Belgian Grand Prix
0 days 02:41:37.246000,17.6,80.0,965.2,False,25.3,0,1.8,2025,13,Belgian Grand Prix
0 days 02:42:37.251000,17.6,81.0,965.2,False,25.1,318,1.1,2025,13,Belgian Grand Prix
0 days 02:43:37.251000,17.5,79.0,965.2,False,25.1,344,2.5,2025,13,Belgian Grand Prix
0 days 02:44:37.261000,17.5,81.0,965.3,False,25.8,332,1.5,2025,13,Belgian Grand Prix
0 days 02:45:37.262000,17.5,83.0,965.2,False,26.0,306,1.2,2025,13,Belgian Grand Prix
0 days 02:46:37.283000,17.4,82.0,965.3,False,26.0,31,0.7,2025,13,Belgian Grand Prix
0 days 02:47:37.293000,17.5,80.0,965.2,False,25.8,342,1.9,2025,13,Belgian Grand Prix
0 days 02:48:37.275000,17.5,79.0,965.2,False,25.8,327,1.9,2025,13,Belgian Grand Prix
0 days 02:49:37.310000,17.5,80.0,965.1,False,26.1,336,1.5,2025,13,Belgian Grand Prix
0 days 02:50:37.311000,17.6,80.0,965.1,False,26.3,338,2.5,2025,13,Belgian Grand Prix
0 days 02:51:37.332000,17.6,79.0,965.2,False,26.1,316,1.6,2025,13,Belgian Grand Prix
0 days 02:52:37.330000,17.8,81.0,965.2,False,26.1,312,1.4,2025,13,Belgian Grand Prix
0 days 02:53:37.321000,17.8,81.0,965.3,False,26.2,303,1.6,2025,13,Belgian Grand Prix
0 days 02:54:37.332000,17.9,79.0,965.2,False,26.2,342,1.4,2025,13,Belgian Grand Prix
0 days 02:55:37.342000,17.9,79.0,965.2,False,26.2,295,2.2,2025,13,Belgian Grand Prix
0 days 02:56:37.391000,17.9,79.0,965.2,False,26.3,353,1.1,2025,13,Belgian Grand Prix
0 days 02:57:37.371000,17.8,78.0,965.2,False,26.4,334,2.5,2025,13,Belgian Grand Prix
0 days 02:58:37.376000,17.9,79.0,965.3,False,26.3,256,2.0,2025,13,Belgian Grand Prix
0 days 02:59:37.386000,17.9,79.0,965.3,False,25.8,202,0.7,2025,13,Belgian Grand Prix
0 days 03:00:37.386000,17.9,81.0,965.2,False,25.8,24,1.5,2025,13,Belgian Grand Prix
0 days 03:01:37.399000,18.0,80.0,965.3,False,26.0,188,1.2,2025,13,Belgian Grand Prix
0 days 03:02:37.390000,18.1,79.0,965.3,False,25.8,354,1.2,2025,13,Belgian Grand Prix
0 days 03:03:37.422000,18.0,78.0,965.3,False,25.0,308,1.4,2025,13,Belgian Grand Prix
0 days 03:04:37.421000,18.0,78.0,965.3,False,24.7,327,1.6,2025,13,Belgian Grand Prix
0 days 03:05:37.423000,17.8,78.0,965.3,False,24.5,265,2.2,2025,13,Belgian Grand Prix
0 days 03:06:37.430000,17.7,79.0,965.3,False,24.5,347,1.3,2025,13,Belgian Grand Prix
0 days 03:07:37.430000,17.5,79.0,965.2,False,24.3,331,1.9,2025,13,Belgian Grand Prix
0 days 03:08:37.435000,17.5,80.0,965.2,False,24.2,341,1.6,2025,13,Belgian Grand Prix
0 days 03:09:37.441000,17.5,80.0,965.3,False,24.2,319,1.8,2025,13,Belgian Grand Prix
0 days 03:10:37.454000,17.5,80.0,965.2,False,24.1,333,1.2,2025,13,Belgian Grand Prix
0 days 03:11:37.467000,17.5,81.0,965.2,False,24.1,244,1.4,2025,13,Belgian Grand Prix
0 days 03:12:37.473000,17.5,81.0,965.2,False,24.2,230,0.8,2025,13,Belgian Grand Prix
0 days 03:13:37.471000,17.5,81.0,965.2,False,24.7,6,0.6,2025,13,Belgian Grand Prix
0 days 03:14:37.467000,17.5,80.0,965.2,False,24.8,328,1.2,2025,13,Belgian Grand Prix
0 days 03:15:37.452000,17.6,79.0,965.2,False,24.8,345,1.6,2025,13,Belgian Grand Prix
0 days 03:16:37.477000,17.5,78.0,965.1,False,24.7,238,1.1,2025,13,Belgian Grand Prix
0 days 03:17:37.456000,17.5,79.0,965.2,False,24.0,263,1.2,2025,13,Belgian Grand Prix
0 days 03:18:37.481000,17.5,79.0,965.2,False,24.0,291,1.8,2025,13,Belgian Grand Prix
0 days 03:19:37.474000,17.5,78.0,965.2,False,23.8,349,1.4,2025,13,Belgian Grand Prix
0 days 03:20:37.462000,17.5,79.0,965.2,False,23.8,338,1.7,2025,13,Belgian Grand Prix
0 days 03:21:37.464000,17.5,78.0,965.2,False,23.7,286,1.8,2025,13,Belgian Grand Prix
0 days 03:22:37.464000,17.5,78.0,965.2,False,23.5,345,1.6,2025,13,Belgian Grand Prix
0 days 03:23:37.479000,17.5,80.0,965.1,False,23.5,336,1.6,2025,13,Belgian Grand Prix
0 days 03:24:37.474000,17.4,80.0,965.1,False,23.6,357,1.1,2025,13,Belgian Grand Prix
0 days 03:25:37.483000,17.4,81.0,965.2,False,23.6,356,1.3,2025,13,Belgian Grand Prix
0 days 03:26:37.475000,17.3,78.0,965.2,False,23.1,313,2.0,2025,13,Belgian Grand Prix
0 days 03:27:37.487000,17.2,80.0,965.1,False,23.1,342,1.3,2025,13,Belgian Grand Prix
0 days 03:28:37.484000,17.1,81.0,965.2,False,23.0,276,1.5,2025,13,Belgian Grand Prix
0 days 03:29:37.485000,17.1,81.0,965.2,False,23.0,0,1.7,2025,13,Belgian Grand Prix
0 days 03:30:37.497000,17.1,80.0,965.1,False,23.1,346,2.1,2025,13,Belgian Grand Prix
0 days 03:31:37.505000,17.1,81.0,965.1,False,22.9,332,1.9,2025,13,Belgian Grand Prix
0 days 03:32:37.534000,17.1,81.0,965.2,False,22.8,342,1.8,2025,13,Belgian Grand Prix
0 days 03:33:37.533000,17.1,81.0,965.2,False,22.4,179,1.5,2025,13,Belgian Grand Prix
0 days 03:34:37.585000,17.1,82.0,965.1,False,22.4,319,0.8,2025,13,Belgian Grand Prix
0 days 03:35:37.593000,17.1,82.0,965.3,False,22.5,200,0.7,2025,13,Belgian Grand Prix
0 days 03:36:37.593000,17.0,83.0,965.1,False,22.5,237,1.0,2025,13,Belgian Grand Prix
0 days 03:37:37.606000,17.0,82.0,965.3,False,22.3,207,1.4,2025,13,Belgian Grand Prix
0 days 03:38:37.616000,16.9,82.0,965.2,False,22.3,243,1.4,2025,13,Belgian Grand Prix
0 days 03:39:37.625000,16.9,82.0,965.2,False,22.3,172,1.1,2025,13,Belgian Grand Prix
0 days 03:40:37.597000,16.9,83.0,965.2,False,22.4,220,1.1,2025,13,Belgian Grand Prix
0 days 03:41:37.620000,16.9,82.0,965.2,False,22.4,322,1.4,2025,13,Belgian Grand Prix
0 days 03:42:37.618000,16.9,81.0,965.2,False,22.4,348,1.0,2025,13,Belgian Grand Prix
0 days 00:00:15.360000,22.2,60.0,987.2,False,37.1,263,3.7,2025,14,Hungarian Grand Prix
0 days 00:01:15.357000,22.3,60.0,987.2,False,37.2,266,2.5,2025,14,Hungarian Grand Prix
0 days 00:02:15.357000,22.4,59.0,987.2,False,37.5,253,1.7,2025,14,Hungarian Grand Prix
0 days 00:03:15.367000,22.4,59.0,987.2,False,37.9,240,1.6,2025,14,Hungarian Grand Prix
0 days 00:04:15.367000,22.3,59.0,987.2,False,38.0,254,1.7,2025,14,Hungarian Grand Prix
0 days 00:05:15.374000,22.4,58.0,987.2,False,38.0,263,2.0,2025,14,Hungarian Grand Prix
0 days 00:06:15.365000,22.4,59.0,987.2,False,37.6,247,2.5,2025,14,Hungarian Grand Prix
0 days 00:07:15.365000,22.3,59.0,987.2,False,37.5,256,2.3,2025,14,Hungarian Grand Prix
0 days 00:08:15.378000,22.4,57.0,987.3,False,37.5,274,3.5,2025,14,Hungarian Grand Prix
0 days 00:09:15.373000,22.2,58.0,987.2,False,36.9,281,3.6,2025,14,Hungarian Grand Prix
0 days 00:10:15.372000,22.1,59.0,987.3,False,36.9,295,3.2,2025,14,Hungarian Grand Prix
0 days 00:11:15.363000,22.1,59.0,987.3,False,37.4,255,2.6,2025,14,Hungarian Grand Prix
0 days 00:12:15.379000,22.3,59.0,987.3,False,37.6,260,2.3,2025,14,Hungarian Grand Prix
0 days 00:13:15.364000,22.3,58.0,987.2,False,37.5,268,1.8,2025,14,Hungarian Grand Prix
0 days 00:14:15.377000,22.2,58.0,987.1,False,37.2,256,2.8,2025,14,Hungarian Grand Prix
0 days 00:15:15.383000,22.3,58.0,987.2,False,37.3,264,2.5,2025,14,Hungarian Grand Prix
0 days 00:16:15.365000,22.3,57.0,987.2,False,37.1,255,3.6,2025,14,Hungarian Grand Prix
0 days 00:17:15.396000,22.2,58.0,987.2,False,36.4,266,2.2,2025,14,Hungarian Grand Prix
0 days 00:18:15.403000,22.4,57.0,987.2,False,36.5,249,1.7,2025,14,Hungarian Grand Prix
0 days 00:19:15.431000,22.3,58.0,987.2,False,35.9,250,3.5,2025,14,Hungarian Grand Prix
0 days 00:20:15.428000,22.3,59.0,987.3,False,35.9,252,2.5,2025,14,Hungarian Grand Prix
0 days 00:21:15.430000,22.3,59.0,987.2,False,35.9,248,2.5,2025,14,Hungarian Grand Prix
0 days 00:22:15.432000,22.3,60.0,987.2,False,36.3,253,2.6,2025,14,Hungarian Grand Prix
0 days 00:23:15.433000,22.4,58.0,987.3,False,36.5,250,2.2,2025,14,Hungarian Grand Prix
0 days 00:24:15.421000,22.4,58.0,987.2,False,36.4,260,3.1,2025,14,Hungarian Grand Prix
0 days 00:25:15.437000,22.4,58.0,987.3,False,35.9,265,2.5,2025,14,Hungarian Grand Prix
0 days 00:26:15.415000,22.4,58.0,987.3,False,35.9,253,2.1,2025,14,Hungarian Grand Prix
0 days 00:27:15.430000,22.4,58.0,987.2,False,35.5,268,2.3,2025,14,Hungarian Grand Prix
0 days 00:28:15.431000,22.3,57.0,987.3,False,35.4,273,2.4,2025,14,Hungarian Grand Prix
0 days 00:29:15.428000,22.3,56.0,987.3,False,35.7,251,2.4,2025,14,Hungarian Grand Prix
0 days 00:30:15.429000,22.2,55.0,987.2,False,35.0,267,2.0,2025,14,Hungarian Grand Prix
0 days 00:31:15.445000,22.1,56.0,987.2,False,33.3,268,2.9,2025,14,Hungarian Grand Prix
0 days 00:32:15.429000,22.1,56.0,987.3,False,31.8,259,2.6,2025,14,Hungarian Grand Prix
0 days 00:33:15.436000,22.1,55.0,987.2,False,32.4,281,2.5,2025,14,Hungarian Grand Prix
0 days 00:34:15.435000,22.0,57.0,987.2,False,33.9,252,2.7,2025,14,Hungarian Grand Prix
0 days 00:35:15.443000,22.0,57.0,987.2,False,33.7,253,2.0,2025,14,Hungarian Grand Prix
0 days 00:36:15.434000,22.0,58.0,987.2,False,33.5,280,2.9,2025,14,Hungarian Grand Prix
0 days 00:37:15.441000,21.9,57.0,987.3,False,32.8,256,2.3,2025,14,Hungarian Grand Prix
0 days 00:38:15.434000,21.9,58.0,987.1,False,32.6,263,2.3,2025,14,Hungarian Grand Prix
0 days 00:39:15.435000,22.0,58.0,987.1,False,32.1,257,1.9,2025,14,Hungarian Grand Prix
0 days 00:40:15.451000,22.0,57.0,987.1,False,32.8,289,2.0,2025,14,Hungarian Grand Prix
0 days 00:41:15.475000,22.0,59.0,987.1,False,33.3,260,2.7,2025,14,Hungarian Grand Prix
0 days 00:42:15.488000,22.0,59.0,987.2,False,33.7,286,2.2,2025,14,Hungarian Grand Prix
0 days 00:43:15.496000,22.0,58.0,987.1,False,33.7,248,2.6,2025,14,Hungarian Grand Prix
0 days 00:44:15.492000,21.9,56.0,987.1,False,33.5,259,3.1,2025,14,Hungarian Grand Prix
0 days 00:45:15.496000,22.0,57.0,987.2,False,33.1,265,2.7,2025,14,Hungarian Grand Prix
0 days 00:46:15.514000,21.9,58.0,987.1,False,33.2,256,3.1,2025,14,Hungarian Grand Prix
0 days 00:47:15.524000,21.9,57.0,987.2,False,33.2,262,1.9,2025,14,Hungarian Grand Prix
0 days 00:48:15.525000,21.9,57.0,987.1,False,33.2,246,1.7,2025,14,Hungarian Grand Prix
0 days 00:49:15.521000,21.9,57.0,987.0,False,31.6,262,2.1,2025,14,Hungarian Grand Prix
0 days 00:50:15.528000,21.9,57.0,987.1,False,31.6,265,2.4,2025,14,Hungarian Grand Prix
0 days 00:51:15.522000,21.8,57.0,987.1,False,31.6,268,2.8,2025,14,Hungarian Grand Prix
0 days 00:52:15.529000,21.8,57.0,987.1,False,31.9,266,3.1,2025,14,Hungarian Grand Prix
0 days 00:53:15.529000,21.8,58.0,987.1,False,32.6,262,2.2,2025,14,Hungarian Grand Prix
0 days 00:54:15.513000,21.7,57.0,987.2,False,32.6,263,2.6,2025,14,Hungarian Grand Prix
0 days 00:55:15.518000,21.7,57.0,987.1,False,32.6,265,2.5,2025,14,Hungarian Grand Prix
0 days 00:56:15.545000,21.7,57.0,987.1,False,32.6,271,2.6,2025,14,Hungarian Grand Prix
0 days 00:57:15.549000,21.6,57.0,987.2,False,32.1,273,3.0,2025,14,Hungarian Grand Prix
0 days 00:58:15.528000,21.6,58.0,987.2,False,31.9,267,2.8,2025,14,Hungarian Grand Prix
0 days 00:59:15.541000,21.7,58.0,987.2,False,31.9,254,2.5,2025,14,Hungarian Grand Prix
0 days 01:00:15.528000,21.8,57.0,987.3,False,32.3,284,2.9,2025,14,Hungarian Grand Prix
0 days 01:01:15.514000,21.8,58.0,987.2,False,31.7,286,3.2,2025,14,Hungarian Grand Prix
0 days 01:02:15.532000,21.8,58.0,987.3,False,31.6,276,2.6,2025,14,Hungarian Grand Prix
0 days 01:03:15.541000,21.8,58.0,987.3,False,31.5,263,2.9,2025,14,Hungarian Grand Prix
0 days 01:04:15.534000,21.8,59.0,987.2,False,31.4,277,3.1,2025,14,Hungarian Grand Prix
0 days 01:05:15.529000,21.9,58.0,987.2,False,31.4,285,2.2,2025,14,Hungarian Grand Prix
0 days 01:06:15.533000,21.9,58.0,987.3,False,31.4,275,2.9,2025,14,Hungarian Grand Prix
0 days 01:07:15.537000,21.9,58.0,987.3,False,31.4,281,2.3,2025,14,Hungarian Grand Prix
0 days 01:08:15.532000,21.9,58.0,987.2,False,31.7,201,1.6,2025,14,Hungarian Grand Prix
0 days 01:09:15.547000,22.0,58.0,987.2,False,31.7,250,1.9,2025,14,Hungarian Grand Prix
0 days 01:10:15.562000,22.1,58.0,987.1,False,32.0,239,1.4,2025,14,Hungarian Grand Prix
0 days 01:11:15.571000,22.0,58.0,987.2,False,31.4,277,2.6,2025,14,Hungarian Grand Prix
0 days 01:12:15.595000,21.9,58.0,987.3,False,31.2,256,2.5,2025,14,Hungarian Grand Prix
0 days 01:13:15.607000,21.9,58.0,987.2,False,31.1,292,1.9,2025,14,Hungarian Grand Prix
0 days 01:14:15.619000,21.9,58.0,987.2,False,31.2,277,2.8,2025,14,Hungarian Grand Prix
0 days 01:15:15.602000,21.8,59.0,987.2,False,30.8,267,3.0,2025,14,Hungarian Grand Prix
0 days 01:16:15.633000,21.8,59.0,987.2,False,30.8,292,2.5,2025,14,Hungarian Grand Prix
0 days 01:17:15.645000,21.9,59.0,987.1,False,31.2,265,1.7,2025,14,Hungarian Grand Prix
0 days 01:18:15.633000,21.9,58.0,987.1,False,31.3,236,1.5,2025,14,Hungarian Grand Prix
0 days 01:19:15.643000,21.9,58.0,987.0,False,31.2,295,1.8,2025,14,Hungarian Grand Prix
0 days 01:20:15.655000,21.9,58.0,987.0,False,31.1,271,2.7,2025,14,Hungarian Grand Prix
0 days 01:21:15.675000,22.0,58.0,987.1,False,31.1,258,1.3,2025,14,Hungarian Grand Prix
0 days 01:22:15.679000,22.0,57.0,987.1,False,31.5,241,2.1,2025,14,Hungarian Grand Prix
0 days 01:23:15.679000,22.0,57.0,987.2,False,31.5,236,2.0,2025,14,Hungarian Grand Prix
0 days 01:24:15.673000,22.0,58.0,987.1,False,31.6,260,2.4,2025,14,Hungarian Grand Prix
0 days 01:25:15.683000,22.0,58.0,987.0,False,31.5,245,2.5,2025,14,Hungarian Grand Prix
0 days 01:26:15.664000,22.0,58.0,987.0,False,31.7,284,1.7,2025,14,Hungarian Grand Prix
0 days 01:27:15.668000,22.0,58.0,987.0,False,31.8,252,1.7,2025,14,Hungarian Grand Prix
0 days 01:28:15.678000,22.0,58.0,987.0,False,31.5,267,2.8,2025,14,Hungarian Grand Prix
0 days 01:29:15.669000,22.0,58.0,986.9,False,31.5,239,3.2,2025,14,Hungarian Grand Prix
0 days 01:30:15.679000,22.0,58.0,986.9,False,31.8,257,3.0,2025,14,Hungarian Grand Prix
0 days 01:31:15.676000,22.0,58.0,987.0,False,31.8,258,2.1,2025,14,Hungarian Grand Prix
0 days 01:32:15.686000,22.0,58.0,987.0,False,31.9,235,2.5,2025,14,Hungarian Grand Prix
0 days 01:33:15.693000,22.1,57.0,986.9,False,31.7,270,1.8,2025,14,Hungarian Grand Prix
0 days 01:34:15.698000,22.1,57.0,987.0,False,31.8,259,2.5,2025,14,Hungarian Grand Prix
0 days 01:35:15.698000,22.1,57.0,986.9,False,31.9,277,2.5,2025,14,Hungarian Grand Prix
0 days 01:36:15.678000,22.1,58.0,986.9,False,31.9,246,2.9,2025,14,Hungarian Grand Prix
0 days 01:37:15.682000,22.1,58.0,986.9,False,31.8,283,1.9,2025,14,Hungarian Grand Prix
0 days 01:38:15.691000,22.1,57.0,986.9,False,31.8,266,2.0,2025,14,Hungarian Grand Prix
0 days 01:39:15.682000,22.1,58.0,987.0,False,31.8,283,2.3,2025,14,Hungarian Grand Prix
0 days 01:40:15.704000,22.1,57.0,986.9,False,31.8,268,1.8,2025,14,Hungarian Grand Prix
0 days 01:41:15.682000,22.1,57.0,986.9,False,31.9,253,1.5,2025,14,Hungarian Grand Prix
0 days 01:42:15.693000,22.1,57.0,986.9,False,31.8,254,1.9,2025,14,Hungarian Grand Prix
0 days 01:43:15.698000,22.1,56.0,987.0,False,31.6,262,1.3,2025,14,Hungarian Grand Prix
0 days 01:44:15.697000,22.0,57.0,987.0,False,31.7,204,1.6,2025,14,Hungarian Grand Prix
0 days 01:45:15.689000,22.1,57.0,987.0,False,31.8,256,1.0,2025,14,Hungarian Grand Prix
0 days 01:46:15.690000,22.1,57.0,987.0,False,32.0,278,1.0,2025,14,Hungarian Grand Prix
0 days 01:47:15.699000,22.1,56.0,987.0,False,32.1,258,1.6,2025,14,Hungarian Grand Prix
0 days 01:48:15.698000,22.1,57.0,987.1,False,32.0,264,1.4,2025,14,Hungarian Grand Prix
0 days 01:49:15.700000,22.1,57.0,987.0,False,31.6,265,2.1,2025,14,Hungarian Grand Prix
0 days 01:50:15.690000,22.1,57.0,987.0,False,31.5,256,3.0,2025,14,Hungarian Grand Prix
0 days 01:51:15.691000,22.1,57.0,987.1,False,31.5,275,2.1,2025,14,Hungarian Grand Prix
0 days 01:52:15.685000,22.1,58.0,987.0,False,31.6,225,2.4,2025,14,Hungarian Grand Prix
0 days 01:53:15.699000,22.2,57.0,987.0,False,31.9,204,1.0,2025,14,Hungarian Grand Prix
0 days 01:54:15.698000,22.2,56.0,987.1,False,31.9,307,1.1,2025,14,Hungarian Grand Prix
0 days 01:55:15.700000,22.2,56.0,987.0,False,31.6,259,1.5,2025,14,Hungarian Grand Prix
0 days 01:56:15.697000,22.2,56.0,987.0,False,31.6,208,1.1,2025,14,Hungarian Grand Prix
0 days 01:57:15.692000,22.3,56.0,987.1,False,31.6,198,1.6,2025,14,Hungarian Grand Prix
0 days 01:58:15.704000,22.2,56.0,987.0,False,31.6,281,1.2,2025,14,Hungarian Grand Prix
0 days 01:59:15.737000,22.2,56.0,987.1,False,31.5,242,2.0,2025,14,Hungarian Grand Prix
0 days 02:00:15.703000,22.2,55.0,987.1,False,31.3,293,1.7,2025,14,Hungarian Grand Prix
0 days 02:01:15.700000,22.1,55.0,987.0,False,31.2,268,1.8,2025,14,Hungarian Grand Prix
0 days 02:02:15.759000,22.1,56.0,987.1,False,31.0,258,3.0,2025,14,Hungarian Grand Prix
0 days 02:03:15.694000,22.1,56.0,987.1,False,30.9,266,2.1,2025,14,Hungarian Grand Prix
0 days 02:04:15.710000,22.1,56.0,987.0,False,31.2,274,1.4,2025,14,Hungarian Grand Prix
0 days 02:05:15.720000,22.0,56.0,987.0,False,31.1,289,1.8,2025,14,Hungarian Grand Prix
0 days 02:06:15.704000,22.0,56.0,987.1,False,31.3,259,1.2,2025,14,Hungarian Grand Prix
0 days 02:07:15.711000,22.0,56.0,987.1,False,31.3,199,1.2,2025,14,Hungarian Grand Prix
0 days 02:08:15.711000,22.0,56.0,987.2,False,31.0,166,0.9,2025,14,Hungarian Grand Prix
0 days 02:09:15.703000,22.0,56.0,987.1,False,31.0,260,1.1,2025,14,Hungarian Grand Prix
0 days 02:10:15.721000,22.0,56.0,987.1,False,30.7,213,2.2,2025,14,Hungarian Grand Prix
0 days 02:11:15.706000,22.0,56.0,987.2,False,30.8,284,1.2,2025,14,Hungarian Grand Prix
0 days 02:12:15.706000,22.0,56.0,987.2,False,31.0,204,0.8,2025,14,Hungarian Grand Prix
0 days 02:13:15.713000,22.0,55.0,987.3,False,30.9,277,2.0,2025,14,Hungarian Grand Prix
0 days 02:14:15.731000,22.0,57.0,987.3,False,30.7,254,2.6,2025,14,Hungarian Grand Prix
0 days 02:15:15.708000,22.0,56.0,987.3,False,30.7,293,1.3,2025,14,Hungarian Grand Prix
0 days 02:16:15.712000,22.0,57.0,987.3,False,30.7,252,1.1,2025,14,Hungarian Grand Prix
0 days 02:17:15.713000,22.0,56.0,987.2,False,30.8,271,1.0,2025,14,Hungarian Grand Prix
0 days 02:18:15.705000,22.0,57.0,987.2,False,30.8,289,2.9,2025,14,Hungarian Grand Prix
0 days 02:19:15.705000,22.0,56.0,987.2,False,30.6,272,3.0,2025,14,Hungarian Grand Prix
0 days 02:20:15.724000,22.1,57.0,987.1,False,30.6,261,2.1,2025,14,Hungarian Grand Prix
0 days 02:21:15.726000,22.1,57.0,987.2,False,30.6,249,1.5,2025,14,Hungarian Grand Prix
0 days 02:22:15.715000,22.1,56.0,987.1,False,31.1,215,2.2,2025,14,Hungarian Grand Prix
0 days 02:23:15.722000,22.1,57.0,987.2,False,31.1,277,2.0,2025,14,Hungarian Grand Prix
0 days 02:24:15.728000,22.1,57.0,987.1,False,30.9,265,1.9,2025,14,Hungarian Grand Prix
0 days 02:25:15.723000,22.1,57.0,987.2,False,31.1,294,2.0,2025,14,Hungarian Grand Prix
0 days 02:26:15.720000,22.2,56.0,987.2,False,31.3,298,1.9,2025,14,Hungarian Grand Prix
0 days 02:27:15.726000,22.3,56.0,987.2,False,32.0,129,1.0,2025,14,Hungarian Grand Prix
0 days 02:28:15.719000,22.4,55.0,987.2,False,32.0,291,0.4,2025,14,Hungarian Grand Prix
0 days 02:29:15.717000,22.4,55.0,987.2,False,31.6,290,1.2,2025,14,Hungarian Grand Prix
0 days 02:30:15.722000,22.4,55.0,987.2,False,31.6,259,1.6,2025,14,Hungarian Grand Prix
0 days 02:31:15.755000,22.4,55.0,987.3,False,31.6,267,1.8,2025,14,Hungarian Grand Prix
0 days 02:32:15.743000,22.4,56.0,987.2,False,31.8,282,2.1,2025,14,Hungarian Grand Prix
0 days 02:33:15.807000,22.4,56.0,987.2,False,31.8,208,1.8,2025,14,Hungarian Grand Prix
0 days 02:34:15.778000,22.4,56.0,987.2,False,32.0,257,1.4,2025,14,Hungarian Grand Prix
0 days 02:35:15.775000,22.5,56.0,987.2,False,32.2,96,1.6,2025,14,Hungarian Grand Prix
0 days 02:36:15.778000,22.5,55.0,987.3,False,32.2,264,0.9,2025,14,Hungarian Grand Prix
0 days 00:00:58.063000,20.3,67.0,1006.6,False,28.5,227,3.5,2025,15,Dutch Grand Prix
0 days 00:01:58.072000,20.3,68.0,1006.5,False,28.4,179,3.1,2025,15,Dutch Grand Prix
0 days 00:02:58.069000,20.3,68.0,1006.5,False,28.4,212,2.4,2025,15,Dutch Grand Prix
0 days 00:03:58.065000,20.3,68.0,1006.5,False,28.7,196,2.4,2025,15,Dutch Grand Prix
0 days 00:04:58.067000,20.3,69.0,1006.6,False,28.3,251,2.1,2025,15,Dutch Grand Prix
0 days 00:05:58.073000,20.3,69.0,1006.5,False,28.3,233,2.2,2025,15,Dutch Grand Prix
0 days 00:06:58.082000,20.3,68.0,1006.4,False,27.9,225,2.5,2025,15,Dutch Grand Prix
0 days 00:07:58.081000,20.3,69.0,1006.4,False,28.2,203,1.8,2025,15,Dutch Grand Prix
0 days 00:08:58.109000,20.3,69.0,1006.5,False,28.4,221,2.8,2025,15,Dutch Grand Prix
0 days 00:09:58.112000,20.2,69.0,1006.4,False,27.7,229,3.0,2025,15,Dutch Grand Prix
0 days 00:10:58.128000,20.2,70.0,1006.4,False,27.7,233,3.3,2025,15,Dutch Grand Prix
0 days 00:11:58.119000,20.2,71.0,1006.4,False,27.7,204,1.9,2025,15,Dutch Grand Prix
0 days 00:12:58.124000,20.2,71.0,1006.4,False,28.5,208,1.1,2025,15,Dutch Grand Prix
0 days 00:13:58.142000,20.3,71.0,1006.4,False,28.5,228,1.8,2025,15,Dutch Grand Prix
0 days 00:14:58.139000,20.3,71.0,1006.4,False,28.4,198,1.7,2025,15,Dutch Grand Prix
0 days 00:15:58.158000,20.2,70.0,1006.6,False,28.2,207,1.7,2025,15,Dutch Grand Prix
0 days 00:16:58.167000,20.2,72.0,1006.4,False,28.2,176,1.8,2025,15,Dutch Grand Prix
0 days 00:17:58.179000,20.3,71.0,1006.5,False,28.2,204,2.1,2025,15,Dutch Grand Prix
0 days 00:18:58.199000,20.3,69.0,1006.5,False,28.1,205,2.7,2025,15,Dutch Grand Prix
0 days 00:19:58.201000,20.3,71.0,1006.5,False,28.1,210,2.5,2025,15,Dutch Grand Prix
0 days 00:20:58.250000,20.4,71.0,1006.5,False,28.3,222,1.9,2025,15,Dutch Grand Prix
0 days 00:21:58.250000,20.5,71.0,1006.5,False,28.0,221,3.1,2025,15,Dutch Grand Prix
0 days 00:22:58.259000,20.5,72.0,1006.4,False,28.0,219,2.7,2025,15,Dutch Grand Prix
0 days 00:23:58.256000,20.5,71.0,1006.4,False,28.4,233,2.7,2025,15,Dutch Grand Prix
0 days 00:24:58.269000,20.4,72.0,1006.3,False,28.6,182,1.6,2025,15,Dutch Grand Prix
0 days 00:25:58.258000,20.5,71.0,1006.3,False,28.8,205,2.4,2025,15,Dutch Grand Prix
0 days 00:26:58.255000,20.4,71.0,1006.4,False,28.8,203,1.4,2025,15,Dutch Grand Prix
0 days 00:27:58.264000,20.4,70.0,1006.3,False,28.7,234,1.9,2025,15,Dutch Grand Prix
0 days 00:28:58.291000,20.4,71.0,1006.3,False,28.2,193,1.3,2025,15,Dutch Grand Prix
0 days 00:29:58.288000,20.3,70.0,1006.3,False,28.2,201,2.0,2025,15,Dutch Grand Prix
0 days 00:30:58.291000,20.3,70.0,1006.3,False,28.2,210,2.0,2025,15,Dutch Grand Prix
0 days 00:31:58.326000,20.3,71.0,1006.3,False,28.2,207,2.5,2025,15,Dutch Grand Prix
0 days 00:32:58.318000,20.3,70.0,1006.4,False,28.2,189,2.2,2025,15,Dutch Grand Prix
0 days 00:33:58.302000,20.2,71.0,1006.3,False,28.3,225,2.0,2025,15,Dutch Grand Prix
0 days 00:34:58.349000,20.2,71.0,1006.3,False,28.3,225,2.0,2025,15,Dutch Grand Prix
0 days 00:35:58.349000,20.2,70.0,1006.3,False,28.3,205,1.5,2025,15,Dutch Grand Prix
0 days 00:36:58.345000,20.2,69.0,1006.3,False,28.6,174,1.7,2025,15,Dutch Grand Prix
0 days 00:37:58.353000,20.2,69.0,1006.3,False,28.6,174,1.7,2025,15,Dutch Grand Prix
0 days 00:38:58.350000,20.2,69.0,1006.3,False,28.7,27,1.1,2025,15,Dutch Grand Prix
0 days 00:39:58.351000,20.4,68.0,1006.3,False,28.8,255,1.9,2025,15,Dutch Grand Prix
0 days 00:40:58.385000,20.4,68.0,1006.3,False,28.8,255,1.9,2025,15,Dutch Grand Prix
0 days 00:41:58.358000,20.3,69.0,1006.3,False,29.1,122,0.7,2025,15,Dutch Grand Prix
0 days 00:42:58.349000,20.3,68.0,1006.3,False,29.1,219,2.0,2025,15,Dutch Grand Prix
0 days 00:43:58.352000,20.4,68.0,1006.4,False,29.0,262,1.7,2025,15,Dutch Grand Prix
0 days 00:44:58.352000,20.4,69.0,1006.2,False,28.9,192,1.1,2025,15,Dutch Grand Prix
0 days 00:45:58.352000,20.4,68.0,1006.4,False,28.9,232,2.2,2025,15,Dutch Grand Prix
0 days 00:46:58.348000,20.5,68.0,1006.3,False,28.9,201,1.7,2025,15,Dutch Grand Prix
0 days 00:47:58.353000,20.5,69.0,1006.4,False,29.0,233,2.4,2025,15,Dutch Grand Prix
0 days 00:48:58.361000,20.6,68.0,1006.4,False,29.1,244,1.0,2025,15,Dutch Grand Prix
0 days 00:49:58.356000,20.7,67.0,1006.3,False,29.2,239,0.8,2025,15,Dutch Grand Prix
0 days 00:50:58.342000,20.7,67.0,1006.2,False,28.8,298,1.7,2025,15,Dutch Grand Prix
0 days 00:51:58.351000,20.6,68.0,1006.3,False,28.8,200,1.7,2025,15,Dutch Grand Prix
0 days 00:52:58.367000,20.6,68.0,1006.2,False,28.8,187,1.5,2025,15,Dutch Grand Prix
0 days 00:53:58.366000,20.6,69.0,1006.2,False,28.7,187,1.0,2025,15,Dutch Grand Prix
0 days 00:54:58.389000,20.6,69.0,1006.2,False,28.7,112,1.0,2025,15,Dutch Grand Prix
0 days 00:55:58.375000,20.6,69.0,1006.2,False,29.1,190,1.1,2025,15,Dutch Grand Prix
0 days 00:56:58.420000,20.6,68.0,1006.3,False,29.3,194,1.7,2025,15,Dutch Grand Prix
0 days 00:57:58.442000,20.7,68.0,1006.4,False,29.3,226,1.2,2025,15,Dutch Grand Prix
0 days 00:58:58.438000,20.7,68.0,1006.3,False,28.9,176,2.2,2025,15,Dutch Grand Prix
0 days 00:59:58.444000,20.6,68.0,1006.3,False,28.8,204,1.4,2025,15,Dutch Grand Prix
0 days 01:00:58.449000,20.7,68.0,1006.2,False,28.8,208,3.0,2025,15,Dutch Grand Prix
0 days 01:01:58.463000,20.7,67.0,1006.2,False,27.8,243,3.2,2025,15,Dutch Grand Prix
0 days 01:02:58.464000,20.7,68.0,1006.3,False,27.5,210,2.0,2025,15,Dutch Grand Prix
0 days 01:03:58.466000,20.6,68.0,1006.3,False,27.5,210,2.0,2025,15,Dutch Grand Prix
0 days 01:04:58.465000,20.6,68.0,1006.2,False,27.7,186,2.5,2025,15,Dutch Grand Prix
0 days 01:05:58.498000,20.6,68.0,1006.3,False,27.7,204,2.1,2025,15,Dutch Grand Prix
0 days 01:06:58.493000,20.5,69.0,1006.2,False,27.5,193,2.4,2025,15,Dutch Grand Prix
0 days 01:07:58.483000,20.6,69.0,1006.3,False,27.8,211,2.2,2025,15,Dutch Grand Prix
0 days 01:08:58.494000,20.6,69.0,1006.3,False,27.7,177,2.3,2025,15,Dutch Grand Prix
0 days 01:09:58.500000,20.6,69.0,1006.2,False,27.7,205,2.7,2025,15,Dutch Grand Prix
0 days 01:10:58.485000,20.6,69.0,1006.2,False,27.7,205,2.7,2025,15,Dutch Grand Prix
0 days 01:11:58.525000,20.6,69.0,1006.3,False,27.4,192,2.5,2025,15,Dutch Grand Prix
0 days 01:12:58.475000,20.6,69.0,1006.5,False,27.3,190,1.8,2025,15,Dutch Grand Prix
0 days 01:13:58.501000,20.5,70.0,1006.4,False,27.3,206,2.1,2025,15,Dutch Grand Prix
0 days 01:14:58.532000,20.5,70.0,1006.4,False,27.3,166,1.9,2025,15,Dutch Grand Prix
0 days 01:15:58.549000,20.5,70.0,1006.5,False,27.1,195,2.8,2025,15,Dutch Grand Prix
0 days 01:16:58.548000,20.6,70.0,1006.3,False,27.1,215,2.2,2025,15,Dutch Grand Prix
0 days 01:17:58.553000,20.6,69.0,1006.3,False,27.1,210,2.3,2025,15,Dutch Grand Prix
0 days 01:18:58.551000,20.7,70.0,1006.4,False,27.2,208,2.3,2025,15,Dutch Grand Prix
0 days 01:19:58.544000,20.7,69.0,1006.4,False,27.1,197,2.2,2025,15,Dutch Grand Prix
0 days 01:20:58.576000,20.6,70.0,1006.3,False,26.7,193,2.3,2025,15,Dutch Grand Prix
0 days 01:21:58.590000,20.6,70.0,1006.4,False,26.6,190,2.7,2025,15,Dutch Grand Prix
0 days 01:22:58.607000,20.5,71.0,1006.5,False,26.6,204,3.2,2025,15,Dutch Grand Prix
0 days 01:23:58.609000,20.4,71.0,1006.5,False,26.5,190,3.0,2025,15,Dutch Grand Prix
0 days 01:24:58.618000,20.3,72.0,1006.6,False,25.9,191,3.0,2025,15,Dutch Grand Prix
0 days 01:25:58.606000,20.3,73.0,1006.5,False,25.8,212,3.0,2025,15,Dutch Grand Prix
0 days 01:26:58.623000,20.1,73.0,1006.6,False,25.9,222,3.4,2025,15,Dutch Grand Prix
0 days 01:27:58.636000,20.0,71.0,1006.6,False,25.9,194,3.5,2025,15,Dutch Grand Prix
0 days 01:28:58.626000,19.9,71.0,1006.6,False,25.8,193,3.2,2025,15,Dutch Grand Prix
0 days 01:29:58.639000,19.8,71.0,1006.5,False,25.6,172,2.8,2025,15,Dutch Grand Prix
0 days 01:30:58.653000,19.7,72.0,1006.5,False,25.7,199,3.6,2025,15,Dutch Grand Prix
0 days 01:31:58.669000,19.6,72.0,1006.4,False,25.8,200,3.5,2025,15,Dutch Grand Prix
0 days 01:32:58.683000,19.5,72.0,1006.4,False,25.6,199,3.6,2025,15,Dutch Grand Prix
0 days 01:33:58.685000,19.5,72.0,1006.3,False,25.6,201,3.4,2025,15,Dutch Grand Prix
0 days 01:34:58.682000,19.5,73.0,1006.4,False,25.8,207,3.9,2025,15,Dutch Grand Prix
0 days 01:35:58.680000,19.5,73.0,1006.4,False,26.2,202,3.0,2025,15,Dutch Grand Prix
0 days 01:36:58.700000,19.5,72.0,1006.4,False,26.2,187,3.0,2025,15,Dutch Grand Prix
0 days 01:37:58.681000,19.6,72.0,1006.4,False,26.3,175,3.4,2025,15,Dutch Grand Prix
0 days 01:38:58.694000,19.6,73.0,1006.2,False,26.7,185,3.3,2025,15,Dutch Grand Prix
0 days 01:39:58.701000,19.6,73.0,1006.2,False,27.0,189,2.5,2025,15,Dutch Grand Prix
0 days 01:40:58.679000,19.6,73.0,1006.1,False,27.1,172,2.8,2025,15,Dutch Grand Prix
0 days 01:41:58.670000,19.7,74.0,1006.0,False,27.6,200,3.9,2025,15,Dutch Grand Prix
0 days 01:42:58.730000,19.8,74.0,1006.1,False,28.4,170,3.4,2025,15,Dutch Grand Prix
0 days 01:43:58.707000,19.8,73.0,1006.0,False,28.4,179,2.9,2025,15,Dutch Grand Prix
0 days 01:44:58.715000,19.8,73.0,1005.9,False,28.0,170,3.2,2025,15,Dutch Grand Prix
0 days 01:45:58.741000,19.8,73.0,1005.9,False,28.0,177,3.1,2025,15,Dutch Grand Prix
0 days 01:46:58.747000,19.8,73.0,1005.9,False,28.0,189,2.4,2025,15,Dutch Grand Prix
0 days 01:47:58.742000,19.8,73.0,1005.8,False,28.3,171,2.6,2025,15,Dutch Grand Prix
0 days 01:48:58.744000,19.9,74.0,1005.9,False,28.8,190,2.8,2025,15,Dutch Grand Prix
0 days 01:49:58.763000,19.8,73.0,1005.9,False,28.8,177,2.6,2025,15,Dutch Grand Prix
0 days 01:50:58.717000,19.8,73.0,1005.8,False,28.5,192,2.9,2025,15,Dutch Grand Prix
0 days 01:51:58.743000,19.8,73.0,1005.9,False,28.0,178,2.1,2025,15,Dutch Grand Prix
0 days 01:52:58.777000,19.8,74.0,1005.8,False,28.0,192,2.1,2025,15,Dutch Grand Prix
0 days 01:53:58.773000,19.8,74.0,1005.8,False,28.0,208,1.9,2025,15,Dutch Grand Prix
0 days 01:54:58.775000,19.7,73.0,1005.6,False,28.0,172,2.1,2025,15,Dutch Grand Prix
0 days 01:55:58.785000,19.6,74.0,1005.8,False,28.0,170,2.0,2025,15,Dutch Grand Prix
0 days 01:56:58.776000,19.6,74.0,1005.9,False,28.0,187,2.0,2025,15,Dutch Grand Prix
0 days 01:57:58.776000,19.5,74.0,1005.9,False,28.0,186,2.3,2025,15,Dutch Grand Prix
0 days 01:58:58.764000,19.5,73.0,1005.9,False,27.9,182,2.5,2025,15,Dutch Grand Prix
0 days 01:59:58.785000,19.5,73.0,1006.0,False,27.8,205,2.0,2025,15,Dutch Grand Prix
0 days 02:00:58.765000,19.6,73.0,1005.9,False,28.0,178,2.7,2025,15,Dutch Grand Prix
0 days 02:01:58.760000,19.6,72.0,1005.8,False,28.2,152,1.5,2025,15,Dutch Grand Prix
0 days 02:02:58.779000,19.7,72.0,1006.0,False,28.3,217,2.2,2025,15,Dutch Grand Prix
0 days 02:03:58.785000,19.7,72.0,1005.9,False,28.4,205,2.5,2025,15,Dutch Grand Prix
0 days 02:04:58.797000,19.8,73.0,1005.9,False,28.4,165,2.1,2025,15,Dutch Grand Prix
0 days 02:05:58.791000,19.8,73.0,1005.9,False,28.4,182,2.1,2025,15,Dutch Grand Prix
0 days 02:06:58.786000,19.8,73.0,1005.9,False,28.5,199,2.0,2025,15,Dutch Grand Prix
0 days 02:07:58.783000,19.8,73.0,1005.8,False,28.5,172,2.2,2025,15,Dutch Grand Prix
0 days 02:08:58.793000,19.8,73.0,1005.8,False,28.8,162,2.7,2025,15,Dutch Grand Prix
0 days 02:09:58.776000,19.8,74.0,1005.7,False,29.0,176,1.3,2025,15,Dutch Grand Prix
0 days 02:10:58.783000,19.7,74.0,1005.9,False,29.0,252,1.9,2025,15,Dutch Grand Prix
0 days 02:11:58.795000,19.8,73.0,1005.8,False,28.9,261,1.0,2025,15,Dutch Grand Prix
0 days 02:12:58.781000,19.8,73.0,1005.9,False,28.9,54,0.9,2025,15,Dutch Grand Prix
0 days 02:13:58.793000,19.7,73.0,1005.9,False,29.3,156,1.5,2025,15,Dutch Grand Prix
0 days 02:14:58.793000,19.7,73.0,1005.9,False,29.1,127,1.0,2025,15,Dutch Grand Prix
0 days 02:15:58.794000,19.7,73.0,1006.0,False,29.0,176,1.3,2025,15,Dutch Grand Prix
0 days 02:16:58.793000,19.6,73.0,1006.0,False,28.5,187,2.2,2025,15,Dutch Grand Prix
0 days 02:17:58.801000,19.7,74.0,1006.0,False,28.3,189,2.0,2025,15,Dutch Grand Prix
0 days 02:18:58.795000,19.6,73.0,1006.0,False,28.0,203,2.3,2025,15,Dutch Grand Prix
0 days 02:19:58.784000,19.7,74.0,1006.0,False,27.4,173,2.1,2025,15,Dutch Grand Prix
0 days 02:20:58.786000,19.6,75.0,1006.0,False,27.9,199,1.9,2025,15,Dutch Grand Prix
0 days 02:21:58.784000,19.6,75.0,1006.0,False,27.9,213,2.0,2025,15,Dutch Grand Prix
0 days 02:22:58.796000,19.6,75.0,1006.0,False,27.9,189,1.7,2025,15,Dutch Grand Prix
0 days 02:23:58.800000,19.5,74.0,1006.0,False,27.7,176,1.7,2025,15,Dutch Grand Prix
0 days 02:24:58.803000,19.5,74.0,1006.1,False,27.7,214,2.4,2025,15,Dutch Grand Prix
0 days 02:25:58.798000,19.5,75.0,1006.0,False,27.9,184,1.6,2025,15,Dutch Grand Prix
0 days 02:26:58.798000,19.5,74.0,1006.1,False,28.0,155,1.7,2025,15,Dutch Grand Prix
0 days 02:27:58.804000,19.4,75.0,1006.0,False,28.0,189,1.6,2025,15,Dutch Grand Prix
0 days 02:28:58.803000,19.4,75.0,1006.0,False,28.0,189,1.6,2025,15,Dutch Grand Prix
0 days 02:29:58.823000,19.4,74.0,1006.0,False,28.0,179,1.3,2025,15,Dutch Grand Prix
0 days 02:30:58.820000,19.5,74.0,1006.0,False,28.0,170,1.2,2025,15,Dutch Grand Prix
0 days 02:31:58.803000,19.5,74.0,1006.1,False,27.6,152,1.2,2025,15,Dutch Grand Prix
0 days 02:32:58.841000,19.4,75.0,1006.0,False,27.6,208,1.5,2025,15,Dutch Grand Prix
0 days 02:33:58.842000,19.4,74.0,1006.0,False,27.7,187,1.8,2025,15,Dutch Grand Prix
0 days 02:34:58.851000,19.4,74.0,1006.0,False,27.7,220,1.4,2025,15,Dutch Grand Prix
0 days 02:35:58.875000,19.4,73.0,1006.0,False,27.6,102,1.8,2025,15,Dutch Grand Prix
0 days 02:36:58.874000,19.5,74.0,1005.9,False,27.6,159,1.2,2025,15,Dutch Grand Prix
0 days 02:37:58.902000,19.6,73.0,1005.8,False,28.1,169,1.1,2025,15,Dutch Grand Prix
0 days 02:38:58.917000,19.6,73.0,1005.8,False,28.5,156,0.8,2025,15,Dutch Grand Prix
0 days 00:00:18.360000,26.0,44.0,997.5,False,43.5,263,2.5,2025,16,Italian Grand Prix
0 days 00:01:18.329000,26.1,44.0,997.4,False,43.6,246,1.6,2025,16,Italian Grand Prix
0 days 00:02:18.345000,26.1,45.0,997.3,False,43.7,210,1.5,2025,16,Italian Grand Prix
0 days 00:03:18.345000,26.1,45.0,997.4,False,43.7,202,1.5,2025,16,Italian Grand Prix
0 days 00:04:18.355000,26.0,43.0,997.4,False,43.7,182,1.7,2025,16,Italian Grand Prix
0 days 00:05:18.346000,26.0,44.0,997.4,False,43.9,239,1.2,2025,16,Italian Grand Prix
0 days 00:06:18.351000,25.9,45.0,997.5,False,43.9,302,1.6,2025,16,Italian Grand Prix
0 days 00:07:18.351000,26.0,44.0,997.4,False,43.9,97,0.9,2025,16,Italian Grand Prix
0 days 00:08:18.364000,26.1,43.0,997.3,False,43.6,196,0.5,2025,16,Italian Grand Prix
0 days 00:09:18.379000,26.1,44.0,997.3,False,43.3,255,0.8,2025,16,Italian Grand Prix
0 days 00:10:18.408000,26.1,43.0,997.2,False,43.6,0,0.4,2025,16,Italian Grand Prix
0 days 00:11:18.402000,26.1,43.0,997.2,False,43.7,101,0.0,2025,16,Italian Grand Prix
0 days 00:12:18.399000,26.0,44.0,997.3,False,44.4,151,0.9,2025,16,Italian Grand Prix
0 days 00:13:18.411000,26.1,43.0,997.2,False,44.9,108,2.0,2025,16,Italian Grand Prix
0 days 00:14:18.400000,26.1,44.0,997.3,False,44.9,177,1.0,2025,16,Italian Grand Prix
0 days 00:15:18.396000,26.1,44.0,997.2,False,44.8,211,1.5,2025,16,Italian Grand Prix
0 days 00:16:18.395000,26.3,44.0,997.1,False,44.8,244,1.1,2025,16,Italian Grand Prix
0 days 00:17:18.409000,26.3,44.0,997.2,False,44.3,0,0.9,2025,16,Italian Grand Prix
0 days 00:18:18.456000,26.3,43.0,997.2,False,44.0,205,1.3,2025,16,Italian Grand Prix
0 days 00:19:18.456000,26.4,44.0,997.2,False,44.1,199,1.9,2025,16,Italian Grand Prix
0 days 00:20:18.462000,26.4,43.0,997.2,False,44.1,190,2.3,2025,16,Italian Grand Prix
0 days 00:21:18.469000,26.5,43.0,997.1,False,44.3,239,1.5,2025,16,Italian Grand Prix
0 days 00:22:18.469000,26.5,43.0,997.1,False,44.4,258,0.8,2025,16,Italian Grand Prix
0 days 00:23:18.462000,26.5,43.0,997.1,False,44.4,161,1.7,2025,16,Italian Grand Prix
0 days 00:24:18.482000,26.6,43.0,997.0,False,44.7,219,0.6,2025,16,Italian Grand Prix
0 days 00:25:18.485000,26.5,43.0,997.1,False,45.0,189,0.8,2025,16,Italian Grand Prix
0 days 00:26:18.485000,26.6,43.0,997.0,False,45.5,205,2.3,2025,16,Italian Grand Prix
0 days 00:27:18.491000,26.6,42.0,997.0,False,45.8,164,2.7,2025,16,Italian Grand Prix
0 days 00:28:18.485000,26.5,43.0,997.1,False,45.8,166,2.0,2025,16,Italian Grand Prix
0 days 00:29:18.485000,26.5,43.0,997.0,False,45.6,175,2.4,2025,16,Italian Grand Prix
0 days 00:30:18.486000,26.5,44.0,997.0,False,45.2,163,2.2,2025,16,Italian Grand Prix
0 days 00:31:18.486000,26.5,45.0,997.0,False,45.6,172,2.1,2025,16,Italian Grand Prix
0 days 00:32:18.486000,26.5,43.0,997.1,False,45.6,153,2.3,2025,16,Italian Grand Prix
0 days 00:33:18.503000,26.7,44.0,996.9,False,45.7,179,1.9,2025,16,Italian Grand Prix
0 days 00:34:18.493000,26.7,43.0,997.0,False,45.9,208,2.2,2025,16,Italian Grand Prix
0 days 00:35:18.494000,26.6,42.0,997.0,False,45.9,168,2.5,2025,16,Italian Grand Prix
0 days 00:36:18.513000,26.6,43.0,996.9,False,45.8,192,2.0,2025,16,Italian Grand Prix
0 days 00:37:18.539000,26.6,42.0,996.9,False,45.6,211,1.9,2025,16,Italian Grand Prix
0 days 00:38:18.491000,26.6,43.0,996.9,False,45.8,160,1.1,2025,16,Italian Grand Prix
0 days 00:39:18.506000,26.5,44.0,997.0,False,45.8,167,1.3,2025,16,Italian Grand Prix
0 days 00:40:18.512000,26.5,43.0,997.0,False,45.8,122,1.7,2025,16,Italian Grand Prix
0 days 00:41:18.504000,26.5,43.0,997.0,False,45.3,176,0.8,2025,16,Italian Grand Prix
0 days 00:42:18.504000,26.5,45.0,996.9,False,45.3,131,1.9,2025,16,Italian Grand Prix
0 days 00:43:18.495000,26.4,43.0,996.9,False,44.2,209,2.0,2025,16,Italian Grand Prix
0 days 00:44:18.505000,26.4,44.0,996.8,False,43.9,92,2.0,2025,16,Italian Grand Prix
0 days 00:45:18.495000,26.4,45.0,996.8,False,43.6,82,1.4,2025,16,Italian Grand Prix
0 days 00:46:18.499000,26.3,45.0,996.9,False,43.9,87,1.2,2025,16,Italian Grand Prix
0 days 00:47:18.499000,26.3,45.0,996.9,False,43.9,200,1.5,2025,16,Italian Grand Prix
0 days 00:48:18.499000,26.3,45.0,996.9,False,43.9,188,1.3,2025,16,Italian Grand Prix
0 days 00:49:18.512000,26.3,45.0,996.9,False,44.1,237,1.5,2025,16,Italian Grand Prix
0 days 00:50:18.496000,26.4,45.0,996.9,False,44.1,237,1.5,2025,16,Italian Grand Prix
0 days 00:51:18.512000,26.5,42.0,996.9,False,43.7,336,0.6,2025,16,Italian Grand Prix
0 days 00:52:18.495000,26.6,43.0,997.0,False,43.7,284,1.2,2025,16,Italian Grand Prix
0 days 00:53:18.510000,26.6,42.0,996.9,False,44.2,40,0.7,2025,16,Italian Grand Prix
0 days 00:54:18.506000,26.6,41.0,996.8,False,44.2,8,0.6,2025,16,Italian Grand Prix
0 days 00:55:18.506000,26.6,42.0,996.8,False,44.3,331,0.7,2025,16,Italian Grand Prix
0 days 00:56:18.524000,26.6,42.0,996.8,False,44.1,5,0.9,2025,16,Italian Grand Prix
0 days 00:57:18.534000,26.8,42.0,996.8,False,43.8,214,0.4,2025,16,Italian Grand Prix
0 days 00:58:18.521000,26.6,42.0,996.9,False,43.7,325,0.6,2025,16,Italian Grand Prix
0 days 00:59:18.534000,26.6,43.0,996.8,False,44.2,310,1.8,2025,16,Italian Grand Prix
0 days 01:00:18.548000,26.7,42.0,996.8,False,44.4,321,1.3,2025,16,Italian Grand Prix
0 days 01:01:18.547000,26.6,42.0,996.8,False,44.5,210,1.4,2025,16,Italian Grand Prix
0 days 01:02:18.564000,26.6,43.0,996.9,False,44.5,179,1.4,2025,16,Italian Grand Prix
0 days 01:03:18.554000,26.6,43.0,996.9,False,44.4,198,2.6,2025,16,Italian Grand Prix
0 days 01:04:18.566000,26.6,41.0,996.8,False,44.1,254,1.8,2025,16,Italian Grand Prix
0 days 01:05:18.565000,26.6,43.0,996.6,False,44.2,186,1.8,2025,16,Italian Grand Prix
0 days 01:06:18.580000,26.6,43.0,996.6,False,44.2,186,1.8,2025,16,Italian Grand Prix
0 days 01:07:18.573000,26.7,43.0,996.6,False,44.2,186,1.8,2025,16,Italian Grand Prix
0 days 01:08:18.591000,26.7,41.0,996.7,False,44.4,201,3.6,2025,16,Italian Grand Prix
0 days 01:09:18.612000,26.8,42.0,996.9,False,44.4,174,3.0,2025,16,Italian Grand Prix
0 days 01:10:18.613000,26.8,44.0,996.9,False,44.3,177,2.8,2025,16,Italian Grand Prix
0 days 01:11:18.633000,26.9,42.0,996.8,False,44.3,211,2.4,2025,16,Italian Grand Prix
0 days 01:12:18.659000,27.0,43.0,996.8,False,44.3,226,1.6,2025,16,Italian Grand Prix
0 days 01:13:18.644000,27.0,43.0,996.8,False,43.9,204,2.5,2025,16,Italian Grand Prix
0 days 01:14:18.650000,27.1,41.0,996.8,False,44.2,194,2.1,2025,16,Italian Grand Prix
0 days 01:15:18.627000,27.2,41.0,996.8,False,44.7,198,3.1,2025,16,Italian Grand Prix
0 days 01:16:18.642000,27.1,41.0,996.7,False,44.6,194,4.0,2025,16,Italian Grand Prix
0 days 01:17:18.658000,27.1,41.0,996.9,False,43.9,195,2.9,2025,16,Italian Grand Prix
0 days 01:18:18.658000,27.1,42.0,996.9,False,44.0,204,2.6,2025,16,Italian Grand Prix
0 days 01:19:18.657000,27.0,41.0,996.7,False,44.2,190,3.6,2025,16,Italian Grand Prix
0 days 01:20:18.646000,27.0,41.0,996.7,False,44.0,188,3.1,2025,16,Italian Grand Prix
0 days 01:21:18.646000,27.0,43.0,996.8,False,43.8,171,3.0,2025,16,Italian Grand Prix
0 days 01:22:18.663000,27.0,42.0,996.7,False,44.1,205,3.6,2025,16,Italian Grand Prix
0 days 01:23:18.646000,27.0,43.0,996.7,False,44.1,192,3.8,2025,16,Italian Grand Prix
0 days 01:24:18.662000,27.2,42.0,996.7,False,43.9,171,3.0,2025,16,Italian Grand Prix
0 days 01:25:18.658000,27.3,42.0,996.7,False,43.4,147,3.9,2025,16,Italian Grand Prix
0 days 01:26:18.666000,27.2,41.0,996.6,False,43.4,192,3.7,2025,16,Italian Grand Prix
0 days 01:27:18.661000,27.2,41.0,996.6,False,43.4,206,2.1,2025,16,Italian Grand Prix
0 days 01:28:18.660000,27.2,41.0,996.6,False,43.3,220,3.2,2025,16,Italian Grand Prix
0 days 01:29:18.662000,27.2,44.0,996.6,False,43.3,179,2.3,2025,16,Italian Grand Prix
0 days 01:30:18.653000,27.1,41.0,996.7,False,42.5,175,2.6,2025,16,Italian Grand Prix
0 days 01:31:18.663000,27.1,42.0,996.6,False,42.2,153,2.3,2025,16,Italian Grand Prix
0 days 01:32:18.663000,27.0,43.0,996.7,False,42.3,195,2.1,2025,16,Italian Grand Prix
0 days 01:33:18.679000,27.0,43.0,996.6,False,42.8,189,3.1,2025,16,Italian Grand Prix
0 days 01:34:18.665000,27.0,43.0,996.6,False,42.9,175,2.8,2025,16,Italian Grand Prix
0 days 01:35:18.674000,27.0,43.0,996.6,False,43.2,181,1.9,2025,16,Italian Grand Prix
0 days 01:36:18.674000,26.9,40.0,996.6,False,43.2,193,2.6,2025,16,Italian Grand Prix
0 days 01:37:18.701000,26.9,40.0,996.6,False,43.2,165,2.0,2025,16,Italian Grand Prix
0 days 01:38:18.699000,27.1,41.0,996.6,False,43.0,211,2.2,2025,16,Italian Grand Prix
0 days 01:39:18.718000,27.3,40.0,996.5,False,43.0,193,2.9,2025,16,Italian Grand Prix
0 days 01:40:18.725000,27.4,40.0,996.5,False,42.7,180,2.5,2025,16,Italian Grand Prix
0 days 01:41:18.734000,27.4,41.0,996.6,False,42.7,199,1.9,2025,16,Italian Grand Prix
0 days 01:42:18.751000,27.3,41.0,996.7,False,42.7,208,3.0,2025,16,Italian Grand Prix
0 days 01:43:18.778000,27.2,41.0,996.6,False,42.6,178,1.8,2025,16,Italian Grand Prix
0 days 01:44:18.820000,27.2,40.0,996.6,False,42.0,201,2.4,2025,16,Italian Grand Prix
0 days 01:45:18.800000,27.2,40.0,996.6,False,41.7,213,2.3,2025,16,Italian Grand Prix
0 days 01:46:18.800000,27.2,40.0,996.5,False,41.2,171,1.6,2025,16,Italian Grand Prix
0 days 01:47:18.797000,27.0,41.0,996.5,False,41.2,192,2.2,2025,16,Italian Grand Prix
0 days 01:48:18.807000,27.0,42.0,996.6,False,41.2,191,2.9,2025,16,Italian Grand Prix
0 days 01:49:18.798000,26.9,42.0,996.5,False,41.2,193,2.5,2025,16,Italian Grand Prix
0 days 01:50:18.800000,26.9,42.0,996.4,False,41.2,198,3.0,2025,16,Italian Grand Prix
0 days 01:51:18.799000,27.0,43.0,996.5,False,41.4,203,2.2,2025,16,Italian Grand Prix
0 days 01:52:18.805000,27.1,42.0,996.4,False,41.4,176,2.1,2025,16,Italian Grand Prix
0 days 01:53:18.809000,27.1,42.0,996.4,False,41.3,185,3.9,2025,16,Italian Grand Prix
0 days 01:54:18.814000,27.2,42.0,996.4,False,41.3,191,3.1,2025,16,Italian Grand Prix
0 days 01:55:18.816000,27.1,41.0,996.5,False,41.0,189,2.6,2025,16,Italian Grand Prix
0 days 01:56:18.806000,27.0,43.0,996.4,False,40.8,181,2.7,2025,16,Italian Grand Prix
0 days 01:57:18.797000,27.1,41.0,996.4,False,40.4,182,3.5,2025,16,Italian Grand Prix
0 days 01:58:18.819000,27.1,40.0,996.4,False,40.4,184,3.7,2025,16,Italian Grand Prix
0 days 01:59:18.817000,27.0,41.0,996.4,False,40.5,209,2.3,2025,16,Italian Grand Prix
0 days 02:00:18.810000,27.0,41.0,996.3,False,40.6,195,2.5,2025,16,Italian Grand Prix
0 days 02:01:18.811000,27.0,40.0,996.4,False,40.6,197,2.2,2025,16,Italian Grand Prix
0 days 02:02:18.811000,27.1,42.0,996.4,False,41.1,171,2.4,2025,16,Italian Grand Prix
0 days 02:03:18.821000,27.2,41.0,996.3,False,41.1,167,2.2,2025,16,Italian Grand Prix
0 days 02:04:18.816000,27.1,42.0,996.4,False,40.8,193,1.3,2025,16,Italian Grand Prix
0 days 02:05:18.808000,27.1,43.0,996.3,False,40.8,172,1.2,2025,16,Italian Grand Prix
0 days 02:06:18.822000,27.1,44.0,996.4,False,40.9,184,2.1,2025,16,Italian Grand Prix
0 days 02:07:18.815000,27.2,43.0,996.3,False,40.8,194,2.9,2025,16,Italian Grand Prix
0 days 02:08:18.805000,27.2,42.0,996.3,False,40.7,203,2.7,2025,16,Italian Grand Prix
0 days 02:09:18.804000,27.3,43.0,996.2,False,40.7,161,1.9,2025,16,Italian Grand Prix
0 days 02:10:18.809000,27.4,42.0,996.2,False,40.3,134,1.5,2025,16,Italian Grand Prix
0 days 02:11:18.820000,27.4,42.0,996.2,False,40.2,177,1.9,2025,16,Italian Grand Prix
0 days 02:12:18.821000,27.3,41.0,996.2,False,40.0,171,2.0,2025,16,Italian Grand Prix
0 days 02:13:18.809000,27.3,42.0,996.2,False,39.8,175,1.4,2025,16,Italian Grand Prix
0 days 02:14:18.807000,27.0,43.0,996.2,False,39.8,106,1.6,2025,16,Italian Grand Prix
0 days 02:15:18.835000,27.0,44.0,996.1,False,39.8,153,1.0,2025,16,Italian Grand Prix
0 days 02:16:18.846000,26.8,43.0,996.2,False,40.3,145,1.7,2025,16,Italian Grand Prix
0 days 02:17:18.865000,26.8,44.0,996.2,False,40.5,103,1.6,2025,16,Italian Grand Prix
0 days 02:18:18.875000,26.9,44.0,996.2,False,42.4,166,1.0,2025,16,Italian Grand Prix
0 days 02:19:18.882000,26.9,44.0,996.2,False,42.4,166,1.0,2025,16,Italian Grand Prix
0 days 02:20:18.890000,26.9,44.0,996.2,False,42.4,166,1.0,2025,16,Italian Grand Prix
0 days 02:21:18.881000,26.9,44.0,996.2,False,42.4,166,1.0,2025,16,Italian Grand Prix
0 days 02:22:18.890000,26.9,44.0,996.2,False,42.4,166,1.0,2025,16,Italian Grand Prix
0 days 02:23:18.890000,26.9,44.0,996.2,False,42.4,166,1.0,2025,16,Italian Grand Prix
0 days 00:00:23.331000,20.4,60.0,1019.8,False,27.3,69,1.0,2025,17,Azerbaijan Grand Prix
0 days 00:01:23.320000,20.4,61.0,1019.8,False,27.3,10,1.4,2025,17,Azerbaijan Grand Prix
0 days 00:02:23.332000,20.4,61.0,1019.8,False,27.3,255,0.7,2025,17,Azerbaijan Grand Prix
0 days 00:03:23.320000,20.5,61.0,1020.2,False,27.4,355,1.6,2025,17,Azerbaijan Grand Prix
0 days 00:04:23.319000,20.5,60.0,1019.8,False,27.2,65,1.6,2025,17,Azerbaijan Grand Prix
0 days 00:05:23.327000,20.5,60.0,1020.0,False,27.0,2,1.1,2025,17,Azerbaijan Grand Prix
0 days 00:06:23.323000,20.4,61.0,1020.0,False,27.0,69,1.2,2025,17,Azerbaijan Grand Prix
0 days 00:07:23.323000,20.5,60.0,1020.0,False,27.0,32,2.1,2025,17,Azerbaijan Grand Prix
0 days 00:08:23.318000,20.5,60.0,1020.0,False,27.0,128,1.5,2025,17,Azerbaijan Grand Prix
0 days 00:09:23.319000,20.5,60.0,1020.0,False,27.3,136,1.2,2025,17,Azerbaijan Grand Prix
0 days 00:10:23.337000,20.5,60.0,1020.2,False,27.3,0,1.4,2025,17,Azerbaijan Grand Prix
0 days 00:11:23.336000,20.5,59.0,1020.1,False,27.4,51,0.8,2025,17,Azerbaijan Grand Prix
0 days 00:12:23.335000,20.5,60.0,1020.1,False,27.4,190,1.5,2025,17,Azerbaijan Grand Prix
0 days 00:13:23.329000,20.5,61.0,1020.0,False,27.0,351,1.9,2025,17,Azerbaijan Grand Prix
0 days 00:14:23.329000,20.5,61.0,1020.2,False,27.7,83,1.7,2025,17,Azerbaijan Grand Prix
0 days 00:15:23.327000,20.5,61.0,1020.1,False,27.2,105,1.0,2025,17,Azerbaijan Grand Prix
0 days 00:16:23.389000,20.5,61.0,1020.1,False,27.2,105,1.0,2025,17,Azerbaijan Grand Prix
0 days 00:17:23.338000,20.5,60.0,1019.9,False,27.8,15,1.2,2025,17,Azerbaijan Grand Prix
0 days 00:18:23.331000,20.6,60.0,1020.0,False,27.8,0,1.0,2025,17,Azerbaijan Grand Prix
0 days 00:19:23.335000,20.7,58.0,1020.1,False,27.7,13,1.2,2025,17,Azerbaijan Grand Prix
0 days 00:20:23.347000,20.7,59.0,1020.1,False,27.7,83,2.0,2025,17,Azerbaijan Grand Prix
0 days 00:21:23.343000,20.7,59.0,1020.2,False,27.7,38,1.7,2025,17,Azerbaijan Grand Prix
0 days 00:22:23.349000,20.7,60.0,1020.1,False,27.7,158,2.5,2025,17,Azerbaijan Grand Prix
0 days 00:23:23.345000,20.8,59.0,1020.1,False,28.4,98,1.6,2025,17,Azerbaijan Grand Prix
0 days 00:24:23.340000,20.9,59.0,1020.2,False,28.7,77,1.6,2025,17,Azerbaijan Grand Prix
0 days 00:25:23.350000,20.9,58.0,1020.2,False,28.7,124,1.3,2025,17,Azerbaijan Grand Prix
0 days 00:26:23.399000,21.0,58.0,1020.2,False,28.9,240,1.4,2025,17,Azerbaijan Grand Prix
0 days 00:27:23.342000,21.0,57.0,1020.4,False,29.0,177,1.2,2025,17,Azerbaijan Grand Prix
0 days 00:28:23.340000,21.1,57.0,1020.3,False,28.9,168,1.8,2025,17,Azerbaijan Grand Prix
0 days 00:29:23.343000,21.0,57.0,1020.3,False,28.8,104,1.8,2025,17,Azerbaijan Grand Prix
0 days 00:30:23.342000,21.0,57.0,1020.4,False,28.6,239,1.6,2025,17,Azerbaijan Grand Prix
0 days 00:31:23.348000,21.0,57.0,1020.3,False,28.4,0,0.9,2025,17,Azerbaijan Grand Prix
0 days 00:32:23.365000,21.0,58.0,1020.5,False,28.3,138,2.3,2025,17,Azerbaijan Grand Prix
0 days 00:33:23.361000,20.9,58.0,1020.4,False,28.3,79,1.8,2025,17,Azerbaijan Grand Prix
0 days 00:34:23.365000,21.0,59.0,1020.4,False,28.5,60,1.2,2025,17,Azerbaijan Grand Prix
0 days 00:35:23.387000,20.9,59.0,1020.5,False,28.5,42,1.2,2025,17,Azerbaijan Grand Prix
0 days 00:36:23.400000,20.9,60.0,1020.4,False,27.8,84,2.3,2025,17,Azerbaijan Grand Prix
0 days 00:37:23.410000,20.8,60.0,1020.4,False,27.7,343,2.7,2025,17,Azerbaijan Grand Prix
0 days 00:38:23.401000,20.8,61.0,1020.7,False,27.8,103,1.2,2025,17,Azerbaijan Grand Prix
0 days 00:39:23.401000,20.8,60.0,1020.5,False,27.8,180,1.4,2025,17,Azerbaijan Grand Prix
0 days 00:40:23.401000,20.7,60.0,1020.7,False,27.9,43,0.8,2025,17,Azerbaijan Grand Prix
0 days 00:41:23.411000,20.6,59.0,1020.7,False,27.9,102,2.1,2025,17,Azerbaijan Grand Prix
0 days 00:42:23.421000,20.7,58.0,1020.5,False,28.0,32,1.3,2025,17,Azerbaijan Grand Prix
0 days 00:43:23.431000,20.7,59.0,1020.6,False,27.9,29,2.1,2025,17,Azerbaijan Grand Prix
0 days 00:44:23.446000,20.6,59.0,1020.8,False,27.8,166,1.4,2025,17,Azerbaijan Grand Prix
0 days 00:45:23.447000,20.7,60.0,1020.8,False,27.8,169,1.5,2025,17,Azerbaijan Grand Prix
0 days 00:46:23.454000,20.6,60.0,1020.8,False,27.8,196,1.4,2025,17,Azerbaijan Grand Prix
0 days 00:47:23.461000,20.7,60.0,1020.7,False,28.1,63,1.6,2025,17,Azerbaijan Grand Prix
0 days 00:48:23.481000,20.7,60.0,1020.9,False,28.2,162,0.9,2025,17,Azerbaijan Grand Prix
0 days 00:49:23.482000,20.7,61.0,1020.9,False,27.4,217,0.9,2025,17,Azerbaijan Grand Prix
0 days 00:50:23.480000,20.7,60.0,1020.9,False,27.4,0,0.6,2025,17,Azerbaijan Grand Prix
0 days 00:51:23.475000,20.7,61.0,1020.9,False,27.3,151,1.1,2025,17,Azerbaijan Grand Prix
0 days 00:52:23.501000,20.6,60.0,1020.9,False,27.1,18,1.4,2025,17,Azerbaijan Grand Prix
0 days 00:53:23.495000,20.6,60.0,1021.1,False,26.9,136,1.8,2025,17,Azerbaijan Grand Prix
0 days 00:54:23.494000,20.6,60.0,1020.8,False,26.8,313,1.9,2025,17,Azerbaijan Grand Prix
0 days 00:55:23.562000,20.6,60.0,1020.9,False,26.8,134,1.2,2025,17,Azerbaijan Grand Prix
0 days 00:56:23.510000,20.5,60.0,1021.0,False,26.7,27,1.5,2025,17,Azerbaijan Grand Prix
0 days 00:57:23.521000,20.5,60.0,1020.8,False,26.6,241,2.0,2025,17,Azerbaijan Grand Prix
0 days 00:58:23.542000,20.5,61.0,1021.0,False,26.6,91,1.8,2025,17,Azerbaijan Grand Prix
0 days 00:59:23.535000,20.5,60.0,1021.0,False,26.6,297,1.4,2025,17,Azerbaijan Grand Prix
0 days 01:00:23.551000,20.6,60.0,1020.9,False,26.5,226,2.0,2025,17,Azerbaijan Grand Prix
0 days 01:01:23.539000,20.6,60.0,1021.1,False,26.4,231,2.2,2025,17,Azerbaijan Grand Prix
0 days 01:02:23.536000,20.6,60.0,1021.0,False,26.4,206,2.9,2025,17,Azerbaijan Grand Prix
0 days 01:03:23.554000,20.6,60.0,1021.0,False,26.3,202,2.0,2025,17,Azerbaijan Grand Prix
0 days 01:04:23.626000,20.6,60.0,1021.1,False,26.3,289,2.6,2025,17,Azerbaijan Grand Prix
0 days 01:05:23.588000,20.5,60.0,1021.1,False,25.9,69,2.1,2025,17,Azerbaijan Grand Prix
0 days 01:06:23.589000,20.5,60.0,1021.2,False,25.9,0,1.5,2025,17,Azerbaijan Grand Prix
0 days 01:07:23.588000,20.5,60.0,1021.3,False,25.9,189,0.9,2025,17,Azerbaijan Grand Prix
0 days 01:08:23.596000,20.5,60.0,1021.3,False,25.9,204,1.1,2025,17,Azerbaijan Grand Prix
0 days 01:09:23.612000,20.5,60.0,1021.3,False,26.1,258,1.8,2025,17,Azerbaijan Grand Prix
0 days 01:10:23.613000,20.5,60.0,1021.3,False,26.1,39,1.2,2025,17,Azerbaijan Grand Prix
0 days 01:11:23.617000,20.4,60.0,1021.4,False,26.0,241,1.3,2025,17,Azerbaijan Grand Prix
0 days 01:12:23.622000,20.5,60.0,1021.4,False,25.9,105,1.4,2025,17,Azerbaijan Grand Prix
0 days 01:13:23.632000,20.5,60.0,1021.6,False,25.9,268,1.7,2025,17,Azerbaijan Grand Prix
0 days 01:14:23.633000,20.5,60.0,1021.5,False,25.9,251,1.7,2025,17,Azerbaijan Grand Prix
0 days 01:15:23.633000,20.5,60.0,1021.5,False,26.0,227,1.9,2025,17,Azerbaijan Grand Prix
0 days 01:16:23.625000,20.5,60.0,1021.5,False,25.6,177,2.2,2025,17,Azerbaijan Grand Prix
0 days 01:17:23.627000,20.5,60.0,1021.5,False,25.5,223,1.3,2025,17,Azerbaijan Grand Prix
0 days 01:18:23.641000,20.5,61.0,1021.4,False,25.7,27,1.4,2025,17,Azerbaijan Grand Prix
0 days 01:19:23.634000,20.5,61.0,1021.3,False,25.6,0,1.9,2025,17,Azerbaijan Grand Prix
0 days 01:20:23.635000,20.5,60.0,1021.3,False,25.7,116,1.0,2025,17,Azerbaijan Grand Prix
0 days 01:21:23.635000,20.5,60.0,1021.6,False,25.6,46,2.2,2025,17,Azerbaijan Grand Prix
0 days 01:22:23.642000,20.5,61.0,1021.4,False,25.5,200,1.6,2025,17,Azerbaijan Grand Prix
0 days 01:23:23.643000,20.5,60.0,1021.4,False,25.5,273,1.7,2025,17,Azerbaijan Grand Prix
0 days 01:24:23.640000,20.5,60.0,1021.5,False,25.5,192,1.8,2025,17,Azerbaijan Grand Prix
0 days 01:25:23.646000,20.5,60.0,1021.5,False,25.4,215,1.5,2025,17,Azerbaijan Grand Prix
0 days 01:26:23.628000,20.5,60.0,1021.5,False,25.3,8,0.8,2025,17,Azerbaijan Grand Prix
0 days 01:27:23.636000,20.5,60.0,1021.6,False,25.3,245,1.3,2025,17,Azerbaijan Grand Prix
0 days 01:28:23.644000,20.5,60.0,1021.6,False,25.2,264,2.2,2025,17,Azerbaijan Grand Prix
0 days 01:29:23.637000,20.5,60.0,1021.8,False,25.1,129,1.0,2025,17,Azerbaijan Grand Prix
0 days 01:30:23.638000,20.5,60.0,1021.6,False,25.0,144,1.3,2025,17,Azerbaijan Grand Prix
0 days 01:31:23.645000,20.5,60.0,1021.5,False,25.1,122,1.0,2025,17,Azerbaijan Grand Prix
0 days 01:32:23.639000,20.5,60.0,1021.6,False,25.0,52,1.1,2025,17,Azerbaijan Grand Prix
0 days 01:33:23.653000,20.5,59.0,1021.5,False,25.2,107,1.1,2025,17,Azerbaijan Grand Prix
0 days 01:34:23.646000,20.5,59.0,1021.7,False,25.2,9,1.8,2025,17,Azerbaijan Grand Prix
0 days 01:35:23.657000,20.5,60.0,1021.5,False,25.1,80,0.6,2025,17,Azerbaijan Grand Prix
0 days 01:36:23.654000,20.5,60.0,1021.6,False,24.8,173,2.4,2025,17,Azerbaijan Grand Prix
0 days 01:37:23.650000,20.5,60.0,1021.6,False,24.8,115,0.7,2025,17,Azerbaijan Grand Prix
0 days 01:38:23.660000,20.5,60.0,1021.6,False,25.3,223,0.8,2025,17,Azerbaijan Grand Prix
0 days 01:39:23.663000,20.5,60.0,1021.7,False,25.3,85,1.6,2025,17,Azerbaijan Grand Prix
0 days 01:40:23.685000,20.5,60.0,1021.8,False,25.3,311,1.7,2025,17,Azerbaijan Grand Prix
0 days 01:41:23.710000,20.4,61.0,1021.6,False,24.9,213,1.4,2025,17,Azerbaijan Grand Prix
0 days 01:42:23.731000,20.5,60.0,1021.4,False,25.0,53,1.5,2025,17,Azerbaijan Grand Prix
0 days 01:43:23.743000,20.5,61.0,1021.5,False,25.2,187,2.1,2025,17,Azerbaijan Grand Prix
0 days 01:44:23.741000,20.5,60.0,1021.6,False,25.2,228,1.3,2025,17,Azerbaijan Grand Prix
0 days 01:45:23.758000,20.4,60.0,1021.6,False,25.2,354,0.9,2025,17,Azerbaijan Grand Prix
0 days 01:46:23.768000,20.4,60.0,1021.7,False,25.2,238,1.1,2025,17,Azerbaijan Grand Prix
0 days 01:47:23.777000,20.4,60.0,1021.7,False,25.1,338,2.2,2025,17,Azerbaijan Grand Prix
0 days 01:48:23.771000,20.5,60.0,1021.7,False,24.9,69,2.1,2025,17,Azerbaijan Grand Prix
0 days 01:49:23.768000,20.5,60.0,1021.7,False,24.9,39,1.5,2025,17,Azerbaijan Grand Prix
0 days 01:50:23.781000,20.5,60.0,1021.6,False,24.8,338,1.8,2025,17,Azerbaijan Grand Prix
0 days 01:51:23.777000,20.5,60.0,1021.7,False,24.7,339,1.1,2025,17,Azerbaijan Grand Prix
0 days 01:52:23.793000,20.5,60.0,1021.7,False,24.8,208,0.7,2025,17,Azerbaijan Grand Prix
0 days 01:53:23.773000,20.5,60.0,1021.7,False,24.8,68,0.9,2025,17,Azerbaijan Grand Prix
0 days 01:54:23.774000,20.4,60.0,1021.7,False,24.7,303,1.2,2025,17,Azerbaijan Grand Prix
0 days 01:55:23.778000,20.4,60.0,1021.7,False,24.7,164,1.6,2025,17,Azerbaijan Grand Prix
0 days 01:56:23.785000,20.4,60.0,1021.7,False,24.9,206,1.8,2025,17,Azerbaijan Grand Prix
0 days 01:57:23.775000,20.4,60.0,1021.7,False,24.9,120,1.9,2025,17,Azerbaijan Grand Prix
0 days 01:58:23.772000,20.5,61.0,1021.7,False,24.8,183,1.4,2025,17,Azerbaijan Grand Prix
0 days 01:59:23.765000,20.5,61.0,1021.6,False,24.9,162,1.1,2025,17,Azerbaijan Grand Prix
0 days 02:00:23.784000,20.5,61.0,1021.6,False,24.9,245,0.9,2025,17,Azerbaijan Grand Prix
0 days 02:01:23.776000,20.4,60.0,1021.6,False,24.9,237,1.4,2025,17,Azerbaijan Grand Prix
0 days 02:02:23.778000,20.4,60.0,1021.6,False,24.9,237,1.4,2025,17,Azerbaijan Grand Prix
0 days 02:03:23.791000,20.4,60.0,1021.7,False,24.9,0,1.4,2025,17,Azerbaijan Grand Prix
0 days 02:04:23.777000,20.4,60.0,1021.7,False,25.2,192,1.9,2025,17,Azerbaijan Grand Prix
0 days 02:05:23.791000,20.4,60.0,1021.7,False,25.2,309,2.0,2025,17,Azerbaijan Grand Prix
0 days 02:06:23.783000,20.4,60.0,1021.7,False,25.0,251,1.9,2025,17,Azerbaijan Grand Prix
0 days 02:07:23.790000,20.4,60.0,1021.6,False,24.8,262,2.4,2025,17,Azerbaijan Grand Prix
0 days 02:08:23.809000,20.5,60.0,1021.6,False,24.9,334,1.5,2025,17,Azerbaijan Grand Prix
0 days 02:09:23.782000,20.5,60.0,1021.8,False,24.9,218,0.9,2025,17,Azerbaijan Grand Prix
0 days 02:10:23.797000,20.5,60.0,1021.6,False,24.9,241,1.3,2025,17,Azerbaijan Grand Prix
0 days 02:11:23.793000,20.5,60.0,1021.7,False,25.0,152,2.2,2025,17,Azerbaijan Grand Prix
0 days 02:12:23.797000,20.5,60.0,1021.6,False,24.9,180,2.1,2025,17,Azerbaijan Grand Prix
0 days 02:13:23.803000,20.5,60.0,1021.6,False,24.9,268,1.3,2025,17,Azerbaijan Grand Prix
0 days 02:14:23.797000,20.5,60.0,1021.7,False,24.9,200,1.0,2025,17,Azerbaijan Grand Prix
0 days 02:15:23.802000,20.5,60.0,1021.7,False,25.0,219,1.3,2025,17,Azerbaijan Grand Prix
0 days 02:16:23.818000,20.5,60.0,1021.7,False,25.0,219,1.3,2025,17,Azerbaijan Grand Prix
0 days 02:17:23.795000,20.4,60.0,1021.7,False,24.5,245,1.2,2025,17,Azerbaijan Grand Prix
0 days 02:18:23.795000,20.5,60.0,1021.7,False,24.5,245,1.2,2025,17,Azerbaijan Grand Prix
0 days 02:19:23.798000,20.5,60.0,1021.4,False,24.8,94,1.3,2025,17,Azerbaijan Grand Prix
0 days 02:20:23.798000,20.5,59.0,1021.6,False,25.0,217,1.3,2025,17,Azerbaijan Grand Prix
0 days 02:21:23.803000,20.5,59.0,1021.6,False,24.8,244,1.3,2025,17,Azerbaijan Grand Prix
0 days 02:22:23.808000,20.5,59.0,1021.9,False,24.6,292,0.8,2025,17,Azerbaijan Grand Prix
0 days 02:23:23.808000,20.5,59.0,1021.6,False,24.6,205,1.4,2025,17,Azerbaijan Grand Prix
0 days 02:24:23.806000,20.5,59.0,1021.7,False,24.6,249,2.2,2025,17,Azerbaijan Grand Prix
0 days 02:25:23.804000,20.5,59.0,1021.7,False,24.6,260,2.2,2025,17,Azerbaijan Grand Prix
0 days 02:26:23.808000,20.5,59.0,1021.7,False,24.5,212,2.1,2025,17,Azerbaijan Grand Prix
0 days 02:27:23.802000,20.5,60.0,1021.7,False,24.5,244,1.5,2025,17,Azerbaijan Grand Prix
0 days 02:28:23.797000,20.4,60.0,1021.7,False,24.5,347,1.5,2025,17,Azerbaijan Grand Prix
0 days 02:29:23.804000,20.4,60.0,1021.8,False,24.5,25,2.1,2025,17,Azerbaijan Grand Prix
0 days 02:30:23.850000,20.4,60.0,1021.8,False,24.5,220,0.5,2025,17,Azerbaijan Grand Prix
0 days 02:31:23.802000,20.4,60.0,1021.8,False,24.1,67,1.7,2025,17,Azerbaijan Grand Prix
0 days 02:32:23.808000,20.4,60.0,1021.8,False,24.0,159,1.6,2025,17,Azerbaijan Grand Prix
0 days 02:33:23.806000,20.4,60.0,1021.8,False,24.1,244,1.6,2025,17,Azerbaijan Grand Prix
0 days 02:34:23.813000,20.3,60.0,1021.8,False,24.1,169,1.7,2025,17,Azerbaijan Grand Prix
0 days 02:35:23.805000,20.3,60.0,1021.7,False,24.0,70,1.5,2025,17,Azerbaijan Grand Prix
0 days 00:00:38.510000,28.5,75.0,1009.9,False,34.0,151,1.6,2025,18,Singapore Grand Prix
0 days 00:01:38.519000,28.6,75.0,1009.8,False,34.4,156,1.2,2025,18,Singapore Grand Prix
0 days 00:02:38.534000,28.8,74.0,1009.8,False,34.8,167,1.3,2025,18,Singapore Grand Prix
0 days 00:03:38.536000,28.7,73.0,1009.9,False,34.5,141,1.1,2025,18,Singapore Grand Prix
0 days 00:04:38.524000,28.8,74.0,1009.9,True,34.3,149,1.0,2025,18,Singapore Grand Prix
0 days 00:05:38.544000,28.8,75.0,1009.9,True,34.3,145,1.0,2025,18,Singapore Grand Prix
0 days 00:06:38.529000,28.8,74.0,1009.9,True,34.2,161,1.4,2025,18,Singapore Grand Prix
0 days 00:07:38.529000,28.7,73.0,1009.9,True,34.2,154,1.3,2025,18,Singapore Grand Prix
0 days 00:08:38.522000,28.7,72.0,1010.0,False,34.1,167,1.4,2025,18,Singapore Grand Prix
0 days 00:09:38.540000,28.6,72.0,1010.1,False,33.9,152,1.2,2025,18,Singapore Grand Prix
0 days 00:10:38.538000,28.7,72.0,1010.0,False,34.1,152,1.3,2025,18,Singapore Grand Prix
0 days 00:11:38.542000,28.8,71.0,1009.9,False,34.1,152,1.1,2025,18,Singapore Grand Prix
0 days 00:12:38.542000,28.8,73.0,1010.0,True,34.0,159,1.2,2025,18,Singapore Grand Prix
0 days 00:13:38.548000,28.8,72.0,1010.0,True,33.7,155,1.3,2025,18,Singapore Grand Prix
0 days 00:14:38.532000,28.7,73.0,1010.1,False,33.7,153,1.4,2025,18,Singapore Grand Prix
0 days 00:15:38.545000,28.8,74.0,1010.1,False,33.7,165,1.1,2025,18,Singapore Grand Prix
0 days 00:16:38.578000,28.8,76.0,1010.1,False,33.6,165,1.1,2025,18,Singapore Grand Prix
0 days 00:17:38.591000,28.9,75.0,1010.0,False,34.3,159,0.8,2025,18,Singapore Grand Prix
0 days 00:18:38.578000,28.9,76.0,1009.9,False,34.8,144,0.7,2025,18,Singapore Grand Prix
0 days 00:19:38.598000,28.8,75.0,1009.9,False,34.8,84,0.6,2025,18,Singapore Grand Prix
0 days 00:20:38.609000,28.8,71.0,1009.8,False,34.9,0,0.4,2025,18,Singapore Grand Prix
0 days 00:21:38.616000,28.9,77.0,1009.9,False,37.0,341,0.4,2025,18,Singapore Grand Prix
0 days 00:22:38.609000,28.9,77.0,1010.0,False,37.0,0,0.0,2025,18,Singapore Grand Prix
0 days 00:23:38.609000,28.9,76.0,1010.0,False,38.8,76,0.0,2025,18,Singapore Grand Prix
0 days 00:24:38.643000,29.0,74.0,1010.1,False,37.7,151,0.5,2025,18,Singapore Grand Prix
0 days 00:25:38.638000,29.0,74.0,1010.2,False,33.5,160,0.9,2025,18,Singapore Grand Prix
0 days 00:26:38.651000,28.8,77.0,1010.4,False,32.8,150,0.7,2025,18,Singapore Grand Prix
0 days 00:27:38.627000,28.8,78.0,1010.4,False,34.1,168,0.7,2025,18,Singapore Grand Prix
0 days 00:28:38.644000,28.8,78.0,1010.3,False,34.6,139,0.4,2025,18,Singapore Grand Prix
0 days 00:29:38.661000,28.7,76.0,1010.3,False,34.5,169,1.1,2025,18,Singapore Grand Prix
0 days 00:30:38.684000,28.6,77.0,1010.3,False,32.9,187,1.5,2025,18,Singapore Grand Prix
0 days 00:31:38.668000,28.7,78.0,1010.4,False,32.7,191,1.3,2025,18,Singapore Grand Prix
0 days 00:32:38.684000,28.7,78.0,1010.4,False,32.9,184,1.2,2025,18,Singapore Grand Prix
0 days 00:33:38.683000,28.7,78.0,1010.5,False,33.2,183,1.3,2025,18,Singapore Grand Prix
0 days 00:34:38.720000,28.7,78.0,1010.4,False,33.0,168,1.3,2025,18,Singapore Grand Prix
0 days 00:35:38.702000,28.8,79.0,1010.4,False,32.5,152,1.6,2025,18,Singapore Grand Prix
0 days 00:36:38.725000,28.8,79.0,1010.5,False,32.5,146,1.6,2025,18,Singapore Grand Prix
0 days 00:37:38.723000,28.8,81.0,1010.5,False,33.2,171,1.1,2025,18,Singapore Grand Prix
0 days 00:38:38.721000,28.8,81.0,1010.6,False,33.2,163,1.3,2025,18,Singapore Grand Prix
0 days 00:39:38.729000,28.8,80.0,1010.6,False,32.6,163,1.4,2025,18,Singapore Grand Prix
0 days 00:40:38.721000,28.8,81.0,1010.7,False,32.6,162,1.4,2025,18,Singapore Grand Prix
0 days 00:41:38.736000,28.7,81.0,1010.5,False,32.7,164,1.1,2025,18,Singapore Grand Prix
0 days 00:42:38.764000,28.7,81.0,1010.6,False,32.8,165,1.2,2025,18,Singapore Grand Prix
0 days 00:43:38.766000,28.7,81.0,1010.6,False,32.8,157,1.1,2025,18,Singapore Grand Prix
0 days 00:44:38.781000,28.7,81.0,1010.7,False,33.4,164,1.1,2025,18,Singapore Grand Prix
0 days 00:45:38.817000,28.7,81.0,1010.6,False,33.0,151,1.0,2025,18,Singapore Grand Prix
0 days 00:46:38.809000,28.6,80.0,1010.7,False,33.0,166,1.0,2025,18,Singapore Grand Prix
0 days 00:47:38.808000,28.6,81.0,1010.6,False,33.0,167,1.1,2025,18,Singapore Grand Prix
0 days 00:48:38.817000,28.6,81.0,1010.7,False,33.1,181,0.9,2025,18,Singapore Grand Prix
0 days 00:49:38.807000,28.6,81.0,1010.7,False,33.4,188,1.1,2025,18,Singapore Grand Prix
0 days 00:50:38.826000,28.6,81.0,1010.7,False,33.2,190,1.0,2025,18,Singapore Grand Prix
0 days 00:51:38.825000,28.6,82.0,1010.6,False,33.2,154,0.5,2025,18,Singapore Grand Prix
0 days 00:52:38.835000,28.6,81.0,1010.7,False,33.4,0,0.4,2025,18,Singapore Grand Prix
0 days 00:53:38.851000,28.6,81.0,1010.6,False,36.1,142,0.4,2025,18,Singapore Grand Prix
0 days 00:54:38.855000,28.7,81.0,1010.6,False,34.1,0,0.5,2025,18,Singapore Grand Prix
0 days 00:55:38.877000,28.7,80.0,1010.6,False,33.6,0,0.4,2025,18,Singapore Grand Prix
0 days 00:56:38.889000,28.9,81.0,1010.6,False,34.2,103,0.5,2025,18,Singapore Grand Prix
0 days 00:57:38.909000,28.9,80.0,1010.7,False,34.2,0,0.6,2025,18,Singapore Grand Prix
0 days 00:58:38.920000,28.9,81.0,1010.6,False,33.3,262,0.5,2025,18,Singapore Grand Prix
0 days 00:59:38.915000,28.9,80.0,1010.7,False,34.2,181,0.6,2025,18,Singapore Grand Prix
0 days 01:00:38.944000,29.1,80.0,1010.7,False,34.5,233,0.8,2025,18,Singapore Grand Prix
0 days 01:01:38.939000,29.1,80.0,1010.6,False,34.5,178,0.8,2025,18,Singapore Grand Prix
0 days 01:02:38.970000,29.1,78.0,1010.7,False,34.1,148,1.0,2025,18,Singapore Grand Prix
0 days 01:03:38.973000,29.0,78.0,1010.7,False,33.8,165,1.0,2025,18,Singapore Grand Prix
0 days 01:04:38.976000,29.1,78.0,1010.7,False,33.6,144,0.8,2025,18,Singapore Grand Prix
0 days 01:05:38.993000,29.1,78.0,1010.7,False,33.8,160,1.4,2025,18,Singapore Grand Prix
0 days 01:06:38.999000,29.0,78.0,1010.7,False,33.8,165,1.9,2025,18,Singapore Grand Prix
0 days 01:07:39.011000,29.1,77.0,1010.6,False,33.9,182,1.2,2025,18,Singapore Grand Prix
0 days 01:08:39.002000,29.1,77.0,1010.7,False,34.1,167,1.4,2025,18,Singapore Grand Prix
0 days 01:09:39.011000,29.1,77.0,1010.6,False,34.0,153,1.7,2025,18,Singapore Grand Prix
0 days 01:10:39.021000,29.1,76.0,1010.7,False,34.0,156,1.8,2025,18,Singapore Grand Prix
0 days 01:11:39.025000,29.1,75.0,1010.7,False,34.2,151,1.7,2025,18,Singapore Grand Prix
0 days 01:12:39.059000,29.1,74.0,1010.7,False,34.3,159,1.7,2025,18,Singapore Grand Prix
0 days 01:13:39.062000,29.0,74.0,1010.8,False,34.3,155,1.9,2025,18,Singapore Grand Prix
0 days 01:14:39.075000,29.0,73.0,1010.8,False,34.0,162,1.9,2025,18,Singapore Grand Prix
0 days 01:15:39.092000,29.0,74.0,1010.7,False,33.9,159,2.2,2025,18,Singapore Grand Prix
0 days 01:16:39.096000,29.0,73.0,1010.8,False,34.0,168,1.6,2025,18,Singapore Grand Prix
0 days 01:17:39.083000,29.1,71.0,1010.8,False,33.9,159,2.0,2025,18,Singapore Grand Prix
0 days 01:18:39.084000,29.1,72.0,1010.9,False,34.3,146,1.6,2025,18,Singapore Grand Prix
0 days 01:19:39.099000,29.1,72.0,1010.8,False,34.0,162,2.1,2025,18,Singapore Grand Prix
0 days 01:20:39.111000,29.1,71.0,1010.7,False,34.0,153,2.0,2025,18,Singapore Grand Prix
0 days 01:21:39.127000,29.2,72.0,1010.8,False,33.8,157,2.1,2025,18,Singapore Grand Prix
0 days 01:22:39.161000,29.2,72.0,1010.7,False,33.8,148,1.8,2025,18,Singapore Grand Prix
0 days 01:23:39.152000,29.2,72.0,1010.8,False,34.1,151,1.9,2025,18,Singapore Grand Prix
0 days 01:24:39.179000,29.3,72.0,1010.8,False,34.1,161,1.1,2025,18,Singapore Grand Prix
0 days 01:25:39.208000,29.2,72.0,1010.8,False,33.8,140,1.5,2025,18,Singapore Grand Prix
0 days 01:26:39.176000,29.2,73.0,1010.9,False,33.8,147,0.9,2025,18,Singapore Grand Prix
0 days 01:27:39.178000,29.2,73.0,1010.9,False,33.8,158,1.0,2025,18,Singapore Grand Prix
0 days 01:28:39.183000,29.2,72.0,1010.9,False,34.0,148,1.2,2025,18,Singapore Grand Prix
0 days 01:29:39.200000,29.2,71.0,1010.9,False,34.0,162,1.3,2025,18,Singapore Grand Prix
0 days 01:30:39.188000,29.2,72.0,1010.9,False,33.7,175,1.5,2025,18,Singapore Grand Prix
0 days 01:31:39.179000,29.2,72.0,1010.9,False,33.8,163,1.1,2025,18,Singapore Grand Prix
0 days 01:32:39.200000,29.2,72.0,1010.9,False,33.7,168,1.3,2025,18,Singapore Grand Prix
0 days 01:33:39.191000,29.3,72.0,1010.9,False,33.7,135,1.3,2025,18,Singapore Grand Prix
0 days 01:34:39.181000,29.3,72.0,1010.9,False,33.8,160,1.4,2025,18,Singapore Grand Prix
0 days 01:35:39.210000,29.3,71.0,1010.9,False,33.7,149,1.4,2025,18,Singapore Grand Prix
0 days 01:36:39.211000,29.3,72.0,1011.0,False,33.7,157,1.5,2025,18,Singapore Grand Prix
0 days 01:37:39.232000,29.2,72.0,1011.0,False,33.7,152,1.4,2025,18,Singapore Grand Prix
0 days 01:38:39.233000,29.2,72.0,1011.0,False,33.7,150,1.2,2025,18,Singapore Grand Prix
0 days 01:39:39.219000,29.2,72.0,1011.0,False,33.7,160,1.1,2025,18,Singapore Grand Prix
0 days 01:40:39.223000,29.2,73.0,1011.0,False,33.7,143,1.1,2025,18,Singapore Grand Prix
0 days 01:41:39.249000,29.2,73.0,1011.0,False,33.9,163,1.1,2025,18,Singapore Grand Prix
0 days 01:42:39.250000,29.2,72.0,1011.1,False,33.9,161,1.3,2025,18,Singapore Grand Prix
0 days 01:43:39.266000,29.3,72.0,1011.1,False,33.7,157,1.1,2025,18,Singapore Grand Prix
0 days 01:44:39.260000,29.2,72.0,1011.1,False,33.8,150,1.1,2025,18,Singapore Grand Prix
0 days 01:45:39.285000,29.2,72.0,1011.1,False,33.8,162,1.3,2025,18,Singapore Grand Prix
0 days 01:46:39.294000,29.2,72.0,1011.2,False,34.0,164,1.1,2025,18,Singapore Grand Prix
0 days 01:47:39.288000,29.2,71.0,1011.0,False,33.9,149,1.3,2025,18,Singapore Grand Prix
0 days 01:48:39.268000,29.2,72.0,1011.0,False,33.9,153,1.3,2025,18,Singapore Grand Prix
0 days 01:49:39.308000,29.2,71.0,1011.1,False,33.7,141,1.2,2025,18,Singapore Grand Prix
0 days 01:50:39.310000,29.1,72.0,1011.1,False,34.0,168,1.3,2025,18,Singapore Grand Prix
0 days 01:51:39.320000,29.1,72.0,1011.2,False,34.1,160,1.0,2025,18,Singapore Grand Prix
0 days 01:52:39.323000,29.1,71.0,1011.1,False,34.0,143,1.0,2025,18,Singapore Grand Prix
0 days 01:53:39.326000,29.2,71.0,1011.1,False,33.9,145,1.4,2025,18,Singapore Grand Prix
0 days 01:54:39.344000,29.2,71.0,1011.1,False,34.0,172,1.1,2025,18,Singapore Grand Prix
0 days 01:55:39.360000,29.2,71.0,1011.1,False,34.0,130,1.0,2025,18,Singapore Grand Prix
0 days 01:56:39.355000,29.2,72.0,1011.1,False,34.0,156,0.8,2025,18,Singapore Grand Prix
0 days 01:57:39.363000,29.2,72.0,1011.2,False,33.7,104,0.5,2025,18,Singapore Grand Prix
0 days 01:58:39.361000,29.2,72.0,1011.1,False,33.9,96,0.8,2025,18,Singapore Grand Prix
0 days 01:59:39.373000,29.2,72.0,1011.2,False,34.3,137,0.8,2025,18,Singapore Grand Prix
0 days 02:00:39.389000,29.3,71.0,1011.1,False,34.3,350,1.5,2025,18,Singapore Grand Prix
0 days 02:01:39.405000,29.3,71.0,1011.0,False,34.1,110,0.8,2025,18,Singapore Grand Prix
0 days 02:02:39.411000,29.3,71.0,1011.1,False,34.1,112,0.5,2025,18,Singapore Grand Prix
0 days 02:03:39.410000,29.4,71.0,1011.1,False,34.1,112,0.9,2025,18,Singapore Grand Prix
0 days 02:04:39.423000,29.4,71.0,1011.2,False,33.9,158,1.0,2025,18,Singapore Grand Prix
0 days 02:05:39.422000,29.3,71.0,1011.2,False,33.5,30,0.6,2025,18,Singapore Grand Prix
0 days 02:06:39.424000,29.4,71.0,1011.2,False,33.9,34,0.7,2025,18,Singapore Grand Prix
0 days 02:07:39.462000,29.4,71.0,1011.1,False,33.6,56,0.0,2025,18,Singapore Grand Prix
0 days 02:08:39.443000,29.4,71.0,1011.1,False,33.9,0,0.6,2025,18,Singapore Grand Prix
0 days 02:09:39.473000,29.4,71.0,1011.2,False,34.1,154,0.5,2025,18,Singapore Grand Prix
0 days 02:10:39.481000,29.4,70.0,1011.2,False,34.1,144,1.0,2025,18,Singapore Grand Prix
0 days 02:11:39.503000,29.5,70.0,1011.3,False,33.6,200,0.9,2025,18,Singapore Grand Prix
0 days 02:12:39.515000,29.5,70.0,1011.3,False,34.0,156,0.8,2025,18,Singapore Grand Prix
0 days 02:13:39.492000,29.5,70.0,1011.3,False,34.0,201,1.2,2025,18,Singapore Grand Prix
0 days 02:14:39.504000,29.5,72.0,1011.3,False,33.5,213,0.7,2025,18,Singapore Grand Prix
0 days 02:15:39.500000,29.5,73.0,1011.3,False,33.4,236,0.7,2025,18,Singapore Grand Prix
0 days 02:16:39.516000,29.4,73.0,1011.3,False,33.6,0,0.9,2025,18,Singapore Grand Prix
0 days 02:17:39.532000,29.4,73.0,1011.3,False,34.0,217,0.6,2025,18,Singapore Grand Prix
0 days 02:18:39.533000,29.4,73.0,1011.3,False,33.3,225,0.9,2025,18,Singapore Grand Prix
0 days 02:19:39.517000,29.4,72.0,1011.3,False,33.3,0,0.6,2025,18,Singapore Grand Prix
0 days 02:20:39.535000,29.3,73.0,1011.4,False,33.3,141,0.6,2025,18,Singapore Grand Prix
0 days 02:21:39.529000,29.3,74.0,1011.3,False,33.6,175,1.1,2025,18,Singapore Grand Prix
0 days 02:22:39.537000,29.4,74.0,1011.3,False,33.6,188,1.3,2025,18,Singapore Grand Prix
0 days 02:23:39.574000,29.4,74.0,1011.4,False,33.2,174,0.9,2025,18,Singapore Grand Prix
0 days 02:24:39.581000,29.5,72.0,1011.3,False,33.1,162,1.1,2025,18,Singapore Grand Prix
0 days 02:25:39.606000,29.5,73.0,1011.4,False,33.1,138,0.9,2025,18,Singapore Grand Prix
0 days 02:26:39.623000,29.5,73.0,1011.3,False,33.3,132,0.3,2025,18,Singapore Grand Prix
0 days 02:27:39.617000,29.5,72.0,1011.3,False,33.3,161,0.9,2025,18,Singapore Grand Prix
0 days 02:28:39.648000,29.5,72.0,1011.5,False,33.5,155,1.5,2025,18,Singapore Grand Prix
0 days 02:29:39.634000,29.5,72.0,1011.3,False,33.5,173,1.2,2025,18,Singapore Grand Prix
0 days 02:30:39.648000,29.4,71.0,1011.4,False,33.5,156,1.4,2025,18,Singapore Grand Prix
0 days 02:31:39.651000,29.4,71.0,1011.4,False,33.4,159,1.6,2025,18,Singapore Grand Prix
0 days 02:32:39.677000,29.4,72.0,1011.4,False,33.3,155,1.7,2025,18,Singapore Grand Prix
0 days 02:33:39.665000,29.4,71.0,1011.4,False,33.4,159,1.6,2025,18,Singapore Grand Prix
0 days 02:34:39.667000,29.4,72.0,1011.5,False,33.6,153,1.4,2025,18,Singapore Grand Prix
0 days 02:35:39.682000,29.4,72.0,1011.4,False,33.2,159,1.6,2025,18,Singapore Grand Prix
0 days 02:36:39.687000,29.4,72.0,1011.4,False,33.6,157,1.2,2025,18,Singapore Grand Prix
0 days 02:37:39.699000,29.4,72.0,1011.5,False,33.6,161,1.0,2025,18,Singapore Grand Prix
0 days 02:38:39.701000,29.4,72.0,1011.4,False,33.6,143,1.3,2025,18,Singapore Grand Prix
0 days 02:39:39.700000,29.4,72.0,1011.4,False,33.6,143,1.3,2025,18,Singapore Grand Prix
0 days 02:40:39.692000,29.4,72.0,1011.4,False,33.6,143,1.3,2025,18,Singapore Grand Prix
0 days 00:00:34.333000,26.4,30.0,1002.1,False,42.1,282,2.9,2025,19,United States Grand Prix
0 days 00:01:34.338000,26.4,30.0,1002.1,False,42.4,278,2.4,2025,19,United States Grand Prix
0 days 00:02:34.339000,26.5,29.0,1002.1,False,42.4,275,3.1,2025,19,United States Grand Prix
0 days 00:03:34.352000,26.6,29.0,1002.0,False,42.4,271,2.8,2025,19,United States Grand Prix
0 days 00:04:34.365000,26.7,29.0,1002.1,False,42.6,283,2.2,2025,19,United States Grand Prix
0 days 00:05:34.387000,26.8,29.0,1002.1,False,43.0,290,2.3,2025,19,United States Grand Prix
0 days 00:06:34.389000,26.7,28.0,1002.1,False,43.0,257,2.1,2025,19,United States Grand Prix
0 days 00:07:34.383000,26.6,28.0,1002.1,False,42.9,278,2.5,2025,19,United States Grand Prix
0 days 00:08:34.413000,26.6,28.0,1002.1,False,42.9,260,3.1,2025,19,United States Grand Prix
0 days 00:09:34.413000,26.6,28.0,1002.0,False,43.0,273,2.6,2025,19,United States Grand Prix
0 days 00:10:34.441000,26.6,28.0,1002.1,False,42.9,267,2.8,2025,19,United States Grand Prix
0 days 00:11:34.427000,26.8,28.0,1002.0,False,42.9,296,3.3,2025,19,United States Grand Prix
0 days 00:12:34.427000,26.9,28.0,1002.0,False,43.0,245,1.7,2025,19,United States Grand Prix
0 days 00:13:34.428000,26.9,27.0,1001.9,False,43.3,228,2.1,2025,19,United States Grand Prix
0 days 00:14:34.428000,26.9,27.0,1002.0,False,43.7,273,2.2,2025,19,United States Grand Prix
0 days 00:15:34.428000,27.0,26.0,1002.0,False,43.8,282,1.7,2025,19,United States Grand Prix
0 days 00:16:34.428000,27.0,26.0,1002.0,False,43.8,286,2.0,2025,19,United States Grand Prix
0 days 00:17:34.428000,27.1,27.0,1001.8,False,43.8,257,3.1,2025,19,United States Grand Prix
0 days 00:18:34.430000,27.2,27.0,1001.8,False,43.7,273,4.9,2025,19,United States Grand Prix
0 days 00:19:34.427000,27.1,27.0,1001.8,False,43.7,264,2.5,2025,19,United States Grand Prix
0 days 00:20:34.428000,27.1,26.0,1001.8,False,43.8,281,2.0,2025,19,United States Grand Prix
0 days 00:21:34.429000,27.1,26.0,1001.8,False,43.8,278,3.2,2025,19,United States Grand Prix
0 days 00:22:34.438000,27.0,26.0,1001.8,False,43.6,277,4.6,2025,19,United States Grand Prix
0 days 00:23:34.435000,27.0,26.0,1001.6,False,43.5,274,3.9,2025,19,United States Grand Prix
0 days 00:24:34.439000,27.2,26.0,1001.7,False,43.6,250,2.8,2025,19,United States Grand Prix
0 days 00:25:34.431000,27.3,26.0,1001.7,False,43.8,238,2.6,2025,19,United States Grand Prix
0 days 00:26:34.436000,27.3,26.0,1001.8,False,43.8,292,2.8,2025,19,United States Grand Prix
0 days 00:27:34.444000,27.3,26.0,1001.7,False,43.9,241,2.0,2025,19,United States Grand Prix
0 days 00:28:34.440000,27.5,25.0,1001.5,False,44.0,288,3.2,2025,19,United States Grand Prix
0 days 00:29:34.441000,27.7,25.0,1001.7,False,44.0,262,2.5,2025,19,United States Grand Prix
0 days 00:30:34.439000,27.8,25.0,1001.6,False,44.0,285,2.8,2025,19,United States Grand Prix
0 days 00:31:34.434000,27.7,25.0,1001.6,False,43.9,276,3.7,2025,19,United States Grand Prix
0 days 00:32:34.441000,27.6,25.0,1001.5,False,43.9,260,3.1,2025,19,United States Grand Prix
0 days 00:33:34.441000,27.4,24.0,1001.6,False,43.9,294,2.9,2025,19,United States Grand Prix
0 days 00:34:34.445000,27.5,24.0,1001.5,False,44.0,262,3.3,2025,19,United States Grand Prix
0 days 00:35:34.446000,27.5,24.0,1001.5,False,44.3,272,2.5,2025,19,United States Grand Prix
0 days 00:36:34.437000,27.5,23.0,1001.5,False,44.4,287,3.0,2025,19,United States Grand Prix
0 days 00:37:34.434000,27.5,23.0,1001.5,False,44.4,162,1.7,2025,19,United States Grand Prix
0 days 00:38:34.442000,27.6,23.0,1001.6,False,44.4,136,3.0,2025,19,United States Grand Prix
0 days 00:39:34.442000,27.6,23.0,1001.4,False,44.5,93,1.8,2025,19,United States Grand Prix
0 days 00:40:34.449000,27.8,23.0,1001.5,False,44.7,344,1.3,2025,19,United States Grand Prix
0 days 00:41:34.453000,27.9,23.0,1001.4,False,44.8,265,1.2,2025,19,United States Grand Prix
0 days 00:42:34.448000,28.0,24.0,1001.4,False,44.9,269,2.5,2025,19,United States Grand Prix
0 days 00:43:34.447000,28.0,23.0,1001.4,False,45.1,242,1.3,2025,19,United States Grand Prix
0 days 00:44:34.448000,28.1,23.0,1001.3,False,45.2,261,1.9,2025,19,United States Grand Prix
0 days 00:45:34.466000,28.1,22.0,1001.4,False,45.2,286,2.6,2025,19,United States Grand Prix
0 days 00:46:34.453000,28.1,22.0,1001.3,False,44.9,267,3.0,2025,19,United States Grand Prix
0 days 00:47:34.448000,28.0,22.0,1001.2,False,44.9,277,3.6,2025,19,United States Grand Prix
0 days 00:48:34.450000,27.8,22.0,1001.3,False,44.6,259,3.4,2025,19,United States Grand Prix
0 days 00:49:34.456000,27.7,23.0,1001.4,False,44.6,288,3.6,2025,19,United States Grand Prix
0 days 00:50:34.450000,27.8,23.0,1001.3,False,44.7,287,3.8,2025,19,United States Grand Prix
0 days 00:51:34.450000,27.8,23.0,1001.2,False,44.6,270,3.8,2025,19,United States Grand Prix
0 days 00:52:34.450000,28.0,23.0,1001.3,False,44.7,259,2.3,2025,19,United States Grand Prix
0 days 00:53:34.452000,28.0,23.0,1001.3,False,45.0,282,1.6,2025,19,United States Grand Prix
0 days 00:54:34.462000,27.9,22.0,1001.2,False,45.1,261,3.1,2025,19,United States Grand Prix
0 days 00:55:34.461000,27.9,22.0,1001.2,False,44.9,292,1.8,2025,19,United States Grand Prix
0 days 00:56:34.462000,28.0,22.0,1001.2,False,45.0,304,1.4,2025,19,United States Grand Prix
0 days 00:57:34.463000,28.2,22.0,1001.2,False,45.1,232,1.5,2025,19,United States Grand Prix
0 days 00:58:34.462000,28.2,22.0,1001.1,False,45.6,316,2.0,2025,19,United States Grand Prix
0 days 00:59:34.464000,28.1,21.0,1001.1,False,45.1,105,1.2,2025,19,United States Grand Prix
0 days 01:00:34.463000,28.1,22.0,1001.1,False,45.1,277,1.9,2025,19,United States Grand Prix
0 days 01:01:34.464000,28.3,22.0,1001.1,False,45.5,80,1.0,2025,19,United States Grand Prix
0 days 01:02:34.465000,28.4,21.0,1001.2,False,45.5,192,1.2,2025,19,United States Grand Prix
0 days 01:03:34.465000,28.5,21.0,1001.1,False,45.4,263,1.8,2025,19,United States Grand Prix
0 days 01:04:34.465000,28.6,22.0,1001.1,False,45.8,212,1.4,2025,19,United States Grand Prix
0 days 01:05:34.464000,28.7,21.0,1001.0,False,45.9,244,1.9,2025,19,United States Grand Prix
0 days 01:06:34.464000,28.6,21.0,1001.2,False,45.9,13,1.1,2025,19,United States Grand Prix
0 days 01:07:34.464000,28.8,21.0,1001.1,False,45.9,288,0.6,2025,19,United States Grand Prix
0 days 01:08:34.471000,28.8,22.0,1001.0,False,45.5,283,2.8,2025,19,United States Grand Prix
0 days 01:09:34.465000,28.7,22.0,1001.1,False,45.5,218,1.3,2025,19,United States Grand Prix
0 days 01:10:34.479000,28.7,21.0,1001.2,False,45.9,286,1.6,2025,19,United States Grand Prix
0 days 01:11:34.465000,28.7,21.0,1001.1,False,46.0,259,1.6,2025,19,United States Grand Prix
0 days 01:12:34.465000,28.6,20.0,1001.2,False,46.0,182,2.1,2025,19,United States Grand Prix
0 days 01:13:34.466000,28.5,21.0,1001.1,False,45.8,262,1.1,2025,19,United States Grand Prix
0 days 01:14:34.466000,28.5,21.0,1001.1,False,46.0,189,1.2,2025,19,United States Grand Prix
0 days 01:15:34.466000,28.4,21.0,1001.2,False,46.0,203,1.3,2025,19,United States Grand Prix
0 days 01:16:34.467000,28.5,21.0,1001.1,False,46.0,266,1.0,2025,19,United States Grand Prix
0 days 01:17:34.466000,28.5,21.0,1001.1,False,46.0,200,1.8,2025,19,United States Grand Prix
0 days 01:18:34.482000,28.6,21.0,1001.1,False,46.2,245,2.0,2025,19,United States Grand Prix
0 days 01:19:34.478000,28.8,21.0,1000.9,False,46.2,280,1.4,2025,19,United States Grand Prix
0 days 01:20:34.474000,28.8,21.0,1001.0,False,46.3,198,1.4,2025,19,United States Grand Prix
0 days 01:21:34.478000,28.7,21.0,1001.0,False,46.1,280,1.9,2025,19,United States Grand Prix
0 days 01:22:34.478000,28.8,21.0,1001.0,False,46.1,156,1.3,2025,19,United States Grand Prix
0 days 01:23:34.481000,28.6,21.0,1000.9,False,46.1,293,1.5,2025,19,United States Grand Prix
0 days 01:24:34.482000,28.7,20.0,1000.9,False,45.9,342,2.0,2025,19,United States Grand Prix
0 days 01:25:34.471000,28.7,20.0,1000.9,False,46.0,258,1.4,2025,19,United States Grand Prix
0 days 01:26:34.482000,28.6,20.0,1000.9,False,46.0,212,1.6,2025,19,United States Grand Prix
0 days 01:27:34.482000,28.6,21.0,1000.9,False,45.9,6,1.4,2025,19,United States Grand Prix
0 days 01:28:34.483000,28.7,21.0,1001.0,False,45.8,285,0.7,2025,19,United States Grand Prix
0 days 01:29:34.483000,28.9,21.0,1000.9,False,45.8,265,2.4,2025,19,United States Grand Prix
0 days 01:30:34.483000,28.9,21.0,1001.0,False,45.8,240,2.8,2025,19,United States Grand Prix
0 days 01:31:34.483000,28.8,21.0,1000.9,False,46.0,43,1.7,2025,19,United States Grand Prix
0 days 01:32:34.483000,28.8,21.0,1000.8,False,46.1,324,0.8,2025,19,United States Grand Prix
0 days 01:33:34.484000,28.9,21.0,1000.9,False,46.3,270,1.0,2025,19,United States Grand Prix
0 days 01:34:34.485000,28.9,21.0,1001.0,False,46.3,323,1.6,2025,19,United States Grand Prix
0 days 01:35:34.484000,28.9,20.0,1000.9,False,46.2,274,1.2,2025,19,United States Grand Prix
0 days 01:36:34.484000,28.9,20.0,1000.8,False,46.1,243,1.5,2025,19,United States Grand Prix
0 days 01:37:34.485000,28.8,21.0,1000.8,False,46.1,264,1.4,2025,19,United States Grand Prix
0 days 01:38:34.502000,28.9,20.0,1000.8,False,45.9,274,2.7,2025,19,United States Grand Prix
0 days 01:39:34.485000,28.9,21.0,1000.7,False,45.8,259,2.5,2025,19,United States Grand Prix
0 days 01:40:34.485000,28.9,21.0,1000.8,False,45.8,263,3.3,2025,19,United States Grand Prix
0 days 01:41:34.486000,28.8,21.0,1000.7,False,45.7,261,4.9,2025,19,United States Grand Prix
0 days 01:42:34.501000,28.7,21.0,1000.7,False,45.6,268,4.8,2025,19,United States Grand Prix
0 days 01:43:34.496000,28.6,21.0,1000.7,False,45.6,297,2.5,2025,19,United States Grand Prix
0 days 01:44:34.491000,28.6,21.0,1000.7,False,45.5,255,2.6,2025,19,United States Grand Prix
0 days 01:45:34.490000,28.6,21.0,1000.8,False,45.4,299,3.0,2025,19,United States Grand Prix
0 days 01:46:34.487000,28.5,21.0,1000.7,False,45.4,163,2.3,2025,19,United States Grand Prix
0 days 01:47:34.495000,28.5,21.0,1000.6,False,45.8,189,1.5,2025,19,United States Grand Prix
0 days 01:48:34.498000,28.6,21.0,1000.6,False,45.8,297,1.0,2025,19,United States Grand Prix
0 days 01:49:34.504000,28.8,21.0,1000.7,False,45.8,343,1.2,2025,19,United States Grand Prix
0 days 01:50:34.499000,28.9,21.0,1000.7,False,45.9,246,1.4,2025,19,United States Grand Prix
0 days 01:51:34.495000,28.9,21.0,1000.7,False,45.9,295,2.7,2025,19,United States Grand Prix
0 days 01:52:34.493000,28.8,21.0,1000.7,False,45.7,233,2.0,2025,19,United States Grand Prix
0 days 01:53:34.494000,28.7,21.0,1000.7,False,45.9,203,1.3,2025,19,United States Grand Prix
0 days 01:54:34.505000,28.6,21.0,1000.7,False,45.9,4,1.2,2025,19,United States Grand Prix
0 days 01:55:34.502000,28.5,21.0,1000.6,False,45.9,257,2.0,2025,19,United States Grand Prix
0 days 01:56:34.512000,28.6,21.0,1000.7,False,45.7,0,1.1,2025,19,United States Grand Prix
0 days 01:57:34.507000,28.6,21.0,1000.6,False,45.7,251,1.3,2025,19,United States Grand Prix
0 days 01:58:34.506000,28.9,21.0,1000.6,False,45.8,270,1.0,2025,19,United States Grand Prix
0 days 01:59:34.506000,29.0,21.0,1000.6,False,45.9,250,1.2,2025,19,United States Grand Prix
0 days 02:00:34.508000,29.1,20.0,1000.5,False,45.8,160,1.9,2025,19,United States Grand Prix
0 days 02:01:34.510000,29.1,21.0,1000.6,False,45.9,269,1.7,2025,19,United States Grand Prix
0 days 02:02:34.507000,29.0,21.0,1000.5,False,45.5,286,2.4,2025,19,United States Grand Prix
0 days 02:03:34.538000,29.0,21.0,1000.6,False,45.6,241,2.0,2025,19,United States Grand Prix
0 days 02:04:34.554000,28.9,20.0,1000.6,False,45.8,297,1.4,2025,19,United States Grand Prix
0 days 02:05:34.551000,29.0,20.0,1000.6,False,45.6,277,1.6,2025,19,United States Grand Prix
0 days 02:06:34.592000,29.1,20.0,1000.6,False,45.7,283,1.0,2025,19,United States Grand Prix
0 days 02:07:34.608000,29.3,20.0,1000.5,False,45.8,267,1.3,2025,19,United States Grand Prix
0 days 02:08:34.612000,29.2,20.0,1000.6,False,45.6,261,3.2,2025,19,United States Grand Prix
0 days 02:09:34.621000,29.1,21.0,1000.5,False,45.3,248,3.0,2025,19,United States Grand Prix
0 days 02:10:34.638000,29.1,21.0,1000.6,False,45.3,262,2.0,2025,19,United States Grand Prix
0 days 02:11:34.639000,29.1,21.0,1000.7,False,45.4,56,1.5,2025,19,United States Grand Prix
0 days 02:12:34.638000,29.0,21.0,1000.6,False,45.7,269,1.0,2025,19,United States Grand Prix
0 days 02:13:34.639000,29.0,21.0,1000.4,False,45.7,163,1.4,2025,19,United States Grand Prix
0 days 02:14:34.644000,29.0,21.0,1000.6,False,45.5,294,1.8,2025,19,United States Grand Prix
0 days 02:15:34.639000,29.0,21.0,1000.5,False,45.3,272,2.0,2025,19,United States Grand Prix
0 days 02:16:34.641000,29.0,21.0,1000.5,False,45.3,258,1.2,2025,19,United States Grand Prix
0 days 02:17:34.654000,29.0,21.0,1000.5,False,45.6,132,1.3,2025,19,United States Grand Prix
0 days 02:18:34.640000,29.0,21.0,1000.5,False,45.6,147,0.7,2025,19,United States Grand Prix
0 days 02:19:34.641000,29.0,21.0,1000.5,False,45.6,147,0.7,2025,19,United States Grand Prix
0 days 02:20:34.662000,29.2,21.0,1000.5,False,45.6,147,0.7,2025,19,United States Grand Prix
0 days 02:21:34.643000,29.3,21.0,1000.5,False,45.7,154,0.9,2025,19,United States Grand Prix
0 days 02:22:34.654000,29.3,21.0,1000.6,False,45.8,258,1.4,2025,19,United States Grand Prix
0 days 02:23:34.653000,29.1,21.0,1000.5,False,45.7,244,1.7,2025,19,United States Grand Prix
0 days 02:24:34.655000,29.1,21.0,1000.5,False,45.7,258,1.2,2025,19,United States Grand Prix
0 days 02:25:34.655000,29.2,21.0,1000.6,False,45.6,182,1.0,2025,19,United States Grand Prix
0 days 02:26:34.654000,29.2,20.0,1000.6,False,45.6,285,1.7,2025,19,United States Grand Prix
0 days 02:27:34.654000,29.2,20.0,1000.6,False,45.3,255,2.8,2025,19,United States Grand Prix
0 days 02:28:34.670000,29.2,21.0,1000.6,False,44.8,265,3.4,2025,19,United States Grand Prix
0 days 02:29:34.682000,29.1,21.0,1000.5,False,44.8,252,3.3,2025,19,United States Grand Prix
0 days 02:30:34.706000,29.0,21.0,1000.5,False,45.0,252,2.5,2025,19,United States Grand Prix
0 days 02:31:34.704000,29.0,21.0,1000.5,False,44.9,185,2.0,2025,19,United States Grand Prix
0 days 02:32:34.706000,29.1,21.0,1000.5,False,44.9,251,1.6,2025,19,United States Grand Prix
0 days 02:33:34.705000,29.0,21.0,1000.6,False,45.0,159,1.6,2025,19,United States Grand Prix
0 days 00:00:18.513000,25.5,26.0,781.8,False,51.4,288,2.3,2025,20,Mexico City Grand Prix
0 days 00:01:18.505000,25.6,26.0,781.8,False,51.4,303,1.8,2025,20,Mexico City Grand Prix
0 days 00:02:18.508000,25.5,26.0,781.8,False,51.6,0,1.0,2025,20,Mexico City Grand Prix
0 days 00:03:18.507000,25.5,25.0,781.7,False,51.8,22,0.4,2025,20,Mexico City Grand Prix
0 days 00:04:18.507000,25.5,25.0,781.8,False,52.1,135,1.0,2025,20,Mexico City Grand Prix
0 days 00:05:18.507000,25.6,25.0,781.8,False,52.1,162,2.2,2025,20,Mexico City Grand Prix
0 days 00:06:18.504000,25.6,25.0,781.7,False,52.3,117,2.3,2025,20,Mexico City Grand Prix
0 days 00:07:18.508000,25.5,25.0,781.7,False,52.8,120,2.5,2025,20,Mexico City Grand Prix
0 days 00:08:18.512000,25.5,25.0,781.6,False,53.1,131,1.3,2025,20,Mexico City Grand Prix
0 days 00:09:18.508000,25.4,25.0,781.6,False,53.1,113,2.8,2025,20,Mexico City Grand Prix
0 days 00:10:18.510000,25.4,25.0,781.7,False,53.1,132,1.6,2025,20,Mexico City Grand Prix
0 days 00:11:18.510000,25.4,25.0,781.6,False,53.1,148,1.3,2025,20,Mexico City Grand Prix
0 days 00:12:18.513000,25.4,25.0,781.5,False,53.2,291,2.3,2025,20,Mexico City Grand Prix
0 days 00:13:18.512000,25.5,24.0,781.6,False,53.1,317,1.8,2025,20,Mexico City Grand Prix
0 days 00:14:18.522000,25.6,24.0,781.6,False,53.1,216,2.0,2025,20,Mexico City Grand Prix
0 days 00:15:18.521000,25.6,24.0,781.6,False,53.1,287,1.4,2025,20,Mexico City Grand Prix
0 days 00:16:18.510000,25.7,24.0,781.6,False,52.8,337,1.4,2025,20,Mexico City Grand Prix
0 days 00:17:18.514000,25.8,24.0,781.5,False,52.8,310,0.8,2025,20,Mexico City Grand Prix
0 days 00:18:18.519000,25.6,24.0,781.6,False,52.8,244,0.6,2025,20,Mexico City Grand Prix
0 days 00:19:18.513000,25.6,24.0,781.5,False,53.1,238,1.4,2025,20,Mexico City Grand Prix
0 days 00:20:18.525000,25.6,25.0,781.5,False,53.1,226,1.6,2025,20,Mexico City Grand Prix
0 days 00:21:18.524000,25.8,25.0,781.4,False,52.6,0,1.3,2025,20,Mexico City Grand Prix
0 days 00:22:18.520000,25.9,24.0,781.4,False,53.1,149,1.5,2025,20,Mexico City Grand Prix
0 days 00:23:18.518000,26.0,24.0,781.4,False,52.5,141,1.3,2025,20,Mexico City Grand Prix
0 days 00:24:18.525000,26.0,25.0,781.4,False,52.5,144,1.8,2025,20,Mexico City Grand Prix
0 days 00:25:18.527000,25.9,25.0,781.3,False,52.7,43,1.1,2025,20,Mexico City Grand Prix
0 days 00:26:18.560000,25.9,25.0,781.4,False,52.7,219,1.4,2025,20,Mexico City Grand Prix
0 days 00:27:18.527000,25.9,25.0,781.4,False,52.9,330,1.6,2025,20,Mexico City Grand Prix
0 days 00:28:18.526000,25.8,25.0,781.4,False,53.0,302,1.7,2025,20,Mexico City Grand Prix
0 days 00:29:18.526000,25.8,24.0,781.3,False,53.0,300,2.1,2025,20,Mexico City Grand Prix
0 days 00:30:18.528000,25.9,24.0,781.4,False,53.0,279,1.8,2025,20,Mexico City Grand Prix
0 days 00:31:18.543000,25.8,25.0,781.4,False,52.6,318,1.0,2025,20,Mexico City Grand Prix
0 days 00:32:18.531000,25.9,24.0,781.4,False,52.8,228,0.9,2025,20,Mexico City Grand Prix
0 days 00:33:18.528000,26.0,24.0,781.3,False,52.8,270,1.6,2025,20,Mexico City Grand Prix
0 days 00:34:18.528000,25.8,24.0,781.3,False,52.7,293,1.1,2025,20,Mexico City Grand Prix
0 days 00:35:18.528000,25.9,24.0,781.3,False,52.4,293,2.2,2025,20,Mexico City Grand Prix
0 days 00:36:18.534000,25.9,25.0,781.2,False,52.4,268,2.6,2025,20,Mexico City Grand Prix
0 days 00:37:18.525000,26.0,26.0,781.3,False,52.5,259,2.2,2025,20,Mexico City Grand Prix
0 days 00:38:18.533000,25.9,26.0,781.1,False,52.6,250,2.4,2025,20,Mexico City Grand Prix
0 days 00:39:18.533000,25.9,26.0,781.3,False,53.0,246,1.8,2025,20,Mexico City Grand Prix
0 days 00:40:18.531000,25.8,25.0,781.2,False,53.0,142,1.9,2025,20,Mexico City Grand Prix
0 days 00:41:18.537000,25.6,25.0,781.2,False,52.8,193,1.6,2025,20,Mexico City Grand Prix
0 days 00:42:18.532000,25.6,24.0,781.2,False,52.8,170,2.7,2025,20,Mexico City Grand Prix
0 days 00:43:18.546000,25.6,25.0,781.2,False,52.9,230,1.3,2025,20,Mexico City Grand Prix
0 days 00:44:18.531000,25.6,25.0,781.2,False,53.1,121,0.0,2025,20,Mexico City Grand Prix
0 days 00:45:18.542000,25.7,25.0,781.1,False,52.8,162,1.6,2025,20,Mexico City Grand Prix
0 days 00:46:18.532000,25.8,25.0,781.1,False,52.7,39,2.5,2025,20,Mexico City Grand Prix
0 days 00:47:18.544000,25.9,26.0,781.1,False,52.8,308,1.2,2025,20,Mexico City Grand Prix
0 days 00:48:18.533000,26.0,25.0,781.1,False,53.1,207,2.3,2025,20,Mexico City Grand Prix
0 days 00:49:18.533000,26.1,25.0,781.0,False,52.9,224,2.7,2025,20,Mexico City Grand Prix
0 days 00:50:18.535000,26.1,25.0,781.0,False,52.8,228,2.3,2025,20,Mexico City Grand Prix
0 days 00:51:18.551000,26.2,25.0,781.1,False,52.6,129,3.4,2025,20,Mexico City Grand Prix
0 days 00:52:18.541000,26.1,26.0,781.1,False,52.5,256,2.4,2025,20,Mexico City Grand Prix
0 days 00:53:18.548000,26.3,26.0,781.2,False,52.2,265,1.0,2025,20,Mexico City Grand Prix
0 days 00:54:18.550000,26.2,25.0,781.0,False,52.3,274,1.4,2025,20,Mexico City Grand Prix
0 days 00:55:18.550000,26.2,25.0,781.1,False,52.2,283,2.3,2025,20,Mexico City Grand Prix
0 days 00:56:18.548000,26.2,25.0,781.0,False,52.1,212,1.6,2025,20,Mexico City Grand Prix
0 days 00:57:18.553000,26.3,25.0,781.0,False,52.0,168,1.3,2025,20,Mexico City Grand Prix
0 days 00:58:18.545000,26.3,26.0,781.0,False,51.9,243,2.3,2025,20,Mexico City Grand Prix
0 days 00:59:18.547000,26.1,26.0,781.0,False,52.0,238,1.0,2025,20,Mexico City Grand Prix
0 days 01:00:18.540000,26.2,25.0,780.9,False,52.0,165,1.7,2025,20,Mexico City Grand Prix
0 days 01:01:18.545000,26.3,26.0,781.0,False,52.1,103,1.9,2025,20,Mexico City Grand Prix
0 days 01:02:18.555000,26.4,25.0,780.8,False,52.7,108,1.8,2025,20,Mexico City Grand Prix
0 days 01:03:18.556000,26.4,25.0,781.0,False,52.6,299,1.7,2025,20,Mexico City Grand Prix
0 days 01:04:18.554000,26.4,24.0,780.9,False,52.2,237,1.8,2025,20,Mexico City Grand Prix
0 days 01:05:18.562000,26.4,25.0,780.9,False,52.2,278,1.9,2025,20,Mexico City Grand Prix
0 days 01:06:18.559000,26.4,24.0,780.9,False,52.0,267,1.5,2025,20,Mexico City Grand Prix
0 days 01:07:18.554000,26.4,25.0,780.9,False,51.9,258,2.7,2025,20,Mexico City Grand Prix
0 days 01:08:18.556000,26.4,24.0,780.9,False,51.8,273,3.1,2025,20,Mexico City Grand Prix
0 days 01:09:18.561000,26.5,24.0,780.8,False,51.7,297,1.9,2025,20,Mexico City Grand Prix
0 days 01:10:18.558000,26.5,24.0,780.8,False,51.7,297,1.9,2025,20,Mexico City Grand Prix
0 days 01:11:18.559000,26.6,24.0,780.8,False,51.7,297,1.9,2025,20,Mexico City Grand Prix
0 days 01:12:18.560000,26.6,24.0,780.8,False,51.1,289,2.6,2025,20,Mexico City Grand Prix
0 days 01:13:18.558000,26.8,24.0,780.8,False,51.5,273,1.6,2025,20,Mexico City Grand Prix
0 days 01:14:18.566000,26.8,24.0,780.8,False,51.4,268,2.4,2025,20,Mexico City Grand Prix
0 days 01:15:18.568000,26.6,24.0,780.9,False,51.3,274,3.0,2025,20,Mexico City Grand Prix
0 days 01:16:18.557000,26.6,24.0,780.9,False,51.4,275,1.8,2025,20,Mexico City Grand Prix
0 days 01:17:18.551000,26.6,24.0,780.7,False,51.4,300,1.4,2025,20,Mexico City Grand Prix
0 days 01:18:18.562000,26.8,24.0,780.8,False,51.3,256,1.7,2025,20,Mexico City Grand Prix
0 days 01:19:18.552000,26.8,24.0,780.7,False,51.4,237,2.7,2025,20,Mexico City Grand Prix
0 days 01:20:18.568000,26.6,24.0,780.8,False,51.5,249,1.7,2025,20,Mexico City Grand Prix
0 days 01:21:18.561000,26.6,23.0,780.8,False,51.5,248,3.6,2025,20,Mexico City Grand Prix
0 days 01:22:18.571000,26.8,24.0,780.9,False,51.4,249,2.2,2025,20,Mexico City Grand Prix
0 days 01:23:18.566000,26.8,24.0,780.9,False,51.4,263,2.1,2025,20,Mexico City Grand Prix
0 days 01:24:18.566000,26.9,24.0,780.9,False,51.3,285,3.6,2025,20,Mexico City Grand Prix
0 days 01:25:18.562000,26.8,24.0,780.8,False,50.7,242,1.8,2025,20,Mexico City Grand Prix
0 days 01:26:18.571000,26.7,24.0,780.8,False,50.4,286,1.4,2025,20,Mexico City Grand Prix
0 days 01:27:18.574000,26.7,23.0,780.8,False,50.4,298,1.0,2025,20,Mexico City Grand Prix
0 days 01:28:18.617000,26.7,24.0,780.7,False,50.3,292,0.6,2025,20,Mexico City Grand Prix
0 days 01:29:18.603000,26.6,24.0,780.8,False,50.4,199,1.4,2025,20,Mexico City Grand Prix
0 days 01:30:18.586000,26.6,23.0,780.8,False,50.7,180,1.7,2025,20,Mexico City Grand Prix
0 days 01:31:18.608000,26.5,23.0,780.7,False,50.7,248,1.6,2025,20,Mexico City Grand Prix
0 days 01:32:18.605000,26.5,23.0,780.7,False,50.7,296,1.9,2025,20,Mexico City Grand Prix
0 days 01:33:18.607000,26.5,23.0,780.8,False,51.0,145,1.6,2025,20,Mexico City Grand Prix
0 days 01:34:18.614000,26.5,23.0,780.7,False,51.0,151,1.5,2025,20,Mexico City Grand Prix
0 days 01:35:18.663000,26.6,23.0,780.7,False,50.6,256,1.8,2025,20,Mexico City Grand Prix
0 days 01:36:18.629000,26.6,23.0,780.6,False,50.6,279,2.6,2025,20,Mexico City Grand Prix
0 days 01:37:18.648000,26.6,23.0,780.6,False,50.7,233,2.9,2025,20,Mexico City Grand Prix
0 days 01:38:18.636000,26.5,23.0,780.7,False,50.7,183,3.2,2025,20,Mexico City Grand Prix
0 days 01:39:18.632000,26.4,23.0,780.6,False,50.3,254,1.7,2025,20,Mexico City Grand Prix
0 days 01:40:18.620000,26.5,23.0,780.5,False,50.3,239,1.5,2025,20,Mexico City Grand Prix
0 days 01:41:18.633000,26.6,23.0,780.5,False,50.6,158,1.1,2025,20,Mexico City Grand Prix
0 days 01:42:18.650000,26.7,22.0,780.6,False,50.8,246,2.2,2025,20,Mexico City Grand Prix
0 days 01:43:18.670000,27.0,22.0,780.7,False,50.6,21,0.7,2025,20,Mexico City Grand Prix
0 days 01:44:18.683000,26.9,21.0,780.6,False,50.5,306,1.4,2025,20,Mexico City Grand Prix
0 days 01:45:18.676000,26.8,21.0,780.5,False,50.4,252,1.6,2025,20,Mexico City Grand Prix
0 days 01:46:18.691000,26.6,21.0,780.5,False,50.4,283,2.1,2025,20,Mexico City Grand Prix
0 days 01:47:18.692000,26.8,21.0,780.5,False,50.6,262,2.1,2025,20,Mexico City Grand Prix
0 days 01:48:18.680000,26.8,21.0,780.6,False,50.6,203,2.1,2025,20,Mexico City Grand Prix
0 days 01:49:18.691000,26.8,20.0,780.6,False,50.4,237,2.3,2025,20,Mexico City Grand Prix
0 days 01:50:18.688000,26.6,21.0,780.6,False,49.9,201,2.7,2025,20,Mexico City Grand Prix
0 days 01:51:18.717000,26.5,21.0,780.6,False,49.6,178,1.7,2025,20,Mexico City Grand Prix
0 days 01:52:18.717000,26.5,21.0,780.6,False,50.2,247,1.1,2025,20,Mexico City Grand Prix
0 days 01:53:18.731000,26.5,21.0,780.5,False,50.1,243,1.7,2025,20,Mexico City Grand Prix
0 days 01:54:18.716000,26.6,21.0,780.5,False,49.7,144,1.2,2025,20,Mexico City Grand Prix
0 days 01:55:18.719000,26.8,20.0,780.6,False,49.6,126,1.5,2025,20,Mexico City Grand Prix
0 days 01:56:18.717000,26.9,20.0,780.5,False,49.4,113,1.1,2025,20,Mexico City Grand Prix
0 days 01:57:18.721000,27.0,20.0,780.5,False,49.3,201,0.6,2025,20,Mexico City Grand Prix
0 days 01:58:18.726000,27.0,21.0,780.5,False,49.1,333,0.6,2025,20,Mexico City Grand Prix
0 days 01:59:18.732000,26.9,21.0,780.5,False,49.1,295,1.6,2025,20,Mexico City Grand Prix
0 days 02:00:18.718000,26.8,21.0,780.5,False,49.1,300,1.1,2025,20,Mexico City Grand Prix
0 days 02:01:18.718000,26.8,22.0,780.5,False,49.1,272,2.5,2025,20,Mexico City Grand Prix
0 days 02:02:18.735000,27.0,22.0,780.5,False,49.1,265,2.3,2025,20,Mexico City Grand Prix
0 days 02:03:18.719000,27.1,21.0,780.5,False,48.9,246,2.9,2025,20,Mexico City Grand Prix
0 days 02:04:18.723000,27.1,21.0,780.5,False,48.3,249,2.1,2025,20,Mexico City Grand Prix
0 days 02:05:18.727000,27.1,22.0,780.5,False,48.1,262,3.2,2025,20,Mexico City Grand Prix
0 days 02:06:18.732000,27.1,22.0,780.5,False,48.1,261,2.1,2025,20,Mexico City Grand Prix
0 days 02:07:18.735000,27.1,21.0,780.5,False,48.1,245,3.9,2025,20,Mexico City Grand Prix
0 days 02:08:18.732000,27.1,22.0,780.5,False,48.0,277,3.2,2025,20,Mexico City Grand Prix
0 days 02:09:18.726000,27.0,22.0,780.6,False,47.9,280,2.7,2025,20,Mexico City Grand Prix
0 days 02:10:18.730000,26.9,22.0,780.5,False,47.8,262,3.0,2025,20,Mexico City Grand Prix
0 days 02:11:18.738000,26.9,22.0,780.5,False,47.8,259,2.2,2025,20,Mexico City Grand Prix
0 days 02:12:18.733000,26.9,22.0,780.5,False,48.0,294,2.0,2025,20,Mexico City Grand Prix
0 days 02:13:18.730000,26.9,22.0,780.5,False,48.0,253,2.0,2025,20,Mexico City Grand Prix
0 days 02:14:18.736000,26.8,22.0,780.5,False,47.8,273,2.2,2025,20,Mexico City Grand Prix
0 days 02:15:18.737000,26.8,22.0,780.4,False,47.9,288,1.5,2025,20,Mexico City Grand Prix
0 days 02:16:18.737000,26.8,22.0,780.5,False,47.5,285,2.5,2025,20,Mexico City Grand Prix
0 days 02:17:18.735000,26.8,22.0,780.6,False,47.5,237,1.6,2025,20,Mexico City Grand Prix
0 days 02:18:18.739000,26.9,22.0,780.5,False,47.7,275,0.9,2025,20,Mexico City Grand Prix
0 days 02:19:18.738000,27.0,22.0,780.4,False,47.7,284,2.6,2025,20,Mexico City Grand Prix
0 days 02:20:18.740000,27.1,22.0,780.4,False,47.6,288,3.3,2025,20,Mexico City Grand Prix
0 days 02:21:18.739000,27.1,22.0,780.5,False,47.4,287,3.4,2025,20,Mexico City Grand Prix
0 days 02:22:18.737000,27.0,22.0,780.5,False,46.9,247,1.4,2025,20,Mexico City Grand Prix
0 days 02:23:18.742000,27.0,22.0,780.4,False,47.0,222,1.4,2025,20,Mexico City Grand Prix
0 days 02:24:18.734000,27.0,21.0,780.4,False,47.1,277,2.1,2025,20,Mexico City Grand Prix
0 days 02:25:18.752000,26.9,20.0,780.4,False,47.1,245,1.2,2025,20,Mexico City Grand Prix
0 days 02:26:18.751000,27.0,21.0,780.4,False,46.8,287,1.2,2025,20,Mexico City Grand Prix
0 days 02:27:18.741000,27.0,21.0,780.5,False,46.7,257,1.4,2025,20,Mexico City Grand Prix
0 days 02:28:18.749000,27.1,21.0,780.5,False,46.7,249,3.0,2025,20,Mexico City Grand Prix
0 days 02:29:18.742000,27.0,20.0,780.4,False,46.7,157,1.5,2025,20,Mexico City Grand Prix
0 days 02:30:18.766000,26.9,20.0,780.4,False,46.7,146,2.3,2025,20,Mexico City Grand Prix
0 days 02:31:18.782000,26.9,20.0,780.3,False,46.5,264,1.0,2025,20,Mexico City Grand Prix
0 days 02:32:18.793000,26.9,20.0,780.4,False,46.5,117,1.5,2025,20,Mexico City Grand Prix
0 days 02:33:18.805000,26.8,20.0,780.4,False,46.1,174,1.7,2025,20,Mexico City Grand Prix
0 days 02:34:18.785000,26.8,21.0,780.4,False,45.8,237,2.0,2025,20,Mexico City Grand Prix
0 days 02:35:18.792000,26.8,21.0,780.5,False,45.8,308,1.6,2025,20,Mexico City Grand Prix
0 days 02:36:18.843000,26.9,21.0,780.4,False,45.7,147,1.0,2025,20,Mexico City Grand Prix
0 days 02:37:18.810000,26.9,20.0,780.3,False,45.7,264,1.2,2025,20,Mexico City Grand Prix
0 days 02:38:18.795000,26.9,20.0,780.4,False,45.7,247,2.2,2025,20,Mexico City Grand Prix
0 days 02:39:18.809000,26.9,20.0,780.4,False,45.7,245,2.4,2025,20,Mexico City Grand Prix
0 days 02:40:18.811000,27.0,21.0,780.4,False,45.7,285,0.8,2025,20,Mexico City Grand Prix
0 days 02:41:18.846000,27.0,20.0,780.3,False,45.8,284,1.4,2025,20,Mexico City Grand Prix
0 days 00:01:01.035000,17.9,70.0,929.9,False,32.7,124,1.0,2025,21,São Paulo Grand Prix
0 days 00:02:01.033000,17.9,70.0,929.9,False,32.7,160,1.3,2025,21,São Paulo Grand Prix
0 days 00:03:01.033000,17.9,70.0,930.0,False,32.8,178,1.5,2025,21,São Paulo Grand Prix
0 days 00:04:01.035000,18.0,70.0,929.9,False,32.8,158,2.0,2025,21,São Paulo Grand Prix
0 days 00:05:01.034000,17.9,70.0,930.0,False,32.3,177,1.9,2025,21,São Paulo Grand Prix
0 days 00:06:01.035000,17.9,71.0,930.0,False,32.2,194,1.8,2025,21,São Paulo Grand Prix
0 days 00:07:01.043000,17.9,71.0,929.9,False,31.6,181,2.0,2025,21,São Paulo Grand Prix
0 days 00:08:01.037000,17.9,71.0,929.9,False,31.2,154,2.7,2025,21,São Paulo Grand Prix
0 days 00:09:01.036000,17.8,72.0,930.0,False,30.7,203,2.2,2025,21,São Paulo Grand Prix
0 days 00:10:01.043000,17.8,73.0,929.9,False,30.4,194,2.1,2025,21,São Paulo Grand Prix
0 days 00:11:01.035000,17.6,74.0,929.9,False,30.0,141,1.7,2025,21,São Paulo Grand Prix
0 days 00:12:01.037000,17.5,73.0,929.9,False,29.8,203,2.4,2025,21,São Paulo Grand Prix
0 days 00:13:01.036000,17.4,73.0,929.9,False,29.7,196,2.2,2025,21,São Paulo Grand Prix
0 days 00:14:01.036000,17.2,73.0,929.8,False,29.7,206,1.7,2025,21,São Paulo Grand Prix
0 days 00:15:01.036000,17.1,73.0,929.8,False,29.7,153,1.7,2025,21,São Paulo Grand Prix
0 days 00:16:01.049000,17.0,73.0,930.0,False,29.6,189,2.4,2025,21,São Paulo Grand Prix
0 days 00:17:01.042000,17.0,73.0,929.9,False,29.5,156,2.2,2025,21,São Paulo Grand Prix
0 days 00:18:01.058000,17.0,74.0,929.9,False,29.5,200,1.5,2025,21,São Paulo Grand Prix
0 days 00:19:01.067000,17.0,74.0,929.9,False,29.5,190,1.6,2025,21,São Paulo Grand Prix
0 days 00:20:01.080000,17.1,75.0,929.9,False,29.5,0,0.8,2025,21,São Paulo Grand Prix
0 days 00:21:01.103000,17.1,74.0,929.9,False,29.8,335,0.6,2025,21,São Paulo Grand Prix
0 days 00:22:01.093000,17.0,73.0,929.9,False,29.8,147,1.0,2025,21,São Paulo Grand Prix
0 days 00:23:01.093000,17.0,73.0,929.9,False,29.7,181,0.9,2025,21,São Paulo Grand Prix
0 days 00:24:01.109000,17.0,73.0,929.9,False,29.6,183,1.3,2025,21,São Paulo Grand Prix
0 days 00:25:01.125000,16.9,74.0,929.9,False,29.4,128,1.2,2025,21,São Paulo Grand Prix
0 days 00:26:01.139000,16.8,75.0,930.0,False,29.4,202,1.8,2025,21,São Paulo Grand Prix
0 days 00:27:01.132000,16.8,74.0,929.9,False,29.3,177,1.0,2025,21,São Paulo Grand Prix
0 days 00:28:01.129000,16.8,75.0,929.9,False,29.4,199,1.0,2025,21,São Paulo Grand Prix
0 days 00:29:01.157000,16.7,75.0,930.0,False,29.5,161,1.7,2025,21,São Paulo Grand Prix
0 days 00:30:01.176000,16.7,75.0,929.9,False,29.8,194,0.9,2025,21,São Paulo Grand Prix
0 days 00:31:01.180000,16.6,73.0,929.9,False,29.8,206,1.6,2025,21,São Paulo Grand Prix
0 days 00:32:01.179000,16.6,73.0,929.9,False,29.8,176,1.8,2025,21,São Paulo Grand Prix
0 days 00:33:01.177000,16.6,72.0,929.9,False,29.9,177,1.6,2025,21,São Paulo Grand Prix
0 days 00:34:01.170000,16.7,72.0,929.9,False,30.1,167,2.2,2025,21,São Paulo Grand Prix
0 days 00:35:01.173000,16.9,72.0,929.8,False,30.4,161,0.7,2025,21,São Paulo Grand Prix
0 days 00:36:01.166000,17.0,71.0,929.9,False,30.4,129,1.3,2025,21,São Paulo Grand Prix
0 days 00:37:01.179000,17.0,71.0,929.9,False,30.4,178,1.2,2025,21,São Paulo Grand Prix
0 days 00:38:01.181000,17.1,72.0,929.9,False,30.5,138,2.1,2025,21,São Paulo Grand Prix
0 days 00:39:01.174000,17.1,72.0,929.9,False,30.4,197,2.4,2025,21,São Paulo Grand Prix
0 days 00:40:01.184000,17.1,73.0,929.9,False,30.4,133,1.6,2025,21,São Paulo Grand Prix
0 days 00:41:01.180000,17.2,72.0,929.9,False,30.7,171,0.7,2025,21,São Paulo Grand Prix
0 days 00:42:01.186000,17.3,71.0,929.8,False,31.0,162,0.6,2025,21,São Paulo Grand Prix
0 days 00:43:01.189000,17.3,70.0,929.8,False,31.1,125,1.0,2025,21,São Paulo Grand Prix
0 days 00:44:01.195000,17.4,70.0,929.8,False,30.9,203,1.1,2025,21,São Paulo Grand Prix
0 days 00:45:01.219000,17.5,71.0,929.8,False,30.8,154,0.9,2025,21,São Paulo Grand Prix
0 days 00:46:01.238000,17.4,70.0,929.9,False,31.0,170,0.9,2025,21,São Paulo Grand Prix
0 days 00:47:01.238000,17.4,70.0,929.8,False,31.2,144,1.1,2025,21,São Paulo Grand Prix
0 days 00:48:01.238000,17.5,70.0,929.8,False,31.1,212,1.1,2025,21,São Paulo Grand Prix
0 days 00:49:01.235000,17.5,70.0,929.8,False,30.7,149,1.9,2025,21,São Paulo Grand Prix
0 days 00:50:01.247000,17.5,70.0,929.9,False,30.7,162,1.1,2025,21,São Paulo Grand Prix
0 days 00:51:01.270000,17.5,70.0,929.8,False,30.8,122,0.9,2025,21,São Paulo Grand Prix
0 days 00:52:01.286000,17.5,69.0,929.7,False,30.9,130,0.4,2025,21,São Paulo Grand Prix
0 days 00:53:01.289000,17.5,69.0,929.8,False,30.9,149,1.4,2025,21,São Paulo Grand Prix
0 days 00:54:01.269000,17.5,70.0,929.8,False,30.8,171,1.1,2025,21,São Paulo Grand Prix
0 days 00:55:01.282000,17.5,70.0,929.9,False,31.1,162,0.6,2025,21,São Paulo Grand Prix
0 days 00:56:01.290000,17.5,70.0,929.8,False,30.7,0,1.7,2025,21,São Paulo Grand Prix
0 days 00:57:01.288000,17.5,69.0,929.8,False,30.8,123,0.4,2025,21,São Paulo Grand Prix
0 days 00:58:01.301000,17.5,70.0,929.9,False,30.7,158,1.7,2025,21,São Paulo Grand Prix
0 days 00:59:01.321000,17.5,70.0,929.8,False,30.7,161,1.9,2025,21,São Paulo Grand Prix
0 days 01:00:01.326000,17.5,70.0,929.9,False,30.6,140,1.1,2025,21,São Paulo Grand Prix
0 days 01:01:01.324000,17.5,70.0,929.8,False,30.5,175,1.4,2025,21,São Paulo Grand Prix
0 days 01:02:01.326000,17.4,70.0,929.9,False,30.5,152,1.8,2025,21,São Paulo Grand Prix
0 days 01:03:01.327000,17.4,70.0,929.9,False,30.5,118,1.3,2025,21,São Paulo Grand Prix
0 days 01:04:01.330000,17.4,71.0,929.9,False,30.5,139,1.3,2025,21,São Paulo Grand Prix
0 days 01:05:01.325000,17.4,71.0,929.9,False,30.4,155,1.5,2025,21,São Paulo Grand Prix
0 days 01:06:01.326000,17.3,71.0,929.9,False,30.5,219,1.8,2025,21,São Paulo Grand Prix
0 days 01:07:01.323000,17.3,70.0,929.8,False,30.4,192,2.0,2025,21,São Paulo Grand Prix
0 days 01:08:01.335000,17.3,71.0,929.9,False,30.3,220,1.7,2025,21,São Paulo Grand Prix
0 days 01:09:01.334000,17.2,71.0,929.9,False,30.5,169,1.0,2025,21,São Paulo Grand Prix
0 days 01:10:01.342000,17.3,70.0,929.8,False,30.5,181,1.2,2025,21,São Paulo Grand Prix
0 days 01:11:01.324000,17.3,70.0,929.9,False,30.2,182,1.5,2025,21,São Paulo Grand Prix
0 days 01:12:01.335000,17.3,70.0,929.8,False,30.1,143,0.9,2025,21,São Paulo Grand Prix
0 days 01:13:01.330000,17.3,70.0,929.9,False,30.1,0,0.9,2025,21,São Paulo Grand Prix
0 days 01:14:01.336000,17.3,69.0,929.9,False,30.1,173,2.1,2025,21,São Paulo Grand Prix
0 days 01:15:01.340000,17.3,69.0,929.9,False,30.2,174,1.8,2025,21,São Paulo Grand Prix
0 days 01:16:01.338000,17.4,69.0,929.8,False,30.3,179,1.2,2025,21,São Paulo Grand Prix
0 days 01:17:01.331000,17.5,69.0,929.8,False,30.4,212,1.3,2025,21,São Paulo Grand Prix
0 days 01:18:01.337000,17.5,69.0,929.8,False,30.4,353,0.9,2025,21,São Paulo Grand Prix
0 days 01:19:01.338000,17.5,68.0,929.8,False,30.7,181,0.6,2025,21,São Paulo Grand Prix
0 days 01:20:01.338000,17.5,68.0,929.8,False,30.7,173,1.5,2025,21,São Paulo Grand Prix
0 days 01:21:01.338000,17.6,68.0,929.7,False,30.8,0,0.4,2025,21,São Paulo Grand Prix
0 days 01:22:01.338000,17.6,67.0,929.8,False,31.0,197,2.0,2025,21,São Paulo Grand Prix
0 days 01:23:01.357000,17.6,68.0,929.7,False,30.9,157,1.9,2025,21,São Paulo Grand Prix
0 days 01:24:01.360000,17.6,68.0,929.7,False,31.3,158,1.5,2025,21,São Paulo Grand Prix
0 days 01:25:01.378000,17.6,68.0,929.7,False,31.3,168,2.2,2025,21,São Paulo Grand Prix
0 days 01:26:01.371000,17.6,69.0,929.7,False,31.4,150,1.3,2025,21,São Paulo Grand Prix
0 days 01:27:01.382000,17.7,68.0,929.7,False,31.4,160,1.1,2025,21,São Paulo Grand Prix
0 days 01:28:01.440000,17.7,67.0,929.6,False,31.7,165,1.5,2025,21,São Paulo Grand Prix
0 days 01:29:01.408000,17.7,67.0,929.6,False,31.7,185,1.9,2025,21,São Paulo Grand Prix
0 days 01:30:01.410000,17.7,68.0,929.6,False,31.5,149,1.3,2025,21,São Paulo Grand Prix
0 days 01:31:01.412000,17.7,67.0,929.7,False,31.1,181,1.6,2025,21,São Paulo Grand Prix
0 days 01:32:01.412000,17.7,67.0,929.6,False,31.1,170,1.6,2025,21,São Paulo Grand Prix
0 days 01:33:01.410000,17.6,69.0,929.7,False,30.8,179,1.8,2025,21,São Paulo Grand Prix
0 days 01:34:01.432000,17.6,68.0,929.7,False,31.0,220,1.5,2025,21,São Paulo Grand Prix
0 days 01:35:01.442000,17.5,68.0,929.7,False,31.1,174,1.7,2025,21,São Paulo Grand Prix
0 days 01:36:01.455000,17.5,68.0,929.6,False,31.2,0,1.4,2025,21,São Paulo Grand Prix
0 days 01:37:01.456000,17.5,68.0,929.6,False,31.1,164,0.7,2025,21,São Paulo Grand Prix
0 days 01:38:01.483000,17.5,67.0,929.6,False,31.0,257,1.1,2025,21,São Paulo Grand Prix
0 days 01:39:01.478000,17.5,68.0,929.6,False,30.8,140,1.5,2025,21,São Paulo Grand Prix
0 days 01:40:01.476000,17.4,68.0,929.7,False,30.9,194,1.1,2025,21,São Paulo Grand Prix
0 days 01:41:01.479000,17.5,68.0,929.6,False,30.9,204,1.5,2025,21,São Paulo Grand Prix
0 days 01:42:01.466000,17.5,68.0,929.6,False,30.8,127,0.6,2025,21,São Paulo Grand Prix
0 days 01:43:01.482000,17.4,68.0,929.6,False,30.4,188,1.7,2025,21,São Paulo Grand Prix
0 days 01:44:01.481000,17.4,69.0,929.6,False,30.3,167,2.4,2025,21,São Paulo Grand Prix
0 days 01:45:01.469000,17.4,69.0,929.6,False,30.3,143,1.3,2025,21,São Paulo Grand Prix
0 days 01:46:01.481000,17.3,70.0,929.6,False,30.3,199,1.7,2025,21,São Paulo Grand Prix
0 days 01:47:01.485000,17.3,70.0,929.6,False,30.3,175,2.4,2025,21,São Paulo Grand Prix
0 days 01:48:01.475000,17.3,71.0,929.5,False,30.2,183,1.0,2025,21,São Paulo Grand Prix
0 days 01:49:01.487000,17.2,71.0,929.5,False,30.2,201,1.7,2025,21,São Paulo Grand Prix
0 days 01:50:01.487000,17.2,71.0,929.6,False,30.1,139,1.4,2025,21,São Paulo Grand Prix
0 days 01:51:01.481000,17.2,70.0,929.4,False,30.3,170,1.0,2025,21,São Paulo Grand Prix
0 days 01:52:01.489000,17.2,70.0,929.5,False,30.3,196,1.2,2025,21,São Paulo Grand Prix
0 days 01:53:01.479000,17.2,71.0,929.4,False,30.2,140,1.7,2025,21,São Paulo Grand Prix
0 days 01:54:01.480000,17.2,71.0,929.4,False,30.2,132,1.3,2025,21,São Paulo Grand Prix
0 days 01:55:01.490000,17.2,71.0,929.6,False,30.2,187,1.5,2025,21,São Paulo Grand Prix
0 days 01:56:01.494000,17.2,71.0,929.5,False,30.2,167,1.8,2025,21,São Paulo Grand Prix
0 days 01:57:01.495000,17.1,71.0,929.5,False,30.0,187,2.0,2025,21,São Paulo Grand Prix
0 days 01:58:01.492000,17.1,71.0,929.5,False,30.2,183,1.6,2025,21,São Paulo Grand Prix
0 days 01:59:01.496000,17.1,71.0,929.3,False,30.3,156,1.1,2025,21,São Paulo Grand Prix
0 days 02:00:01.488000,17.1,70.0,929.4,False,30.6,204,0.9,2025,21,São Paulo Grand Prix
0 days 02:01:01.615000,17.2,69.0,929.4,False,30.6,161,1.0,2025,21,São Paulo Grand Prix
0 days 02:02:01.619000,17.2,69.0,929.4,False,30.5,150,2.2,2025,21,São Paulo Grand Prix
0 days 02:03:01.639000,17.2,70.0,929.4,False,30.4,143,1.9,2025,21,São Paulo Grand Prix
0 days 02:04:01.642000,17.3,70.0,929.4,False,30.6,126,1.3,2025,21,São Paulo Grand Prix
0 days 02:05:01.656000,17.4,71.0,929.4,False,30.8,156,2.7,2025,21,São Paulo Grand Prix
0 days 02:06:01.667000,17.5,71.0,929.4,False,31.2,168,1.2,2025,21,São Paulo Grand Prix
0 days 02:07:01.667000,17.5,70.0,929.5,False,31.4,171,1.9,2025,21,São Paulo Grand Prix
0 days 02:08:01.679000,17.5,70.0,929.4,False,31.4,0,1.7,2025,21,São Paulo Grand Prix
0 days 02:09:01.673000,17.5,70.0,929.4,False,31.4,170,0.9,2025,21,São Paulo Grand Prix
0 days 02:10:01.663000,17.4,70.0,929.5,False,31.5,171,1.7,2025,21,São Paulo Grand Prix
0 days 02:11:01.667000,17.4,70.0,929.4,False,31.4,194,2.0,2025,21,São Paulo Grand Prix
0 days 02:12:01.663000,17.5,71.0,929.5,False,31.1,207,1.7,2025,21,São Paulo Grand Prix
0 days 02:13:01.680000,17.5,71.0,929.5,False,31.1,165,1.7,2025,21,São Paulo Grand Prix
0 days 02:14:01.687000,17.4,71.0,929.4,False,31.4,267,1.9,2025,21,São Paulo Grand Prix
0 days 02:15:01.699000,17.5,70.0,929.4,False,31.8,182,1.8,2025,21,São Paulo Grand Prix
0 days 02:16:01.719000,17.5,70.0,929.4,False,31.8,169,2.8,2025,21,São Paulo Grand Prix
0 days 02:17:01.717000,17.4,72.0,929.4,False,31.2,245,2.9,2025,21,São Paulo Grand Prix
0 days 02:18:01.719000,17.3,72.0,929.5,False,31.2,198,1.8,2025,21,São Paulo Grand Prix
0 days 02:19:01.727000,17.2,72.0,929.5,False,31.0,194,2.7,2025,21,São Paulo Grand Prix
0 days 02:20:01.720000,17.3,72.0,929.5,False,31.0,128,2.5,2025,21,São Paulo Grand Prix
0 days 02:21:01.745000,17.3,72.0,929.5,False,30.9,203,1.4,2025,21,São Paulo Grand Prix
0 days 02:22:01.766000,17.2,72.0,929.5,False,31.0,144,1.6,2025,21,São Paulo Grand Prix
0 days 02:23:01.755000,17.3,72.0,929.4,False,31.0,179,1.4,2025,21,São Paulo Grand Prix
0 days 02:24:01.764000,17.3,72.0,929.4,False,31.0,146,2.1,2025,21,São Paulo Grand Prix
0 days 02:25:01.769000,17.2,72.0,929.4,False,31.0,130,1.9,2025,21,São Paulo Grand Prix
0 days 02:26:01.763000,17.2,71.0,929.4,False,31.2,148,1.8,2025,21,São Paulo Grand Prix
0 days 02:27:01.765000,17.2,71.0,929.5,False,31.3,155,1.4,2025,21,São Paulo Grand Prix
0 days 02:28:01.774000,17.2,72.0,929.5,False,31.3,165,1.9,2025,21,São Paulo Grand Prix
0 days 02:29:01.801000,17.4,71.0,929.5,False,31.5,190,1.1,2025,21,São Paulo Grand Prix
0 days 02:30:01.804000,17.4,71.0,929.5,False,31.5,189,2.1,2025,21,São Paulo Grand Prix
0 days 02:31:01.810000,17.4,70.0,929.4,False,31.3,122,1.0,2025,21,São Paulo Grand Prix
0 days 02:32:01.811000,17.4,70.0,929.4,False,31.4,196,0.7,2025,21,São Paulo Grand Prix
0 days 00:00:06.103000,16.9,38.0,942.1,False,18.0,126,0.7,2025,22,Las Vegas Grand Prix
0 days 00:01:06.100000,16.9,38.0,942.1,False,17.6,133,0.7,2025,22,Las Vegas Grand Prix
0 days 00:02:06.103000,16.9,38.0,942.2,False,17.6,80,0.6,2025,22,Las Vegas Grand Prix
0 days 00:03:06.103000,16.9,38.0,942.1,False,17.7,62,0.0,2025,22,Las Vegas Grand Prix
0 days 00:04:06.105000,16.9,38.0,942.1,False,17.7,269,1.1,2025,22,Las Vegas Grand Prix
0 days 00:05:06.106000,16.9,38.0,942.1,False,17.9,66,0.7,2025,22,Las Vegas Grand Prix
0 days 00:06:06.105000,17.0,37.0,942.0,False,17.8,0,0.6,2025,22,Las Vegas Grand Prix
0 days 00:07:06.105000,17.0,37.0,942.1,False,17.9,179,0.3,2025,22,Las Vegas Grand Prix
0 days 00:08:06.099000,17.1,37.0,942.0,False,18.0,93,0.5,2025,22,Las Vegas Grand Prix
0 days 00:09:06.107000,17.1,37.0,942.0,False,18.1,101,0.4,2025,22,Las Vegas Grand Prix
0 days 00:10:06.115000,17.1,37.0,942.1,False,18.1,207,0.6,2025,22,Las Vegas Grand Prix
0 days 00:11:06.109000,17.1,37.0,942.0,False,18.0,0,0.5,2025,22,Las Vegas Grand Prix
0 days 00:12:06.124000,17.1,37.0,942.1,False,17.7,184,0.0,2025,22,Las Vegas Grand Prix
0 days 00:13:06.112000,17.1,37.0,942.0,False,17.7,124,0.7,2025,22,Las Vegas Grand Prix
0 days 00:14:06.116000,17.1,37.0,942.1,False,17.6,159,0.8,2025,22,Las Vegas Grand Prix
0 days 00:15:06.125000,17.1,37.0,942.0,False,17.7,0,0.0,2025,22,Las Vegas Grand Prix
0 days 00:16:06.117000,17.1,37.0,942.0,False,17.7,143,0.6,2025,22,Las Vegas Grand Prix
0 days 00:17:06.111000,17.1,37.0,942.0,False,17.7,147,0.5,2025,22,Las Vegas Grand Prix
0 days 00:18:06.115000,17.1,37.0,942.0,False,17.7,82,0.5,2025,22,Las Vegas Grand Prix
0 days 00:19:06.118000,17.1,37.0,942.0,False,17.7,107,0.6,2025,22,Las Vegas Grand Prix
0 days 00:20:06.121000,17.1,37.0,942.0,False,17.8,123,0.6,2025,22,Las Vegas Grand Prix
0 days 00:21:06.118000,17.1,37.0,942.1,False,17.7,94,1.0,2025,22,Las Vegas Grand Prix
0 days 00:22:06.112000,17.1,37.0,942.0,False,17.7,200,1.0,2025,22,Las Vegas Grand Prix
0 days 00:23:06.122000,17.1,37.0,942.0,False,17.7,189,0.4,2025,22,Las Vegas Grand Prix
0 days 00:24:06.113000,17.1,37.0,942.1,False,17.9,187,0.8,2025,22,Las Vegas Grand Prix
0 days 00:25:06.115000,17.1,36.0,942.1,False,18.5,14,0.5,2025,22,Las Vegas Grand Prix
0 days 00:26:06.116000,17.2,36.0,942.0,False,18.0,125,0.3,2025,22,Las Vegas Grand Prix
0 days 00:27:06.117000,17.2,36.0,942.0,False,23.9,181,0.7,2025,22,Las Vegas Grand Prix
0 days 00:28:06.129000,17.2,35.0,941.9,False,24.6,0,0.6,2025,22,Las Vegas Grand Prix
0 days 00:29:06.123000,17.1,36.0,941.9,False,28.2,136,0.0,2025,22,Las Vegas Grand Prix
0 days 00:30:06.116000,17.1,36.0,942.0,False,29.0,142,0.3,2025,22,Las Vegas Grand Prix
0 days 00:31:06.128000,17.1,36.0,941.9,False,29.5,110,1.1,2025,22,Las Vegas Grand Prix
0 days 00:32:06.127000,17.0,36.0,942.0,False,29.3,110,0.9,2025,22,Las Vegas Grand Prix
0 days 00:33:06.142000,17.0,37.0,941.9,False,28.7,165,0.8,2025,22,Las Vegas Grand Prix
0 days 00:34:06.169000,17.0,37.0,942.0,False,28.7,126,0.7,2025,22,Las Vegas Grand Prix
0 days 00:35:06.176000,17.0,36.0,942.0,False,29.2,224,0.7,2025,22,Las Vegas Grand Prix
0 days 00:36:06.182000,17.0,36.0,942.0,False,29.2,126,0.7,2025,22,Las Vegas Grand Prix
0 days 00:37:06.175000,17.0,37.0,942.1,False,28.2,148,0.4,2025,22,Las Vegas Grand Prix
0 days 00:38:06.184000,16.9,36.0,942.0,False,27.7,187,0.8,2025,22,Las Vegas Grand Prix
0 days 00:39:06.207000,17.0,36.0,941.9,False,27.2,130,0.7,2025,22,Las Vegas Grand Prix
0 days 00:40:06.204000,16.9,37.0,941.9,False,27.2,211,1.2,2025,22,Las Vegas Grand Prix
0 days 00:41:06.221000,16.9,36.0,942.0,False,27.2,212,1.8,2025,22,Las Vegas Grand Prix
0 days 00:42:06.208000,16.9,37.0,941.9,False,27.7,0,0.8,2025,22,Las Vegas Grand Prix
0 days 00:43:06.208000,16.9,37.0,941.9,False,28.9,250,1.2,2025,22,Las Vegas Grand Prix
0 days 00:44:06.226000,16.8,37.0,941.9,False,28.7,188,1.0,2025,22,Las Vegas Grand Prix
0 days 00:45:06.296000,16.9,36.0,941.9,False,28.3,163,1.7,2025,22,Las Vegas Grand Prix
0 days 00:46:06.271000,16.8,37.0,941.9,False,28.3,197,1.2,2025,22,Las Vegas Grand Prix
0 days 00:47:06.263000,16.8,37.0,942.0,False,28.5,153,1.2,2025,22,Las Vegas Grand Prix
0 days 00:48:06.260000,16.8,38.0,941.9,False,27.2,190,0.5,2025,22,Las Vegas Grand Prix
0 days 00:49:06.276000,16.8,37.0,941.9,False,25.3,166,0.8,2025,22,Las Vegas Grand Prix
0 days 00:50:06.272000,16.8,37.0,941.9,False,24.2,179,1.2,2025,22,Las Vegas Grand Prix
0 days 00:51:06.274000,16.8,38.0,942.0,False,24.2,163,1.1,2025,22,Las Vegas Grand Prix
0 days 00:52:06.272000,16.7,38.0,942.0,False,24.4,240,0.9,2025,22,Las Vegas Grand Prix
0 days 00:53:06.280000,16.8,37.0,942.0,False,24.7,126,1.0,2025,22,Las Vegas Grand Prix
0 days 00:54:06.276000,16.7,37.0,941.9,False,24.2,192,1.1,2025,22,Las Vegas Grand Prix
0 days 00:55:06.277000,16.7,37.0,942.0,False,25.1,166,1.6,2025,22,Las Vegas Grand Prix
0 days 00:56:06.298000,16.7,38.0,942.0,False,23.8,162,0.9,2025,22,Las Vegas Grand Prix
0 days 00:57:06.296000,16.7,37.0,942.0,False,18.5,197,1.8,2025,22,Las Vegas Grand Prix
0 days 00:58:06.290000,16.7,38.0,941.9,False,18.2,183,1.3,2025,22,Las Vegas Grand Prix
0 days 00:59:06.293000,16.8,38.0,942.0,False,18.2,208,1.9,2025,22,Las Vegas Grand Prix
0 days 01:00:06.319000,16.8,38.0,942.0,False,18.7,182,1.2,2025,22,Las Vegas Grand Prix
0 days 01:01:06.304000,16.8,37.0,941.9,False,18.7,178,1.5,2025,22,Las Vegas Grand Prix
0 days 01:02:06.329000,16.9,38.0,942.0,False,18.2,175,2.1,2025,22,Las Vegas Grand Prix
0 days 01:03:06.348000,16.9,38.0,942.0,False,18.2,189,1.6,2025,22,Las Vegas Grand Prix
0 days 01:04:06.381000,16.9,38.0,941.9,False,18.1,186,1.5,2025,22,Las Vegas Grand Prix
0 days 01:05:06.381000,16.9,38.0,941.9,False,18.0,197,2.1,2025,22,Las Vegas Grand Prix
0 days 01:06:06.383000,16.9,38.0,941.9,False,18.0,185,1.2,2025,22,Las Vegas Grand Prix
0 days 01:07:06.381000,16.8,38.0,941.9,False,17.8,187,2.1,2025,22,Las Vegas Grand Prix
0 days 01:08:06.390000,16.9,38.0,941.9,False,17.9,185,2.0,2025,22,Las Vegas Grand Prix
0 days 01:09:06.406000,16.9,38.0,941.9,False,17.9,206,1.6,2025,22,Las Vegas Grand Prix
0 days 01:10:06.416000,17.0,38.0,941.8,False,17.9,193,1.7,2025,22,Las Vegas Grand Prix
0 days 01:11:06.440000,17.0,38.0,941.8,False,17.9,180,2.2,2025,22,Las Vegas Grand Prix
0 days 01:12:06.418000,17.0,38.0,941.9,False,17.9,191,1.9,2025,22,Las Vegas Grand Prix
0 days 01:13:06.422000,17.0,38.0,942.0,False,17.8,206,1.7,2025,22,Las Vegas Grand Prix
0 days 01:14:06.411000,17.0,38.0,941.9,False,17.9,177,1.5,2025,22,Las Vegas Grand Prix
0 days 01:15:06.422000,17.0,38.0,942.0,False,17.8,185,1.5,2025,22,Las Vegas Grand Prix
0 days 01:16:06.418000,17.0,38.0,941.9,False,17.9,181,2.0,2025,22,Las Vegas Grand Prix
0 days 01:17:06.427000,17.0,37.0,941.9,False,17.8,194,1.7,2025,22,Las Vegas Grand Prix
0 days 01:18:06.437000,17.0,37.0,941.8,False,17.7,192,2.0,2025,22,Las Vegas Grand Prix
0 days 01:19:06.437000,17.0,38.0,941.8,False,17.7,197,2.3,2025,22,Las Vegas Grand Prix
0 days 01:20:06.463000,16.9,38.0,941.8,False,17.7,191,2.2,2025,22,Las Vegas Grand Prix
0 days 01:21:06.466000,16.9,38.0,941.7,False,17.7,174,1.8,2025,22,Las Vegas Grand Prix
0 days 01:22:06.466000,16.9,38.0,941.7,False,17.7,200,1.8,2025,22,Las Vegas Grand Prix
0 days 01:23:06.476000,16.9,38.0,941.7,False,17.6,201,2.1,2025,22,Las Vegas Grand Prix
0 days 01:24:06.471000,16.9,38.0,941.8,False,17.6,188,1.8,2025,22,Las Vegas Grand Prix
0 days 01:25:06.482000,16.9,38.0,941.9,False,17.6,197,1.4,2025,22,Las Vegas Grand Prix
0 days 01:26:06.473000,16.8,38.0,941.7,False,17.5,178,2.1,2025,22,Las Vegas Grand Prix
0 days 01:27:06.490000,16.7,38.0,941.8,False,17.6,209,1.2,2025,22,Las Vegas Grand Prix
0 days 01:28:06.630000,16.7,38.0,941.8,False,17.5,231,0.9,2025,22,Las Vegas Grand Prix
0 days 01:29:06.471000,16.6,38.0,941.8,False,17.5,192,1.6,2025,22,Las Vegas Grand Prix
0 days 01:30:06.474000,16.6,38.0,941.7,False,17.4,187,1.5,2025,22,Las Vegas Grand Prix
0 days 01:31:06.499000,16.6,38.0,941.7,False,17.4,212,1.9,2025,22,Las Vegas Grand Prix
0 days 01:32:06.520000,16.6,38.0,941.8,False,17.5,188,1.8,2025,22,Las Vegas Grand Prix
0 days 01:33:06.534000,16.6,38.0,941.8,False,17.4,192,2.0,2025,22,Las Vegas Grand Prix
0 days 01:34:06.532000,16.6,38.0,941.8,False,17.4,191,2.5,2025,22,Las Vegas Grand Prix
0 days 01:35:06.550000,16.6,38.0,941.8,False,17.3,187,1.4,2025,22,Las Vegas Grand Prix
0 days 01:36:06.560000,16.5,38.0,941.9,False,17.3,194,1.2,2025,22,Las Vegas Grand Prix
0 days 01:37:06.567000,16.5,38.0,941.9,False,17.3,183,2.1,2025,22,Las Vegas Grand Prix
0 days 01:38:06.626000,16.4,38.0,941.9,False,17.3,217,1.5,2025,22,Las Vegas Grand Prix
0 days 01:39:06.579000,16.4,38.0,941.8,False,17.3,207,1.5,2025,22,Las Vegas Grand Prix
0 days 01:40:06.580000,16.4,38.0,941.9,False,17.3,221,1.6,2025,22,Las Vegas Grand Prix
0 days 01:41:06.601000,16.4,38.0,941.8,False,17.3,194,1.6,2025,22,Las Vegas Grand Prix
0 days 01:42:06.618000,16.4,38.0,941.8,False,17.3,198,1.4,2025,22,Las Vegas Grand Prix
0 days 01:43:06.637000,16.4,39.0,941.8,False,17.0,178,1.8,2025,22,Las Vegas Grand Prix
0 days 01:44:06.630000,16.4,39.0,941.8,False,17.2,179,1.8,2025,22,Las Vegas Grand Prix
0 days 01:45:06.652000,16.4,39.0,941.8,False,17.2,200,1.4,2025,22,Las Vegas Grand Prix
0 days 01:46:06.678000,16.4,39.0,941.8,False,17.2,186,1.8,2025,22,Las Vegas Grand Prix
0 days 01:47:06.670000,16.3,39.0,941.7,False,17.2,183,2.0,2025,22,Las Vegas Grand Prix
0 days 01:48:06.685000,16.3,39.0,941.8,False,17.2,214,2.0,2025,22,Las Vegas Grand Prix
0 days 01:49:06.678000,16.3,39.0,941.8,False,17.2,180,2.2,2025,22,Las Vegas Grand Prix
0 days 01:50:06.679000,16.3,39.0,941.8,False,17.2,212,2.6,2025,22,Las Vegas Grand Prix
0 days 01:51:06.692000,16.3,39.0,941.7,False,17.0,194,1.7,2025,22,Las Vegas Grand Prix
0 days 01:52:06.706000,16.4,39.0,941.8,False,17.0,187,1.8,2025,22,Las Vegas Grand Prix
0 days 01:53:06.703000,16.4,39.0,941.7,False,17.2,203,2.2,2025,22,Las Vegas Grand Prix
0 days 01:54:06.718000,16.4,39.0,941.7,False,17.2,194,2.5,2025,22,Las Vegas Grand Prix
0 days 01:55:06.711000,16.3,38.0,941.7,False,17.0,190,2.1,2025,22,Las Vegas Grand Prix
0 days 01:56:06.715000,16.3,39.0,941.8,False,17.0,187,2.3,2025,22,Las Vegas Grand Prix
0 days 01:57:06.705000,16.3,39.0,941.8,False,17.0,187,2.3,2025,22,Las Vegas Grand Prix
0 days 01:58:06.718000,16.3,39.0,941.8,False,17.0,188,2.4,2025,22,Las Vegas Grand Prix
0 days 01:59:06.716000,16.3,39.0,941.7,False,17.0,184,2.5,2025,22,Las Vegas Grand Prix
0 days 02:00:06.711000,16.3,39.0,941.9,False,17.0,189,2.4,2025,22,Las Vegas Grand Prix
0 days 02:01:06.714000,16.3,39.0,941.8,False,17.0,186,2.4,2025,22,Las Vegas Grand Prix
0 days 02:02:06.741000,16.3,39.0,941.9,False,16.9,179,2.8,2025,22,Las Vegas Grand Prix
0 days 02:03:06.711000,16.3,39.0,941.9,False,16.9,179,2.8,2025,22,Las Vegas Grand Prix
0 days 02:04:06.719000,16.3,39.0,941.8,False,16.9,199,1.9,2025,22,Las Vegas Grand Prix
0 days 02:05:06.716000,16.3,39.0,941.8,False,16.9,201,2.3,2025,22,Las Vegas Grand Prix
0 days 02:06:06.702000,16.3,39.0,941.9,False,16.9,198,2.2,2025,22,Las Vegas Grand Prix
0 days 02:07:06.730000,16.3,39.0,941.9,False,16.9,191,2.1,2025,22,Las Vegas Grand Prix
0 days 02:08:06.722000,16.3,39.0,941.8,False,16.9,199,1.8,2025,22,Las Vegas Grand Prix
0 days 02:09:06.743000,16.3,39.0,941.8,False,16.8,183,1.8,2025,22,Las Vegas Grand Prix
0 days 02:10:06.715000,16.3,39.0,941.8,False,16.9,184,1.9,2025,22,Las Vegas Grand Prix
0 days 02:11:06.728000,16.3,39.0,941.8,False,16.9,187,1.4,2025,22,Las Vegas Grand Prix
0 days 02:12:06.722000,16.3,38.0,941.7,False,16.9,211,1.9,2025,22,Las Vegas Grand Prix
0 days 02:13:06.721000,16.3,38.0,941.7,False,16.9,211,1.9,2025,22,Las Vegas Grand Prix
0 days 02:14:06.723000,16.3,38.0,941.8,False,16.9,192,2.0,2025,22,Las Vegas Grand Prix
0 days 02:15:06.713000,16.3,38.0,941.8,False,16.8,205,2.2,2025,22,Las Vegas Grand Prix
0 days 02:16:06.726000,16.3,39.0,941.8,False,16.8,207,2.2,2025,22,Las Vegas Grand Prix
0 days 02:17:06.739000,16.3,39.0,941.8,False,16.8,195,2.5,2025,22,Las Vegas Grand Prix
0 days 02:18:06.729000,16.3,39.0,941.8,False,16.8,189,2.0,2025,22,Las Vegas Grand Prix
0 days 02:19:06.718000,16.3,39.0,941.8,False,16.7,213,2.5,2025,22,Las Vegas Grand Prix
0 days 02:20:06.722000,16.3,39.0,941.8,False,16.7,200,2.3,2025,22,Las Vegas Grand Prix
0 days 00:00:55.358000,23.7,65.0,1015.6,False,29.8,356,2.6,2025,23,Qatar Grand Prix
0 days 00:01:55.360000,23.6,65.0,1015.6,False,29.8,348,2.1,2025,23,Qatar Grand Prix
0 days 00:02:55.373000,23.6,65.0,1015.6,False,29.6,335,2.2,2025,23,Qatar Grand Prix
0 days 00:03:55.386000,23.6,66.0,1015.6,False,29.6,359,2.5,2025,23,Qatar Grand Prix
0 days 00:04:55.396000,23.6,65.0,1015.6,False,29.5,353,2.6,2025,23,Qatar Grand Prix
0 days 00:05:55.405000,23.6,66.0,1015.6,False,29.5,343,1.8,2025,23,Qatar Grand Prix
0 days 00:06:55.409000,23.5,66.0,1015.5,False,29.4,358,2.3,2025,23,Qatar Grand Prix
0 days 00:07:55.424000,23.5,66.0,1015.6,False,29.4,344,2.4,2025,23,Qatar Grand Prix
0 days 00:08:55.424000,23.5,66.0,1015.7,False,29.4,343,2.3,2025,23,Qatar Grand Prix
0 days 00:09:55.444000,23.5,66.0,1015.6,False,29.4,8,1.9,2025,23,Qatar Grand Prix
0 days 00:10:55.433000,23.5,66.0,1015.7,False,29.7,351,2.1,2025,23,Qatar Grand Prix
0 days 00:11:55.447000,23.5,66.0,1015.6,False,29.6,356,2.0,2025,23,Qatar Grand Prix
0 days 00:12:55.438000,23.5,66.0,1015.7,False,29.4,344,2.7,2025,23,Qatar Grand Prix
0 days 00:13:55.453000,23.4,66.0,1015.8,False,29.6,4,2.1,2025,23,Qatar Grand Prix
0 days 00:14:55.448000,23.4,66.0,1015.7,False,29.6,355,2.3,2025,23,Qatar Grand Prix
0 days 00:15:55.450000,23.4,66.0,1015.8,False,29.5,351,2.4,2025,23,Qatar Grand Prix
0 days 00:16:55.449000,23.4,66.0,1015.7,False,29.3,341,2.3,2025,23,Qatar Grand Prix
0 days 00:17:55.448000,23.4,66.0,1015.8,False,29.3,343,1.9,2025,23,Qatar Grand Prix
0 days 00:18:55.449000,23.3,66.0,1015.8,False,29.4,359,1.4,2025,23,Qatar Grand Prix
0 days 00:19:55.448000,23.4,66.0,1015.8,False,29.4,359,1.4,2025,23,Qatar Grand Prix
0 days 00:20:55.448000,23.4,66.0,1015.8,False,29.4,359,1.4,2025,23,Qatar Grand Prix
0 days 00:21:55.462000,23.4,65.0,1015.8,False,29.6,340,1.6,2025,23,Qatar Grand Prix
0 days 00:22:55.453000,23.4,65.0,1015.8,False,29.8,16,1.6,2025,23,Qatar Grand Prix
0 days 00:23:55.446000,23.4,65.0,1015.9,False,29.7,343,1.9,2025,23,Qatar Grand Prix
0 days 00:24:55.456000,23.4,65.0,1015.9,False,29.6,325,1.4,2025,23,Qatar Grand Prix
0 days 00:25:55.450000,23.3,65.0,1016.0,False,29.6,327,1.6,2025,23,Qatar Grand Prix
0 days 00:26:55.450000,23.3,65.0,1015.8,False,29.7,334,1.4,2025,23,Qatar Grand Prix
0 days 00:27:55.451000,23.3,65.0,1015.9,False,29.8,334,1.6,2025,23,Qatar Grand Prix
0 days 00:28:55.464000,23.3,65.0,1016.0,False,29.5,353,2.2,2025,23,Qatar Grand Prix
0 days 00:29:55.464000,23.3,65.0,1016.0,False,29.5,353,2.2,2025,23,Qatar Grand Prix
0 days 00:30:55.464000,23.2,66.0,1016.0,False,29.3,331,1.4,2025,23,Qatar Grand Prix
0 days 00:31:55.467000,23.2,66.0,1016.0,False,29.2,334,1.1,2025,23,Qatar Grand Prix
0 days 00:32:55.486000,23.2,66.0,1016.0,False,29.1,358,1.2,2025,23,Qatar Grand Prix
0 days 00:33:55.485000,23.1,66.0,1016.0,False,28.9,353,2.2,2025,23,Qatar Grand Prix
0 days 00:34:55.477000,23.1,66.0,1016.1,False,28.7,351,1.4,2025,23,Qatar Grand Prix
0 days 00:35:55.510000,23.1,66.0,1016.1,False,28.9,345,1.7,2025,23,Qatar Grand Prix
0 days 00:36:55.500000,23.1,66.0,1016.0,False,28.9,338,1.5,2025,23,Qatar Grand Prix
0 days 00:37:55.516000,23.0,67.0,1016.0,False,28.9,4,2.0,2025,23,Qatar Grand Prix
0 days 00:38:55.521000,23.0,67.0,1016.1,False,28.6,9,1.9,2025,23,Qatar Grand Prix
0 days 00:39:55.507000,23.0,67.0,1016.1,False,28.6,359,1.9,2025,23,Qatar Grand Prix
0 days 00:40:55.535000,23.0,67.0,1016.1,False,28.6,335,1.8,2025,23,Qatar Grand Prix
0 days 00:41:55.544000,23.0,67.0,1016.1,False,28.6,336,1.8,2025,23,Qatar Grand Prix
0 days 00:42:55.531000,23.0,67.0,1016.1,False,28.7,9,1.8,2025,23,Qatar Grand Prix
0 days 00:43:55.533000,22.9,67.0,1016.0,False,28.7,348,1.9,2025,23,Qatar Grand Prix
0 days 00:44:55.558000,22.9,67.0,1016.0,False,29.1,348,2.0,2025,23,Qatar Grand Prix
0 days 00:45:55.573000,22.9,67.0,1016.1,False,28.5,359,1.6,2025,23,Qatar Grand Prix
0 days 00:46:55.584000,22.9,67.0,1016.0,False,28.5,355,1.5,2025,23,Qatar Grand Prix
0 days 00:47:55.578000,22.9,67.0,1016.0,False,28.5,344,1.8,2025,23,Qatar Grand Prix
0 days 00:48:55.564000,22.9,68.0,1016.2,False,28.5,351,1.5,2025,23,Qatar Grand Prix
0 days 00:49:55.571000,22.8,68.0,1016.1,False,28.4,352,1.6,2025,23,Qatar Grand Prix
0 days 00:50:55.570000,22.8,67.0,1016.1,False,28.5,347,1.7,2025,23,Qatar Grand Prix
0 days 00:51:55.632000,22.8,68.0,1016.1,False,28.7,4,1.3,2025,23,Qatar Grand Prix
0 days 00:52:55.652000,22.8,67.0,1016.0,False,28.5,353,1.3,2025,23,Qatar Grand Prix
0 days 00:53:55.653000,22.8,68.0,1016.1,False,28.6,337,1.2,2025,23,Qatar Grand Prix
0 days 00:54:55.653000,22.7,68.0,1016.1,False,28.6,354,1.3,2025,23,Qatar Grand Prix
0 days 00:55:55.670000,22.7,68.0,1016.0,False,28.6,337,1.0,2025,23,Qatar Grand Prix
0 days 00:56:55.685000,22.7,68.0,1016.1,False,28.3,342,1.8,2025,23,Qatar Grand Prix
0 days 00:57:55.700000,22.7,68.0,1016.1,False,28.3,343,1.3,2025,23,Qatar Grand Prix
0 days 00:58:55.733000,22.7,68.0,1016.0,False,28.5,345,1.3,2025,23,Qatar Grand Prix
0 days 00:59:55.733000,22.6,68.0,1016.1,False,28.6,348,1.6,2025,23,Qatar Grand Prix
0 days 01:00:55.743000,22.6,69.0,1016.1,False,28.5,343,1.6,2025,23,Qatar Grand Prix
0 days 01:01:55.734000,22.7,69.0,1016.1,False,28.4,332,1.4,2025,23,Qatar Grand Prix
0 days 01:02:55.740000,22.7,69.0,1016.2,False,28.3,342,1.3,2025,23,Qatar Grand Prix
0 days 01:03:55.756000,22.7,69.0,1016.2,False,28.1,155,1.4,2025,23,Qatar Grand Prix
0 days 01:04:55.756000,22.7,69.0,1016.1,False,28.3,331,1.5,2025,23,Qatar Grand Prix
0 days 01:05:55.758000,22.7,69.0,1016.1,False,28.4,329,1.2,2025,23,Qatar Grand Prix
0 days 01:06:55.762000,22.7,68.0,1016.1,False,28.5,202,0.6,2025,23,Qatar Grand Prix
0 days 01:07:55.760000,22.7,68.0,1016.2,False,28.4,11,0.6,2025,23,Qatar Grand Prix
0 days 01:08:55.764000,22.7,68.0,1016.2,False,28.4,301,0.6,2025,23,Qatar Grand Prix
0 days 01:09:55.779000,22.7,68.0,1016.1,False,28.4,276,1.2,2025,23,Qatar Grand Prix
0 days 01:10:55.791000,22.7,68.0,1016.1,False,28.4,0,0.0,2025,23,Qatar Grand Prix
0 days 01:11:55.800000,22.7,68.0,1016.2,False,28.3,352,0.0,2025,23,Qatar Grand Prix
0 days 01:12:55.799000,22.6,68.0,1016.2,False,28.2,331,0.3,2025,23,Qatar Grand Prix
0 days 01:13:55.799000,22.6,68.0,1016.1,False,28.1,113,0.9,2025,23,Qatar Grand Prix
0 days 01:14:55.799000,22.6,68.0,1016.2,False,28.2,9,0.8,2025,23,Qatar Grand Prix
0 days 01:15:55.802000,22.6,68.0,1016.2,False,28.2,359,0.7,2025,23,Qatar Grand Prix
0 days 01:16:55.825000,22.5,69.0,1016.1,False,28.0,327,0.8,2025,23,Qatar Grand Prix
0 days 01:17:55.831000,22.5,69.0,1016.1,False,27.9,348,0.9,2025,23,Qatar Grand Prix
0 days 01:18:55.840000,22.5,69.0,1016.2,False,28.0,7,1.5,2025,23,Qatar Grand Prix
0 days 01:19:55.857000,22.5,69.0,1016.1,False,28.0,211,1.0,2025,23,Qatar Grand Prix
0 days 01:20:55.876000,22.5,69.0,1016.1,False,28.0,306,1.1,2025,23,Qatar Grand Prix
0 days 01:21:55.888000,22.5,69.0,1016.0,False,27.9,0,1.3,2025,23,Qatar Grand Prix
0 days 01:22:55.890000,22.5,69.0,1016.1,False,28.0,242,0.3,2025,23,Qatar Grand Prix
0 days 01:23:55.890000,22.5,69.0,1016.1,False,28.0,31,1.3,2025,23,Qatar Grand Prix
0 days 01:24:55.890000,22.5,69.0,1016.1,False,28.1,79,1.6,2025,23,Qatar Grand Prix
0 days 01:25:55.888000,22.5,69.0,1016.2,False,27.8,331,0.6,2025,23,Qatar Grand Prix
0 days 01:26:55.879000,22.5,70.0,1016.2,False,27.7,358,0.6,2025,23,Qatar Grand Prix
0 days 01:27:55.888000,22.4,70.0,1016.2,False,27.9,0,1.1,2025,23,Qatar Grand Prix
0 days 01:28:55.880000,22.5,70.0,1016.3,False,28.0,25,0.6,2025,23,Qatar Grand Prix
0 days 01:29:55.881000,22.5,69.0,1016.2,False,27.9,29,0.8,2025,23,Qatar Grand Prix
0 days 01:30:55.899000,22.5,70.0,1016.3,False,27.9,342,1.1,2025,23,Qatar Grand Prix
0 days 01:31:55.943000,22.5,70.0,1016.2,False,27.8,8,1.4,2025,23,Qatar Grand Prix
0 days 01:32:55.881000,22.5,70.0,1016.2,False,27.8,25,1.5,2025,23,Qatar Grand Prix
0 days 01:33:55.897000,22.4,71.0,1016.2,False,27.8,0,0.5,2025,23,Qatar Grand Prix
0 days 01:34:55.896000,22.4,71.0,1016.2,False,27.8,305,0.6,2025,23,Qatar Grand Prix
0 days 01:35:55.891000,22.4,71.0,1016.3,False,27.7,0,1.2,2025,23,Qatar Grand Prix
0 days 01:36:55.894000,22.3,71.0,1016.2,False,27.7,354,1.0,2025,23,Qatar Grand Prix
0 days 01:37:55.910000,22.3,71.0,1016.2,False,27.6,43,0.9,2025,23,Qatar Grand Prix
0 days 01:38:55.895000,22.3,71.0,1016.2,False,27.6,318,1.1,2025,23,Qatar Grand Prix
0 days 01:39:55.911000,22.3,71.0,1016.2,False,27.6,214,1.2,2025,23,Qatar Grand Prix
0 days 01:40:55.902000,22.2,71.0,1016.2,False,27.6,177,1.0,2025,23,Qatar Grand Prix
0 days 01:41:55.896000,22.2,71.0,1016.2,False,27.6,5,0.6,2025,23,Qatar Grand Prix
0 days 01:42:55.908000,22.2,71.0,1016.3,False,27.7,113,1.2,2025,23,Qatar Grand Prix
0 days 01:43:55.914000,22.2,71.0,1016.2,False,27.6,157,0.8,2025,23,Qatar Grand Prix
0 days 01:44:55.898000,22.2,71.0,1016.2,False,27.6,0,0.8,2025,23,Qatar Grand Prix
0 days 01:45:55.914000,22.2,71.0,1016.2,False,27.7,236,0.5,2025,23,Qatar Grand Prix
0 days 01:46:55.914000,22.3,71.0,1016.2,False,27.9,230,0.6,2025,23,Qatar Grand Prix
0 days 01:47:55.915000,22.2,71.0,1016.1,False,27.8,45,1.1,2025,23,Qatar Grand Prix
0 days 01:48:55.906000,22.2,71.0,1016.2,False,27.4,38,0.8,2025,23,Qatar Grand Prix
0 days 01:49:55.907000,22.2,71.0,1016.2,False,27.4,182,0.6,2025,23,Qatar Grand Prix
0 days 01:50:55.904000,22.2,71.0,1016.2,False,27.4,342,0.3,2025,23,Qatar Grand Prix
0 days 01:51:55.920000,22.2,71.0,1016.2,False,27.4,132,0.6,2025,23,Qatar Grand Prix
0 days 01:52:55.906000,22.1,71.0,1016.3,False,27.6,272,0.3,2025,23,Qatar Grand Prix
0 days 01:53:55.916000,22.1,71.0,1016.2,False,27.8,205,0.4,2025,23,Qatar Grand Prix
0 days 01:54:55.938000,22.1,71.0,1016.3,False,27.8,246,0.6,2025,23,Qatar Grand Prix
0 days 01:55:55.936000,22.1,71.0,1016.2,False,27.6,308,0.7,2025,23,Qatar Grand Prix
0 days 01:56:55.928000,22.1,71.0,1016.2,False,27.4,11,0.9,2025,23,Qatar Grand Prix
0 days 01:57:55.960000,22.1,71.0,1016.3,False,27.4,0,0.7,2025,23,Qatar Grand Prix
0 days 01:58:55.948000,22.1,72.0,1016.2,False,27.4,39,0.5,2025,23,Qatar Grand Prix
0 days 01:59:55.963000,22.0,72.0,1016.2,False,27.3,176,0.7,2025,23,Qatar Grand Prix
0 days 02:00:55.968000,22.0,72.0,1016.2,False,27.3,35,1.0,2025,23,Qatar Grand Prix
0 days 02:01:55.965000,22.0,72.0,1016.3,False,27.3,339,1.1,2025,23,Qatar Grand Prix
0 days 02:02:55.984000,22.0,72.0,1016.3,False,27.1,63,0.7,2025,23,Qatar Grand Prix
0 days 02:03:55.964000,22.0,72.0,1016.2,False,27.4,21,0.0,2025,23,Qatar Grand Prix
0 days 02:04:55.977000,22.0,72.0,1016.3,False,27.4,346,1.7,2025,23,Qatar Grand Prix
0 days 02:05:55.980000,22.0,72.0,1016.3,False,27.3,23,1.0,2025,23,Qatar Grand Prix
0 days 02:06:55.980000,21.9,72.0,1016.3,False,27.3,18,1.4,2025,23,Qatar Grand Prix
0 days 02:07:55.983000,21.9,73.0,1016.3,False,27.2,15,1.3,2025,23,Qatar Grand Prix
0 days 02:08:55.982000,21.9,73.0,1016.2,False,27.1,8,1.3,2025,23,Qatar Grand Prix
0 days 02:09:55.998000,21.9,73.0,1016.3,False,27.2,20,1.1,2025,23,Qatar Grand Prix
0 days 02:10:56.029000,21.9,73.0,1016.4,False,27.1,269,0.6,2025,23,Qatar Grand Prix
0 days 02:11:56.027000,21.9,73.0,1016.3,False,27.1,10,0.6,2025,23,Qatar Grand Prix
0 days 02:12:56.019000,21.8,73.0,1016.4,False,27.0,45,0.8,2025,23,Qatar Grand Prix
0 days 02:13:56.035000,21.8,73.0,1016.4,False,27.1,304,1.3,2025,23,Qatar Grand Prix
0 days 02:14:56.066000,21.8,73.0,1016.4,False,27.0,327,0.6,2025,23,Qatar Grand Prix
0 days 02:15:56.052000,21.7,73.0,1016.3,False,27.0,240,0.9,2025,23,Qatar Grand Prix
0 days 02:16:56.057000,21.7,73.0,1016.3,False,27.1,3,1.2,2025,23,Qatar Grand Prix
0 days 02:17:56.054000,21.7,73.0,1016.4,False,27.1,290,0.7,2025,23,Qatar Grand Prix
0 days 02:18:56.054000,21.7,73.0,1016.4,False,27.0,20,0.8,2025,23,Qatar Grand Prix
0 days 02:19:56.068000,21.7,73.0,1016.3,False,26.8,1,1.1,2025,23,Qatar Grand Prix
0 days 02:20:56.069000,21.6,74.0,1016.3,False,26.9,0,0.9,2025,23,Qatar Grand Prix
0 days 02:21:56.069000,21.6,73.0,1016.3,False,26.9,325,0.9,2025,23,Qatar Grand Prix
0 days 02:22:56.074000,21.6,73.0,1016.4,False,26.9,8,1.1,2025,23,Qatar Grand Prix
0 days 02:23:56.059000,21.6,73.0,1016.4,False,26.5,37,1.4,2025,23,Qatar Grand Prix
0 days 02:24:56.069000,21.6,74.0,1016.3,False,25.2,92,0.7,2025,23,Qatar Grand Prix
0 days 02:25:56.072000,21.6,74.0,1016.3,False,25.2,92,0.7,2025,23,Qatar Grand Prix
0 days 02:26:56.074000,21.6,74.0,1016.3,False,25.2,92,0.7,2025,23,Qatar Grand Prix
0 days 02:27:56.069000,21.6,74.0,1016.3,False,25.2,92,0.7,2025,23,Qatar Grand Prix
0 days 02:28:56.070000,21.6,74.0,1016.3,False,25.2,92,0.7,2025,23,Qatar Grand Prix
0 days 00:01:00.108000,27.4,55.0,1016.4,False,34.6,67,3.0,2025,24,Abu Dhabi Grand Prix
0 days 00:02:00.124000,27.4,54.0,1016.4,False,34.4,290,2.4,2025,24,Abu Dhabi Grand Prix
0 days 00:03:00.131000,27.5,54.0,1016.3,False,34.4,286,1.4,2025,24,Abu Dhabi Grand Prix
0 days 00:04:00.144000,27.5,54.0,1016.5,False,34.2,350,2.6,2025,24,Abu Dhabi Grand Prix
0 days 00:05:00.164000,27.5,55.0,1016.4,False,34.0,327,3.2,2025,24,Abu Dhabi Grand Prix
0 days 00:06:00.167000,27.5,54.0,1016.4,False,34.2,299,2.2,2025,24,Abu Dhabi Grand Prix
0 days 00:07:00.182000,27.4,55.0,1016.3,False,34.4,166,1.6,2025,24,Abu Dhabi Grand Prix
0 days 00:08:00.202000,27.4,54.0,1016.5,False,34.5,340,0.7,2025,24,Abu Dhabi Grand Prix
0 days 00:09:00.207000,27.4,54.0,1016.5,False,34.5,320,1.1,2025,24,Abu Dhabi Grand Prix
0 days 00:10:00.222000,27.5,54.0,1016.5,False,34.3,308,2.0,2025,24,Abu Dhabi Grand Prix
0 days 00:11:00.221000,27.5,53.0,1016.3,False,34.1,302,1.4,2025,24,Abu Dhabi Grand Prix
0 days 00:12:00.223000,27.4,54.0,1016.4,False,34.1,340,1.7,2025,24,Abu Dhabi Grand Prix
0 days 00:13:00.224000,27.4,54.0,1016.3,False,34.3,318,2.2,2025,24,Abu Dhabi Grand Prix
0 days 00:14:00.222000,27.4,54.0,1016.4,False,34.0,306,2.1,2025,24,Abu Dhabi Grand Prix
0 days 00:15:00.223000,27.4,54.0,1016.4,False,33.8,296,2.5,2025,24,Abu Dhabi Grand Prix
0 days 00:16:00.235000,27.4,54.0,1016.4,False,34.0,103,2.0,2025,24,Abu Dhabi Grand Prix
0 days 00:17:00.236000,27.4,55.0,1016.4,False,34.0,90,1.3,2025,24,Abu Dhabi Grand Prix
0 days 00:18:00.256000,27.4,54.0,1016.4,False,33.8,102,1.4,2025,24,Abu Dhabi Grand Prix
0 days 00:19:00.264000,27.5,55.0,1016.4,False,33.8,304,0.9,2025,24,Abu Dhabi Grand Prix
0 days 00:20:00.263000,27.4,54.0,1016.3,False,33.5,224,1.2,2025,24,Abu Dhabi Grand Prix
0 days 00:21:00.267000,27.4,54.0,1016.4,False,33.1,345,1.2,2025,24,Abu Dhabi Grand Prix
0 days 00:22:00.258000,27.4,54.0,1016.4,False,32.9,89,2.0,2025,24,Abu Dhabi Grand Prix
0 days 00:23:00.266000,27.4,54.0,1016.4,False,32.8,333,0.9,2025,24,Abu Dhabi Grand Prix
0 days 00:24:00.267000,27.4,55.0,1016.4,False,32.8,199,1.5,2025,24,Abu Dhabi Grand Prix
0 days 00:25:00.269000,27.4,55.0,1016.2,False,32.7,348,0.3,2025,24,Abu Dhabi Grand Prix
0 days 00:26:00.268000,27.4,55.0,1016.4,False,32.4,67,1.9,2025,24,Abu Dhabi Grand Prix
0 days 00:27:00.267000,27.3,55.0,1016.4,False,32.0,342,1.0,2025,24,Abu Dhabi Grand Prix
0 days 00:28:00.253000,27.3,55.0,1016.5,False,32.4,86,1.7,2025,24,Abu Dhabi Grand Prix
0 days 00:29:00.267000,27.3,56.0,1016.5,False,32.4,295,2.5,2025,24,Abu Dhabi Grand Prix
0 days 00:30:00.258000,27.3,56.0,1016.5,False,32.4,296,1.5,2025,24,Abu Dhabi Grand Prix
0 days 00:31:00.268000,27.2,56.0,1016.5,False,32.3,170,0.8,2025,24,Abu Dhabi Grand Prix
0 days 00:32:00.288000,27.2,56.0,1016.5,False,32.4,333,0.9,2025,24,Abu Dhabi Grand Prix
0 days 00:33:00.288000,27.3,55.0,1016.5,False,32.4,347,1.1,2025,24,Abu Dhabi Grand Prix
0 days 00:34:00.289000,27.3,55.0,1016.5,False,31.9,125,1.0,2025,24,Abu Dhabi Grand Prix
0 days 00:35:00.306000,27.2,54.0,1016.5,False,31.8,0,1.1,2025,24,Abu Dhabi Grand Prix
0 days 00:36:00.322000,27.2,55.0,1016.5,False,31.8,348,1.3,2025,24,Abu Dhabi Grand Prix
0 days 00:37:00.320000,27.1,56.0,1016.5,False,31.8,299,2.5,2025,24,Abu Dhabi Grand Prix
0 days 00:38:00.320000,27.1,56.0,1016.5,False,31.8,25,1.4,2025,24,Abu Dhabi Grand Prix
0 days 00:39:00.329000,27.1,55.0,1016.5,False,32.0,85,0.8,2025,24,Abu Dhabi Grand Prix
0 days 00:40:00.342000,27.1,55.0,1016.5,False,32.0,101,0.9,2025,24,Abu Dhabi Grand Prix
0 days 00:41:00.342000,27.1,56.0,1016.5,False,32.0,0,1.1,2025,24,Abu Dhabi Grand Prix
0 days 00:42:00.357000,27.1,56.0,1016.5,False,31.8,97,0.8,2025,24,Abu Dhabi Grand Prix
0 days 00:43:00.361000,27.1,55.0,1016.5,False,31.7,101,1.1,2025,24,Abu Dhabi Grand Prix
0 days 00:44:00.382000,27.2,55.0,1016.5,False,31.6,161,0.5,2025,24,Abu Dhabi Grand Prix
0 days 00:45:00.397000,27.2,55.0,1016.5,False,31.4,107,0.6,2025,24,Abu Dhabi Grand Prix
0 days 00:46:00.389000,27.2,56.0,1016.5,False,31.4,62,0.9,2025,24,Abu Dhabi Grand Prix
0 days 00:47:00.384000,27.2,55.0,1016.5,False,31.0,114,1.0,2025,24,Abu Dhabi Grand Prix
0 days 00:48:00.401000,27.1,56.0,1016.4,False,31.0,351,2.3,2025,24,Abu Dhabi Grand Prix
0 days 00:49:00.415000,27.1,56.0,1016.5,False,30.3,336,2.0,2025,24,Abu Dhabi Grand Prix
0 days 00:50:00.400000,27.1,57.0,1016.4,False,30.8,352,1.8,2025,24,Abu Dhabi Grand Prix
0 days 00:51:00.403000,27.1,57.0,1016.4,False,30.3,286,2.4,2025,24,Abu Dhabi Grand Prix
0 days 00:52:00.419000,27.0,58.0,1016.5,False,31.3,326,1.8,2025,24,Abu Dhabi Grand Prix
0 days 00:53:00.427000,27.0,57.0,1016.4,False,31.8,0,1.5,2025,24,Abu Dhabi Grand Prix
0 days 00:54:00.420000,27.0,58.0,1016.4,False,31.8,336,1.1,2025,24,Abu Dhabi Grand Prix
0 days 00:55:00.420000,26.9,58.0,1016.5,False,31.6,0,0.9,2025,24,Abu Dhabi Grand Prix
0 days 00:56:00.424000,26.9,58.0,1016.5,False,31.3,68,1.4,2025,24,Abu Dhabi Grand Prix
0 days 00:57:00.422000,26.9,59.0,1016.5,False,31.2,292,1.4,2025,24,Abu Dhabi Grand Prix
0 days 00:58:00.423000,26.8,59.0,1016.5,False,31.3,10,1.7,2025,24,Abu Dhabi Grand Prix
0 days 00:59:00.421000,26.8,60.0,1016.5,False,31.4,328,2.9,2025,24,Abu Dhabi Grand Prix
0 days 01:00:00.425000,26.8,60.0,1016.5,False,31.4,310,2.3,2025,24,Abu Dhabi Grand Prix
0 days 01:01:00.424000,26.8,60.0,1016.4,False,31.5,299,2.3,2025,24,Abu Dhabi Grand Prix
0 days 01:02:00.429000,26.8,60.0,1016.5,False,31.5,306,1.2,2025,24,Abu Dhabi Grand Prix
0 days 01:03:00.427000,26.8,60.0,1016.5,False,31.4,308,2.0,2025,24,Abu Dhabi Grand Prix
0 days 01:04:00.428000,26.8,61.0,1016.5,False,31.2,337,2.5,2025,24,Abu Dhabi Grand Prix
0 days 01:05:00.424000,26.8,61.0,1016.5,False,31.3,284,2.9,2025,24,Abu Dhabi Grand Prix
0 days 01:06:00.429000,26.8,61.0,1016.5,False,31.4,310,2.6,2025,24,Abu Dhabi Grand Prix
0 days 01:07:00.430000,26.7,61.0,1016.5,False,31.4,284,3.1,2025,24,Abu Dhabi Grand Prix
0 days 01:08:00.432000,26.7,61.0,1016.6,False,31.5,304,2.2,2025,24,Abu Dhabi Grand Prix
0 days 01:09:00.448000,26.7,61.0,1016.6,False,31.5,288,1.7,2025,24,Abu Dhabi Grand Prix
0 days 01:10:00.429000,26.7,61.0,1016.5,False,31.3,310,2.6,2025,24,Abu Dhabi Grand Prix
0 days 01:11:00.438000,26.7,61.0,1016.6,False,31.4,308,1.8,2025,24,Abu Dhabi Grand Prix
0 days 01:12:00.432000,26.7,61.0,1016.5,False,31.4,278,1.8,2025,24,Abu Dhabi Grand Prix
0 days 01:13:00.437000,26.7,61.0,1016.5,False,31.3,298,2.1,2025,24,Abu Dhabi Grand Prix
0 days 01:14:00.435000,26.7,61.0,1016.5,False,31.3,275,2.2,2025,24,Abu Dhabi Grand Prix
0 days 01:15:00.441000,26.7,62.0,1016.7,False,31.3,290,0.8,2025,24,Abu Dhabi Grand Prix
0 days 01:16:00.439000,26.7,62.0,1016.6,False,31.0,356,1.4,2025,24,Abu Dhabi Grand Prix
0 days 01:17:00.439000,26.7,62.0,1016.6,False,31.2,329,2.4,2025,24,Abu Dhabi Grand Prix
0 days 01:18:00.446000,26.7,62.0,1016.6,False,31.2,291,1.9,2025,24,Abu Dhabi Grand Prix
0 days 01:19:00.432000,26.6,62.0,1016.6,False,31.1,102,1.8,2025,24,Abu Dhabi Grand Prix
0 days 01:20:00.440000,26.6,62.0,1016.5,False,31.1,0,1.2,2025,24,Abu Dhabi Grand Prix
0 days 01:21:00.442000,26.6,62.0,1016.6,False,30.8,294,0.8,2025,24,Abu Dhabi Grand Prix
0 days 01:22:00.462000,26.5,62.0,1016.6,False,30.9,11,2.4,2025,24,Abu Dhabi Grand Prix
0 days 01:23:00.464000,26.5,62.0,1016.7,False,30.9,327,2.0,2025,24,Abu Dhabi Grand Prix
0 days 01:24:00.477000,26.5,63.0,1016.6,False,30.6,295,2.5,2025,24,Abu Dhabi Grand Prix
0 days 01:25:00.494000,26.5,62.0,1016.6,False,30.6,299,2.1,2025,24,Abu Dhabi Grand Prix
0 days 01:26:00.512000,26.5,63.0,1016.7,False,30.7,307,1.8,2025,24,Abu Dhabi Grand Prix
0 days 01:27:00.506000,26.5,63.0,1016.7,False,30.5,282,2.1,2025,24,Abu Dhabi Grand Prix
0 days 01:28:00.530000,26.4,63.0,1016.7,False,30.5,332,1.2,2025,24,Abu Dhabi Grand Prix
0 days 01:29:00.528000,26.4,63.0,1016.7,False,30.5,329,0.7,2025,24,Abu Dhabi Grand Prix
0 days 01:30:00.549000,26.4,63.0,1016.8,False,30.3,273,2.0,2025,24,Abu Dhabi Grand Prix
0 days 01:31:00.543000,26.4,63.0,1016.7,False,30.4,0,1.8,2025,24,Abu Dhabi Grand Prix
0 days 01:32:00.565000,26.4,64.0,1016.7,False,30.6,316,2.6,2025,24,Abu Dhabi Grand Prix
0 days 01:33:00.560000,26.4,64.0,1016.8,False,30.4,334,2.4,2025,24,Abu Dhabi Grand Prix
0 days 01:34:00.558000,26.4,64.0,1016.8,False,30.2,320,2.0,2025,24,Abu Dhabi Grand Prix
0 days 01:35:00.566000,26.4,64.0,1016.8,False,30.3,302,1.8,2025,24,Abu Dhabi Grand Prix
0 days 01:36:00.572000,26.3,64.0,1016.8,False,30.2,7,1.6,2025,24,Abu Dhabi Grand Prix
0 days 01:37:00.588000,26.3,64.0,1016.8,False,30.2,48,1.1,2025,24,Abu Dhabi Grand Prix
0 days 01:38:00.577000,26.3,64.0,1016.9,False,30.2,291,1.2,2025,24,Abu Dhabi Grand Prix
0 days 01:39:00.586000,26.3,64.0,1016.9,False,30.1,18,1.2,2025,24,Abu Dhabi Grand Prix
0 days 01:40:00.571000,26.3,64.0,1016.9,False,30.3,317,2.4,2025,24,Abu Dhabi Grand Prix
0 days 01:41:00.587000,26.3,64.0,1016.9,False,30.3,298,1.9,2025,24,Abu Dhabi Grand Prix
0 days 01:42:00.587000,26.3,64.0,1016.9,False,29.9,290,1.9,2025,24,Abu Dhabi Grand Prix
0 days 01:43:00.590000,26.3,64.0,1017.0,False,30.1,303,1.9,2025,24,Abu Dhabi Grand Prix
0 days 01:44:00.589000,26.3,64.0,1016.9,False,30.1,310,1.7,2025,24,Abu Dhabi Grand Prix
0 days 01:45:00.589000,26.3,64.0,1017.0,False,29.8,298,2.5,2025,24,Abu Dhabi Grand Prix
0 days 01:46:00.589000,26.3,64.0,1016.9,False,29.9,286,2.1,2025,24,Abu Dhabi Grand Prix
0 days 01:47:00.588000,26.2,64.0,1016.9,False,30.0,334,1.0,2025,24,Abu Dhabi Grand Prix
0 days 01:48:00.594000,26.2,63.0,1017.0,False,30.0,307,2.4,2025,24,Abu Dhabi Grand Prix
0 days 01:49:00.592000,26.2,64.0,1016.9,False,30.0,323,1.9,2025,24,Abu Dhabi Grand Prix
0 days 01:50:00.589000,26.2,64.0,1017.0,False,30.1,291,2.4,2025,24,Abu Dhabi Grand Prix
0 days 01:51:00.589000,26.2,64.0,1017.0,False,29.8,303,2.4,2025,24,Abu Dhabi Grand Prix
0 days 01:52:00.590000,26.2,64.0,1017.1,False,29.8,326,1.8,2025,24,Abu Dhabi Grand Prix
0 days 01:53:00.618000,26.2,64.0,1017.0,False,29.7,229,1.7,2025,24,Abu Dhabi Grand Prix
0 days 01:54:00.615000,26.2,64.0,1017.1,False,29.7,303,0.8,2025,24,Abu Dhabi Grand Prix
0 days 01:55:00.618000,26.2,64.0,1017.0,False,29.7,358,1.2,2025,24,Abu Dhabi Grand Prix
0 days 01:56:00.632000,26.2,64.0,1017.0,False,29.8,302,1.6,2025,24,Abu Dhabi Grand Prix
0 days 01:57:00.650000,26.2,64.0,1017.0,False,29.6,334,2.3,2025,24,Abu Dhabi Grand Prix
0 days 01:58:00.651000,26.2,64.0,1017.0,False,29.6,325,1.2,2025,24,Abu Dhabi Grand Prix
0 days 01:59:00.665000,26.1,64.0,1017.0,False,29.6,322,1.0,2025,24,Abu Dhabi Grand Prix
0 days 02:00:00.670000,26.1,64.0,1017.0,False,29.5,78,1.1,2025,24,Abu Dhabi Grand Prix
0 days 02:01:00.692000,26.1,64.0,1017.0,False,29.5,13,1.2,2025,24,Abu Dhabi Grand Prix
0 days 02:02:00.692000,26.1,64.0,1017.0,False,29.5,286,1.6,2025,24,Abu Dhabi Grand Prix
0 days 02:03:00.692000,26.1,64.0,1017.0,False,29.4,0,0.8,2025,24,Abu Dhabi Grand Prix
0 days 02:04:00.708000,26.1,64.0,1017.0,False,29.6,337,1.1,2025,24,Abu Dhabi Grand Prix
0 days 02:05:00.713000,26.1,64.0,1017.1,False,29.7,112,1.1,2025,24,Abu Dhabi Grand Prix
0 days 02:06:00.738000,26.1,64.0,1017.1,False,29.7,0,0.8,2025,24,Abu Dhabi Grand Prix
0 days 02:07:00.743000,26.1,64.0,1017.1,False,29.7,295,1.4,2025,24,Abu Dhabi Grand Prix
0 days 02:08:00.741000,26.2,64.0,1017.1,False,29.5,290,1.2,2025,24,Abu Dhabi Grand Prix
0 days 02:09:00.726000,26.1,64.0,1017.1,False,29.5,104,1.2,2025,24,Abu Dhabi Grand Prix
0 days 02:10:00.734000,26.1,64.0,1017.1,False,29.5,101,0.8,2025,24,Abu Dhabi Grand Prix
0 days 02:11:00.742000,26.1,65.0,1017.1,False,29.5,261,1.2,2025,24,Abu Dhabi Grand Prix
0 days 02:12:00.746000,26.1,65.0,1017.1,False,29.4,85,0.9,2025,24,Abu Dhabi Grand Prix
0 days 02:13:00.740000,26.1,65.0,1017.2,False,29.4,339,0.9,2025,24,Abu Dhabi Grand Prix
0 days 02:14:00.746000,26.1,65.0,1017.1,False,29.3,140,1.2,2025,24,Abu Dhabi Grand Prix
0 days 02:15:00.746000,26.1,65.0,1017.2,False,29.3,238,1.3,2025,24,Abu Dhabi Grand Prix
0 days 02:16:00.749000,26.1,65.0,1017.2,False,29.3,134,1.0,2025,24,Abu Dhabi Grand Prix
0 days 02:17:00.747000,26.1,65.0,1017.2,False,29.5,115,1.1,2025,24,Abu Dhabi Grand Prix
0 days 02:18:00.971000,26.1,65.0,1017.2,False,29.4,125,1.3,2025,24,Abu Dhabi Grand Prix
0 days 02:19:00.778000,26.1,65.0,1017.2,False,29.6,356,1.1,2025,24,Abu Dhabi Grand Prix
0 days 02:20:00.784000,26.1,66.0,1017.2,False,29.4,287,1.3,2025,24,Abu Dhabi Grand Prix
0 days 02:21:00.801000,26.1,66.0,1017.2,False,29.3,107,1.3,2025,24,Abu Dhabi Grand Prix
0 days 02:22:00.793000,26.1,66.0,1017.1,False,29.3,166,0.7,2025,24,Abu Dhabi Grand Prix
0 days 02:23:00.801000,26.0,66.0,1017.3,False,29.3,298,0.9,2025,24,Abu Dhabi Grand Prix
0 days 02:24:00.831000,26.0,65.0,1017.2,False,29.0,93,1.4,2025,24,Abu Dhabi Grand Prix
0 days 02:25:00.844000,26.0,66.0,1017.3,False,29.0,0,0.8,2025,24,Abu Dhabi Grand Prix
0 days 02:26:00.848000,26.0,66.0,1017.3,False,28.9,104,0.8,2025,24,Abu Dhabi Grand Prix
0 days 02:27:00.849000,26.0,66.0,1017.3,False,28.8,94,1.5,2025,24,Abu Dhabi Grand Prix
0 days 02:28:00.849000,26.0,66.0,1017.3,False,29.0,107,0.7,2025,24,Abu Dhabi Grand Prix
0 days 02:29:00.857000,26.0,66.0,1017.3,False,28.9,74,1.6,2025,24,Abu Dhabi Grand Prix
0 days 02:30:00.883000,26.0,66.0,1017.4,False,28.7,88,1.7,2025,24,Abu Dhabi Grand Prix
0 days 02:31:00.881000,26.0,66.0,1017.3,False,28.9,128,1.4,2025,24,Abu Dhabi Grand Prix
0 days 02:32:00.887000,25.9,66.0,1017.4,False,28.9,101,0.6,2025,24,Abu Dhabi Grand Prix
0 days 02:33:00.886000,25.9,66.0,1017.4,False,29.0,104,1.2,2025,24,Abu Dhabi Grand Prix
0 days 02:34:00.886000,25.9,66.0,1017.3,False,28.9,84,1.5,2025,24,Abu Dhabi Grand Prix
